2025-09-23 00:00:00,593 [ERROR] LogOutputStream:75 - [STDERR_REDIRECT] [Fatal Error] :1:1: Premature end of file.
2025-09-23 00:00:00,622 [ERROR] LogOutputStream:75 - [STDERR_REDIRECT] 
2025-09-23 00:00:01,594 [ERROR] LogOutputStream:75 - [STDERR_REDIRECT] [Fatal Error] :1:1: Premature end of file.
2025-09-23 00:00:01,594 [ERROR] LogOutputStream:75 - [STDERR_REDIRECT] 
2025-09-23 00:00:02,595 [ERROR] LogOutputStream:75 - [STDERR_REDIRECT] [Fatal Error] :1:1: Premature end of file.
2025-09-23 00:00:02,595 [ERROR] LogOutputStream:75 - [STDERR_REDIRECT] 
2025-09-23 00:00:03,595 [ERROR] LogOutputStream:75 - [STDERR_REDIRECT] [Fatal Error] :1:1: Premature end of file.
2025-09-23 00:00:03,597 [ERROR] LogOutputStream:75 - [STDERR_REDIRECT] 
2025-09-23 00:00:04,593 [ERROR] LogOutputStream:75 - [STDERR_REDIRECT] [Fatal Error] :1:1: Premature end of file.
2025-09-23 00:00:04,593 [ERROR] LogOutputStream:75 - [STDERR_REDIRECT] 
2025-09-23 00:00:05,595 [ERROR] LogOutputStream:75 - [STDERR_REDIRECT] [Fatal Error] :1:1: Premature end of file.
2025-09-23 00:00:05,595 [ERROR] LogOutputStream:75 - [STDERR_REDIRECT] 
2025-09-23 00:00:06,595 [ERROR] LogOutputStream:75 - [STDERR_REDIRECT] [Fatal Error] :1:1: Premature end of file.
2025-09-23 00:00:06,596 [ERROR] LogOutputStream:75 - [STDERR_REDIRECT] 
2025-09-23 00:00:07,594 [ERROR] LogOutputStream:75 - [STDERR_REDIRECT] [Fatal Error] :1:1: Premature end of file.
2025-09-23 00:00:07,595 [ERROR] LogOutputStream:75 - [STDERR_REDIRECT] 
2025-09-23 00:00:08,597 [ERROR] LogOutputStream:75 - [STDERR_REDIRECT] [Fatal Error] :1:1: Premature end of file.
2025-09-23 00:00:08,598 [ERROR] LogOutputStream:75 - [STDERR_REDIRECT] 
2025-09-23 00:00:09,594 [ERROR] LogOutputStream:75 - [STDERR_REDIRECT] [Fatal Error] :1:1: Premature end of file.
2025-09-23 00:00:09,594 [ERROR] LogOutputStream:75 - [STDERR_REDIRECT] 
2025-09-23 00:00:10,593 [ERROR] LogOutputStream:75 - [STDERR_REDIRECT] [Fatal Error] :1:1: Premature end of file.
2025-09-23 00:00:10,593 [ERROR] LogOutputStream:75 - [STDERR_REDIRECT] 
2025-09-23 00:00:11,596 [ERROR] LogOutputStream:75 - [STDERR_REDIRECT] [Fatal Error] :1:1: Premature end of file.
2025-09-23 00:00:11,596 [ERROR] LogOutputStream:75 - [STDERR_REDIRECT] 
2025-09-23 00:00:12,594 [ERROR] LogOutputStream:75 - [STDERR_REDIRECT] [Fatal Error] :1:1: Premature end of file.
2025-09-23 00:00:12,594 [ERROR] LogOutputStream:75 - [STDERR_REDIRECT] 
2025-09-23 00:00:13,595 [ERROR] LogOutputStream:75 - [STDERR_REDIRECT] [Fatal Error] :1:1: Premature end of file.
2025-09-23 00:00:13,595 [ERROR] LogOutputStream:75 - [STDERR_REDIRECT] 
2025-09-23 00:00:14,596 [ERROR] LogOutputStream:75 - [STDERR_REDIRECT] [Fatal Error] :1:1: Premature end of file.
2025-09-23 00:00:14,596 [ERROR] LogOutputStream:75 - [STDERR_REDIRECT] 
2025-09-23 00:00:15,595 [ERROR] LogOutputStream:75 - [STDERR_REDIRECT] [Fatal Error] :1:1: Premature end of file.
2025-09-23 00:00:15,595 [ERROR] LogOutputStream:75 - [STDERR_REDIRECT] 
2025-09-23 00:00:16,595 [ERROR] LogOutputStream:75 - [STDERR_REDIRECT] [Fatal Error] :1:1: Premature end of file.
2025-09-23 00:00:16,595 [ERROR] LogOutputStream:75 - [STDERR_REDIRECT] 
2025-09-23 00:00:17,593 [ERROR] LogOutputStream:75 - [STDERR_REDIRECT] [Fatal Error] :1:1: Premature end of file.
2025-09-23 00:00:17,593 [ERROR] LogOutputStream:75 - [STDERR_REDIRECT] 
2025-09-23 00:00:18,595 [ERROR] LogOutputStream:75 - [STDERR_REDIRECT] [Fatal Error] :1:1: Premature end of file.
2025-09-23 00:00:18,595 [ERROR] LogOutputStream:75 - [STDERR_REDIRECT] 
2025-09-23 00:00:19,594 [ERROR] LogOutputStream:75 - [STDERR_REDIRECT] [Fatal Error] :1:1: Premature end of file.
2025-09-23 00:00:19,595 [ERROR] LogOutputStream:75 - [STDERR_REDIRECT] 
2025-09-23 00:00:20,593 [ERROR] LogOutputStream:75 - [STDERR_REDIRECT] [Fatal Error] :1:1: Premature end of file.
2025-09-23 00:00:20,593 [ERROR] LogOutputStream:75 - [STDERR_REDIRECT] 
2025-09-23 00:00:21,596 [ERROR] LogOutputStream:75 - [STDERR_REDIRECT] [Fatal Error] :1:1: Premature end of file.
2025-09-23 00:00:21,597 [ERROR] LogOutputStream:75 - [STDERR_REDIRECT] 
2025-09-23 00:00:22,593 [ERROR] LogOutputStream:75 - [STDERR_REDIRECT] [Fatal Error] :1:1: Premature end of file.
2025-09-23 00:00:22,594 [ERROR] LogOutputStream:75 - [STDERR_REDIRECT] 
2025-09-23 00:00:23,593 [ERROR] LogOutputStream:75 - [STDERR_REDIRECT] [Fatal Error] :1:1: Premature end of file.
2025-09-23 00:00:23,593 [ERROR] LogOutputStream:75 - [STDERR_REDIRECT] 
2025-09-23 00:00:24,595 [ERROR] LogOutputStream:75 - [STDERR_REDIRECT] [Fatal Error] :1:1: Premature end of file.
2025-09-23 00:00:24,595 [ERROR] LogOutputStream:75 - [STDERR_REDIRECT] 
2025-09-23 00:00:25,593 [ERROR] LogOutputStream:75 - [STDERR_REDIRECT] [Fatal Error] :1:1: Premature end of file.
2025-09-23 00:00:25,593 [ERROR] LogOutputStream:75 - [STDERR_REDIRECT] 
2025-09-23 00:00:26,593 [ERROR] LogOutputStream:75 - [STDERR_REDIRECT] [Fatal Error] :1:1: Premature end of file.
2025-09-23 00:00:26,594 [ERROR] LogOutputStream:75 - [STDERR_REDIRECT] 
2025-09-23 00:00:27,595 [ERROR] LogOutputStream:75 - [STDERR_REDIRECT] [Fatal Error] :1:1: Premature end of file.
2025-09-23 00:00:27,595 [ERROR] LogOutputStream:75 - [STDERR_REDIRECT] 
2025-09-23 00:00:28,593 [ERROR] LogOutputStream:75 - [STDERR_REDIRECT] [Fatal Error] :1:1: Premature end of file.
2025-09-23 00:00:28,593 [ERROR] LogOutputStream:75 - [STDERR_REDIRECT] 
2025-09-23 00:00:29,593 [ERROR] LogOutputStream:75 - [STDERR_REDIRECT] [Fatal Error] :1:1: Premature end of file.
2025-09-23 00:00:29,594 [ERROR] LogOutputStream:75 - [STDERR_REDIRECT] 
2025-09-23 00:00:30,594 [ERROR] LogOutputStream:75 - [STDERR_REDIRECT] [Fatal Error] :1:1: Premature end of file.
2025-09-23 00:00:30,595 [ERROR] LogOutputStream:75 - [STDERR_REDIRECT] 
2025-09-23 00:00:31,596 [ERROR] LogOutputStream:75 - [STDERR_REDIRECT] [Fatal Error] :1:1: Premature end of file.
2025-09-23 00:00:31,596 [ERROR] LogOutputStream:75 - [STDERR_REDIRECT] 
2025-09-23 00:00:32,596 [ERROR] LogOutputStream:75 - [STDERR_REDIRECT] [Fatal Error] :1:1: Premature end of file.
2025-09-23 00:00:32,596 [ERROR] LogOutputStream:75 - [STDERR_REDIRECT] 
2025-09-23 00:00:33,592 [ERROR] LogOutputStream:75 - [STDERR_REDIRECT] [Fatal Error] :1:1: Premature end of file.
2025-09-23 00:00:33,592 [ERROR] LogOutputStream:75 - [STDERR_REDIRECT] 
2025-09-23 00:00:34,594 [ERROR] LogOutputStream:75 - [STDERR_REDIRECT] [Fatal Error] :1:1: Premature end of file.
2025-09-23 00:00:34,594 [ERROR] LogOutputStream:75 - [STDERR_REDIRECT] 
2025-09-23 00:00:35,595 [ERROR] LogOutputStream:75 - [STDERR_REDIRECT] [Fatal Error] :1:1: Premature end of file.
2025-09-23 00:00:35,595 [ERROR] LogOutputStream:75 - [STDERR_REDIRECT] 
2025-09-23 00:00:36,596 [ERROR] LogOutputStream:75 - [STDERR_REDIRECT] [Fatal Error] :1:1: Premature end of file.
2025-09-23 00:00:36,596 [ERROR] LogOutputStream:75 - [STDERR_REDIRECT] 
2025-09-23 00:00:37,592 [ERROR] LogOutputStream:75 - [STDERR_REDIRECT] [Fatal Error] :1:1: Premature end of file.
2025-09-23 00:00:37,593 [ERROR] LogOutputStream:75 - [STDERR_REDIRECT] 
2025-09-23 00:00:38,595 [ERROR] LogOutputStream:75 - [STDERR_REDIRECT] [Fatal Error] :1:1: Premature end of file.
2025-09-23 00:00:38,595 [ERROR] LogOutputStream:75 - [STDERR_REDIRECT] 
2025-09-23 00:00:39,593 [ERROR] LogOutputStream:75 - [STDERR_REDIRECT] [Fatal Error] :1:1: Premature end of file.
2025-09-23 00:00:39,593 [ERROR] LogOutputStream:75 - [STDERR_REDIRECT] 
2025-09-23 00:00:40,599 [ERROR] LogOutputStream:75 - [STDERR_REDIRECT] [Fatal Error] :1:1: Premature end of file.
2025-09-23 00:00:40,599 [ERROR] LogOutputStream:75 - [STDERR_REDIRECT] 
2025-09-23 00:00:41,595 [ERROR] LogOutputStream:75 - [STDERR_REDIRECT] [Fatal Error] :1:1: Premature end of file.
2025-09-23 00:00:41,595 [ERROR] LogOutputStream:75 - [STDERR_REDIRECT] 
2025-09-23 00:00:42,594 [ERROR] LogOutputStream:75 - [STDERR_REDIRECT] [Fatal Error] :1:1: Premature end of file.
2025-09-23 00:00:42,594 [ERROR] LogOutputStream:75 - [STDERR_REDIRECT] 
2025-09-23 00:00:43,596 [ERROR] LogOutputStream:75 - [STDERR_REDIRECT] [Fatal Error] :1:1: Premature end of file.
2025-09-23 00:00:43,596 [ERROR] LogOutputStream:75 - [STDERR_REDIRECT] 
2025-09-23 00:00:44,607 [ERROR] LogOutputStream:75 - [STDERR_REDIRECT] [Fatal Error] :1:1: Premature end of file.
2025-09-23 00:00:44,607 [ERROR] LogOutputStream:75 - [STDERR_REDIRECT] 
2025-09-23 00:00:45,592 [ERROR] LogOutputStream:75 - [STDERR_REDIRECT] [Fatal Error] :1:1: Premature end of file.
2025-09-23 00:00:45,592 [ERROR] LogOutputStream:75 - [STDERR_REDIRECT] 
2025-09-23 00:00:46,594 [ERROR] LogOutputStream:75 - [STDERR_REDIRECT] [Fatal Error] :1:1: Premature end of file.
2025-09-23 00:00:46,595 [ERROR] LogOutputStream:75 - [STDERR_REDIRECT] 
2025-09-23 00:00:47,594 [ERROR] LogOutputStream:75 - [STDERR_REDIRECT] [Fatal Error] :1:1: Premature end of file.
2025-09-23 00:00:47,594 [ERROR] LogOutputStream:75 - [STDERR_REDIRECT] 
2025-09-23 00:00:48,594 [ERROR] LogOutputStream:75 - [STDERR_REDIRECT] [Fatal Error] :1:1: Premature end of file.
2025-09-23 00:00:48,594 [ERROR] LogOutputStream:75 - [STDERR_REDIRECT] 
2025-09-23 00:00:49,595 [ERROR] LogOutputStream:75 - [STDERR_REDIRECT] [Fatal Error] :1:1: Premature end of file.
2025-09-23 00:00:49,596 [ERROR] LogOutputStream:75 - [STDERR_REDIRECT] 
2025-09-23 00:00:50,595 [ERROR] LogOutputStream:75 - [STDERR_REDIRECT] [Fatal Error] :1:1: Premature end of file.
2025-09-23 00:00:50,595 [ERROR] LogOutputStream:75 - [STDERR_REDIRECT] 
2025-09-23 00:00:51,595 [ERROR] LogOutputStream:75 - [STDERR_REDIRECT] [Fatal Error] :1:1: Premature end of file.
2025-09-23 00:00:51,595 [ERROR] LogOutputStream:75 - [STDERR_REDIRECT] 
2025-09-23 00:00:52,594 [ERROR] LogOutputStream:75 - [STDERR_REDIRECT] [Fatal Error] :1:1: Premature end of file.
2025-09-23 00:00:52,595 [ERROR] LogOutputStream:75 - [STDERR_REDIRECT] 
2025-09-23 00:00:53,595 [ERROR] LogOutputStream:75 - [STDERR_REDIRECT] [Fatal Error] :1:1: Premature end of file.
2025-09-23 00:00:53,595 [ERROR] LogOutputStream:75 - [STDERR_REDIRECT] 
2025-09-23 00:00:54,595 [ERROR] LogOutputStream:75 - [STDERR_REDIRECT] [Fatal Error] :1:1: Premature end of file.
2025-09-23 00:00:54,595 [ERROR] LogOutputStream:75 - [STDERR_REDIRECT] 
2025-09-23 00:00:55,603 [ERROR] LogOutputStream:75 - [STDERR_REDIRECT] [Fatal Error] :1:1: Premature end of file.
2025-09-23 00:00:55,604 [ERROR] LogOutputStream:75 - [STDERR_REDIRECT] 
2025-09-23 00:00:56,613 [ERROR] LogOutputStream:75 - [STDERR_REDIRECT] [Fatal Error] :1:1: Premature end of file.
2025-09-23 00:00:56,613 [ERROR] LogOutputStream:75 - [STDERR_REDIRECT] 
2025-09-23 00:00:57,587 [ERROR] LogOutputStream:75 - [STDERR_REDIRECT] [Fatal Error] :1:1: Premature end of file.
2025-09-23 00:00:57,587 [ERROR] LogOutputStream:75 - [STDERR_REDIRECT] 
2025-09-23 00:00:58,586 [ERROR] LogOutputStream:75 - [STDERR_REDIRECT] [Fatal Error] :1:1: Premature end of file.
2025-09-23 00:00:58,586 [ERROR] LogOutputStream:75 - [STDERR_REDIRECT] 
2025-09-23 00:00:59,610 [ERROR] LogOutputStream:75 - [STDERR_REDIRECT] [Fatal Error] :1:1: Premature end of file.
2025-09-23 00:00:59,610 [ERROR] LogOutputStream:75 - [STDERR_REDIRECT] 
2025-09-23 00:01:00,613 [ERROR] LogOutputStream:75 - [STDERR_REDIRECT] [Fatal Error] :1:1: Premature end of file.
2025-09-23 00:01:00,613 [ERROR] LogOutputStream:75 - [STDERR_REDIRECT] 
2025-09-23 00:01:02,517 [ERROR] LogOutputStream:75 - [STDERR_REDIRECT] [Fatal Error] :1:1: Premature end of file.
2025-09-23 00:01:02,517 [ERROR] LogOutputStream:75 - [STDERR_REDIRECT] 
2025-09-23 00:01:02,620 [ERROR] LogOutputStream:75 - [STDERR_REDIRECT] [Fatal Error] :1:1: Premature end of file.
2025-09-23 00:01:02,621 [ERROR] LogOutputStream:75 - [STDERR_REDIRECT] 
2025-09-23 00:01:03,506 [ERROR] LogOutputStream:75 - [STDERR_REDIRECT] 
2025-09-23 00:01:03,508 [ERROR] LogOutputStream:75 - [STDERR_REDIRECT] 
2025-09-23 00:30:59,495 [INFO] Activator:176 - 


2025-09-23 00:30:59,496 [INFO] Activator:177 - !SESSION log4j initialized
2025-09-23 00:31:05,982 [INFO] LogOutputStream:77 - [STDOUT_REDIRECT] 
2025-09-23 00:31:07,287 [INFO] ApplicationProperties:184 - Using Application install path: C:\ST\STM32CubeIDE_1.19.0\STM32CubeIDE\plugins\com.st.stm32cube.common.mx_6.15.0.202507011659
2025-09-23 00:31:07,303 [INFO] DbMcusXml:78 - Set database path to: C:\ST\STM32CubeIDE_1.19.0\STM32CubeIDE\plugins\com.st.stm32cube.common.mx_6.15.0.202507011659\\db\/mcu/
2025-09-23 00:31:07,303 [INFO] ApiDb:274 - Set plugin database path to: C:\ST\STM32CubeIDE_1.19.0\STM32CubeIDE\plugins\com.st.stm32cube.common.mx_6.15.0.202507011659\\db\/plugins/boardmanager/
2025-09-23 00:31:07,303 [WARN] ApiDb:259 - Overriding images path with different value:  => C:\ST\STM32CubeIDE_1.19.0\STM32CubeIDE\plugins\com.st.stm32cube.common.mx_6.15.0.202507011659\\db\/plugins/mcufinder/images/
2025-09-23 00:31:07,310 [INFO] ApiDb:250 - Set database path to: C:\Users\Anbu\.stmcufinder\plugins\mcufinder//mcu/
2025-09-23 00:31:07,311 [INFO] DbMcusAds:125 - Set database path to: C:\Users\Anbu\.stmcufinder\plugins\mcufinder//mcu/
2025-09-23 00:31:07,314 [INFO] CrossReferenceDbSqlite:203 - Set database path to: C:\Users\Anbu\.stmcufinder\plugins\mcufinder//mcu/cs/
2025-09-23 00:31:07,416 [INFO] RulesReader:64 - Compatibility file has been processed (317 Rules)
2025-09-23 00:31:07,496 [INFO] DbMcusXml:78 - Set database path to: C:\ST\STM32CubeIDE_1.19.0\STM32CubeIDE\plugins\com.st.stm32cube.common.mx_6.15.0.202507011659\\db\/mcu/
2025-09-23 00:31:07,496 [INFO] ApiDb:274 - Set plugin database path to: C:\ST\STM32CubeIDE_1.19.0\STM32CubeIDE\plugins\com.st.stm32cube.common.mx_6.15.0.202507011659\\db\/plugins/boardmanager/
2025-09-23 00:31:07,496 [INFO] ApiDb:261 - Set plugin images path to: C:\ST\STM32CubeIDE_1.19.0\STM32CubeIDE\plugins\com.st.stm32cube.common.mx_6.15.0.202507011659\\db\/plugins/mcufinder/images/
2025-09-23 00:31:07,497 [WARN] DbFile:41 - Overriding database path with different value: C:\Users\Anbu\.stmcufinder\plugins\mcufinder/ => C:\Users\Anbu\.stmcufinder\plugins\mcufinder
2025-09-23 00:31:07,497 [INFO] ApiDb:250 - Set database path to: C:\Users\Anbu\.stmcufinder\plugins\mcufinder//mcu/
2025-09-23 00:31:07,497 [WARN] DbFile:41 - Overriding database path with different value: C:\Users\Anbu\.stmcufinder\plugins\mcufinder/ => C:\Users\Anbu\.stmcufinder\plugins\mcufinder
2025-09-23 00:31:07,497 [INFO] DbMcusAds:125 - Set database path to: C:\Users\Anbu\.stmcufinder\plugins\mcufinder//mcu/
2025-09-23 00:31:07,497 [WARN] DbFile:41 - Overriding database path with different value: C:\Users\Anbu\.stmcufinder\plugins\mcufinder/ => C:\Users\Anbu\.stmcufinder\plugins\mcufinder
2025-09-23 00:31:07,497 [WARN] DbFile:41 - Overriding database path with different value: C:\Users\Anbu\.stmcufinder\plugins\mcufinder/ => C:\Users\Anbu\.stmcufinder\plugins\mcufinder
2025-09-23 00:31:07,497 [INFO] CrossReferenceDbSqlite:203 - Set database path to: C:\Users\Anbu\.stmcufinder\plugins\mcufinder//mcu/cs/
2025-09-23 00:31:07,568 [INFO] MainPanel:274 - HeapMemory: 268435456
2025-09-23 00:31:07,667 [INFO] DbMcusXml:78 - Set database path to: C:\ST\STM32CubeIDE_1.19.0\STM32CubeIDE\plugins\com.st.stm32cube.common.mx_6.15.0.202507011659\\db\/mcu/
2025-09-23 00:31:07,667 [INFO] ApiDb:274 - Set plugin database path to: C:\ST\STM32CubeIDE_1.19.0\STM32CubeIDE\plugins\com.st.stm32cube.common.mx_6.15.0.202507011659\\db\/plugins/boardmanager/
2025-09-23 00:31:07,667 [INFO] ApiDb:261 - Set plugin images path to: C:\ST\STM32CubeIDE_1.19.0\STM32CubeIDE\plugins\com.st.stm32cube.common.mx_6.15.0.202507011659\\db\/plugins/mcufinder/images/
2025-09-23 00:31:07,668 [WARN] DbFile:41 - Overriding database path with different value: C:\Users\Anbu\.stmcufinder\plugins\mcufinder/ => C:\Users\Anbu\.stmcufinder\plugins\mcufinder
2025-09-23 00:31:07,668 [INFO] ApiDb:250 - Set database path to: C:\Users\Anbu\.stmcufinder\plugins\mcufinder//mcu/
2025-09-23 00:31:07,668 [WARN] DbFile:41 - Overriding database path with different value: C:\Users\Anbu\.stmcufinder\plugins\mcufinder/ => C:\Users\Anbu\.stmcufinder\plugins\mcufinder
2025-09-23 00:31:07,668 [INFO] DbMcusAds:125 - Set database path to: C:\Users\Anbu\.stmcufinder\plugins\mcufinder//mcu/
2025-09-23 00:31:07,668 [WARN] DbFile:41 - Overriding database path with different value: C:\Users\Anbu\.stmcufinder\plugins\mcufinder/ => C:\Users\Anbu\.stmcufinder\plugins\mcufinder
2025-09-23 00:31:07,668 [WARN] DbFile:41 - Overriding database path with different value: C:\Users\Anbu\.stmcufinder\plugins\mcufinder/ => C:\Users\Anbu\.stmcufinder\plugins\mcufinder
2025-09-23 00:31:07,668 [INFO] CrossReferenceDbSqlite:203 - Set database path to: C:\Users\Anbu\.stmcufinder\plugins\mcufinder//mcu/cs/
2025-09-23 00:31:07,685 [INFO] ApplicationProperties:184 - Using Application install path: C:\ST\STM32CubeIDE_1.19.0\STM32CubeIDE\plugins\com.st.stm32cube.common.mx_6.15.0.202507011659
2025-09-23 00:31:07,686 [INFO] PluginManage:196 - Search for loadable plugins [exclusion list=, ]
2025-09-23 00:31:07,688 [INFO] PluginManage:310 - Check plugin analytics
2025-09-23 00:31:07,888 [INFO] AnalyticsPlugin:253 - Accepted Software Licenses: STM32CubeMX.6.15.0
2025-09-23 00:31:07,888 [INFO] AnalyticsPlugin:255 - Accepted CMSIS Pack Licenses: 
2025-09-23 00:31:07,888 [INFO] AnalyticsPlugin:257 - Accepted Firmware Licenses: 
2025-09-23 00:31:07,892 [INFO] PluginManage:359 - Loaded plugin analytics (category:tool,tabindex:-1)
2025-09-23 00:31:07,892 [INFO] PluginManage:310 - Check plugin cadmodel
2025-09-23 00:31:07,913 [INFO] CADModel:105 - Init CAD model plugin
2025-09-23 00:31:07,913 [INFO] PluginManage:359 - Loaded plugin cadmodel (category:power,tabindex:5)
2025-09-23 00:31:07,913 [INFO] PluginManage:310 - Check plugin clock
2025-09-23 00:31:07,939 [INFO] PluginManage:359 - Loaded plugin clock (category:base,tabindex:2)
2025-09-23 00:31:07,939 [INFO] PluginManage:310 - Check plugin ddr
2025-09-23 00:31:07,942 [INFO] PluginManage:359 - Loaded plugin ddr (category:tool,tabindex:6)
2025-09-23 00:31:07,943 [INFO] PluginManage:310 - Check plugin filemanager
2025-09-23 00:31:08,089 [INFO] PluginManage:359 - Loaded plugin filemanager (category:base,tabindex:10)
2025-09-23 00:31:08,089 [INFO] PluginManage:310 - Check plugin ipmanager
2025-09-23 00:31:08,095 [INFO] PluginManage:359 - Loaded plugin ipmanager (category:base,tabindex:5)
2025-09-23 00:31:08,095 [INFO] PluginManage:310 - Check plugin lpbam
2025-09-23 00:31:08,115 [INFO] PluginManage:359 - Loaded plugin lpbam (category:base,tabindex:0)
2025-09-23 00:31:08,115 [INFO] PluginManage:310 - Check plugin memorymap
2025-09-23 00:31:08,139 [INFO] PluginManage:359 - Loaded plugin memorymap (category:base,tabindex:4)
2025-09-23 00:31:08,139 [INFO] PluginManage:310 - Check plugin pinoutandconfiguration
2025-09-23 00:31:08,158 [INFO] PluginManage:359 - Loaded plugin pinoutandconfiguration (category:base,tabindex:1)
2025-09-23 00:31:08,158 [INFO] PluginManage:310 - Check plugin pinoutconfig
2025-09-23 00:31:08,240 [WARN] SupportedApi:132 - Cannot load RTOS API schema: s4s-elt-must-match.1: The content of 'definitions' must match (annotation?, (simpleType | complexType)?, (unique | key | keyref)*)). A problem was found starting at: attribute.
2025-09-23 00:31:08,349 [INFO] PluginManage:359 - Loaded plugin pinoutconfig (category:base,tabindex:0)
2025-09-23 00:31:08,349 [INFO] PluginManage:310 - Check plugin power
2025-09-23 00:31:08,373 [INFO] PluginManage:359 - Loaded plugin power (category:power,tabindex:4)
2025-09-23 00:31:08,373 [INFO] PluginManage:310 - Check plugin projectmanager
2025-09-23 00:31:08,388 [INFO] PluginManage:359 - Loaded plugin projectmanager (category:projectmanager,tabindex:4)
2025-09-23 00:31:08,388 [INFO] PluginManage:310 - Check plugin rif
2025-09-23 00:31:08,413 [INFO] PluginManage:359 - Loaded plugin rif (category:base,tabindex:3)
2025-09-23 00:31:08,413 [INFO] PluginManage:310 - Check plugin thirdparty
2025-09-23 00:31:08,624 [INFO] PluginManage:359 - Loaded plugin thirdparty (category:base,tabindex:-1)
2025-09-23 00:31:08,624 [WARN] IntegrityCheckThread:84 - waiting for thirdparty lock release [integrity check]
2025-09-23 00:31:08,624 [INFO] PluginManage:310 - Check plugin tools
2025-09-23 00:31:08,624 [INFO] IntegrityCheckThread:86 - entering critical section [integrity check]
2025-09-23 00:31:08,624 [INFO] ThirdPartyUpdaterWithRetryManager:70 - Updater plugin not ready yet. [1/15]
2025-09-23 00:31:08,628 [INFO] PluginManage:359 - Loaded plugin tools (category:base,tabindex:7)
2025-09-23 00:31:08,629 [INFO] PluginManage:310 - Check plugin tutovideos
2025-09-23 00:31:08,827 [INFO] PluginManage:359 - Loaded plugin tutovideos (category:base,tabindex:-1)
2025-09-23 00:31:08,829 [INFO] PluginManage:310 - Check plugin updater
2025-09-23 00:31:08,846 [INFO] PluginManage:359 - Loaded plugin updater (category:base,tabindex:12)
2025-09-23 00:31:08,846 [INFO] PluginManage:310 - Check plugin userauth
2025-09-23 00:31:08,851 [INFO] UserAuth:118 - Init User Auth plugin
2025-09-23 00:31:08,852 [INFO] PluginManage:359 - Loaded plugin userauth (category:base,tabindex:14)
2025-09-23 00:31:08,852 [INFO] PluginManage:283 - PluginManage : Loaded plugins [18]
2025-09-23 00:31:09,035 [INFO] PinOutPanel:1589 - setPackage(No Configuration,No Configuration)
2025-09-23 00:31:09,111 [INFO] CADModel:165 - CPN selected for project level
2025-09-23 00:31:09,111 [INFO] CADModel:114 - Register for checkConnection events
2025-09-23 00:31:09,140 [INFO] IPUIPlugin:80 - create IPUIPlugin
2025-09-23 00:31:09,140 [INFO] PluginManager:220 - loadIPPluginJar : add adc
2025-09-23 00:31:09,187 [INFO] IPUIPlugin:80 - create IPUIPlugin
2025-09-23 00:31:09,187 [INFO] PluginManager:220 - loadIPPluginJar : add aes
2025-09-23 00:31:09,242 [INFO] IPUIPlugin:80 - create IPUIPlugin
2025-09-23 00:31:09,243 [INFO] PluginManager:220 - loadIPPluginJar : add can
2025-09-23 00:31:09,246 [INFO] IPUIPlugin:80 - create IPUIPlugin
2025-09-23 00:31:09,246 [INFO] PluginManager:220 - loadIPPluginJar : add comp
2025-09-23 00:31:09,289 [INFO] IPUIPlugin:80 - create IPUIPlugin
2025-09-23 00:31:09,289 [INFO] PluginManager:220 - loadIPPluginJar : add cryp
2025-09-23 00:31:09,305 [INFO] IPUIPlugin:80 - create IPUIPlugin
2025-09-23 00:31:09,305 [INFO] PluginManager:220 - loadIPPluginJar : add ddr_ctrl_phy
2025-09-23 00:31:09,307 [INFO] IPUIPlugin:80 - create IPUIPlugin
2025-09-23 00:31:09,308 [INFO] PluginManager:220 - loadIPPluginJar : add dfsdm
2025-09-23 00:31:09,323 [INFO] IPUIPlugin:80 - create IPUIPlugin
2025-09-23 00:31:09,324 [INFO] PluginManager:220 - loadIPPluginJar : add dma
2025-09-23 00:31:09,366 [INFO] IPUIPlugin:80 - create IPUIPlugin
2025-09-23 00:31:09,366 [INFO] PluginManager:220 - loadIPPluginJar : add dma3
2025-09-23 00:31:09,414 [INFO] IPUIPlugin:80 - create IPUIPlugin
2025-09-23 00:31:09,414 [INFO] PluginManager:220 - loadIPPluginJar : add extmemmanager
2025-09-23 00:31:09,416 [INFO] IPUIPlugin:80 - create IPUIPlugin
2025-09-23 00:31:09,417 [INFO] PluginManager:220 - loadIPPluginJar : add fatfs
2025-09-23 00:31:09,467 [INFO] IPUIPlugin:80 - create IPUIPlugin
2025-09-23 00:31:09,467 [INFO] PluginManager:220 - loadIPPluginJar : add fmc
2025-09-23 00:31:09,483 [INFO] IPUIPlugin:80 - create IPUIPlugin
2025-09-23 00:31:09,485 [INFO] PluginManager:220 - loadIPPluginJar : add freertos
2025-09-23 00:31:09,487 [INFO] IPUIPlugin:80 - create IPUIPlugin
2025-09-23 00:31:09,487 [INFO] PluginManager:220 - loadIPPluginJar : add genericplugin
2025-09-23 00:31:09,580 [INFO] IPUIPlugin:80 - create IPUIPlugin
2025-09-23 00:31:09,580 [INFO] PluginManager:220 - loadIPPluginJar : add gfxmmu
2025-09-23 00:31:09,709 [INFO] IPUIPlugin:80 - create IPUIPlugin
2025-09-23 00:31:09,709 [INFO] PluginManager:220 - loadIPPluginJar : add gic
2025-09-23 00:31:09,722 [INFO] IPUIPlugin:80 - create IPUIPlugin
2025-09-23 00:31:09,723 [INFO] PluginManager:220 - loadIPPluginJar : add gpio
2025-09-23 00:31:09,821 [INFO] IPUIPlugin:80 - create IPUIPlugin
2025-09-23 00:31:09,822 [INFO] PluginManager:220 - loadIPPluginJar : add gtzc
2025-09-23 00:31:09,861 [INFO] IPUIPlugin:80 - create IPUIPlugin
2025-09-23 00:31:09,861 [INFO] PluginManager:220 - loadIPPluginJar : add hash
2025-09-23 00:31:09,913 [INFO] IPUIPlugin:80 - create IPUIPlugin
2025-09-23 00:31:09,913 [INFO] PluginManager:220 - loadIPPluginJar : add i2c
2025-09-23 00:31:09,954 [INFO] IPUIPlugin:80 - create IPUIPlugin
2025-09-23 00:31:09,954 [INFO] PluginManager:220 - loadIPPluginJar : add i2s
2025-09-23 00:31:09,997 [INFO] IPUIPlugin:80 - create IPUIPlugin
2025-09-23 00:31:09,997 [INFO] PluginManager:220 - loadIPPluginJar : add i3c
2025-09-23 00:31:10,105 [INFO] IPUIPlugin:80 - create IPUIPlugin
2025-09-23 00:31:10,105 [INFO] PluginManager:220 - loadIPPluginJar : add ipddr
2025-09-23 00:31:10,197 [INFO] IPUIPlugin:80 - create IPUIPlugin
2025-09-23 00:31:10,197 [INFO] PluginManager:220 - loadIPPluginJar : add linkedlist
2025-09-23 00:31:10,201 [INFO] IPUIPlugin:80 - create IPUIPlugin
2025-09-23 00:31:10,202 [INFO] PluginManager:220 - loadIPPluginJar : add lorawan
2025-09-23 00:31:10,239 [INFO] IPUIPlugin:80 - create IPUIPlugin
2025-09-23 00:31:10,239 [INFO] PluginManager:220 - loadIPPluginJar : add ltdc
2025-09-23 00:31:10,255 [INFO] IPUIPlugin:80 - create IPUIPlugin
2025-09-23 00:31:10,256 [INFO] PluginManager:220 - loadIPPluginJar : add mdma
2025-09-23 00:31:10,269 [INFO] IPUIPlugin:80 - create IPUIPlugin
2025-09-23 00:31:10,270 [INFO] PluginManager:220 - loadIPPluginJar : add nvic
2025-09-23 00:31:10,311 [ERROR] ConfigurationRetriever:142 - IOException on connection: Read timed out
2025-09-23 00:31:10,317 [INFO] IPUIPlugin:80 - create IPUIPlugin
2025-09-23 00:31:10,318 [INFO] PluginManager:220 - loadIPPluginJar : add opamp
2025-09-23 00:31:10,381 [INFO] IPUIPlugin:80 - create IPUIPlugin
2025-09-23 00:31:10,382 [INFO] PluginManager:220 - loadIPPluginJar : add openamp
2025-09-23 00:31:10,427 [INFO] IPUIPlugin:80 - create IPUIPlugin
2025-09-23 00:31:10,427 [INFO] PluginManager:220 - loadIPPluginJar : add pdm2pcm
2025-09-23 00:31:10,442 [INFO] IPUIPlugin:80 - create IPUIPlugin
2025-09-23 00:31:10,445 [INFO] PluginManager:220 - loadIPPluginJar : add plateformsettings
2025-09-23 00:31:10,448 [INFO] IPUIPlugin:80 - create IPUIPlugin
2025-09-23 00:31:10,448 [INFO] PluginManager:220 - loadIPPluginJar : add quadspi
2025-09-23 00:31:10,450 [INFO] IPUIPlugin:80 - create IPUIPlugin
2025-09-23 00:31:10,451 [INFO] PluginManager:220 - loadIPPluginJar : add radio
2025-09-23 00:31:10,466 [INFO] IPUIPlugin:80 - create IPUIPlugin
2025-09-23 00:31:10,466 [INFO] PluginManager:220 - loadIPPluginJar : add resmgrutility
2025-09-23 00:31:10,515 [INFO] IPUIPlugin:80 - create IPUIPlugin
2025-09-23 00:31:10,515 [INFO] PluginManager:220 - loadIPPluginJar : add sai
2025-09-23 00:31:10,554 [INFO] IPUIPlugin:80 - create IPUIPlugin
2025-09-23 00:31:10,554 [INFO] PluginManager:220 - loadIPPluginJar : add spi
2025-09-23 00:31:10,632 [INFO] IPUIPlugin:80 - create IPUIPlugin
2025-09-23 00:31:10,632 [INFO] PluginManager:220 - loadIPPluginJar : add stm32_wpan
2025-09-23 00:31:10,635 [INFO] IPUIPlugin:80 - create IPUIPlugin
2025-09-23 00:31:10,635 [INFO] PluginManager:220 - loadIPPluginJar : add tim
2025-09-23 00:31:10,697 [INFO] IPUIPlugin:80 - create IPUIPlugin
2025-09-23 00:31:10,698 [INFO] PluginManager:220 - loadIPPluginJar : add touchsensing
2025-09-23 00:31:10,701 [INFO] IPUIPlugin:80 - create IPUIPlugin
2025-09-23 00:31:10,701 [INFO] PluginManager:220 - loadIPPluginJar : add tracer_emb
2025-09-23 00:31:10,728 [INFO] IPUIPlugin:80 - create IPUIPlugin
2025-09-23 00:31:10,728 [INFO] PluginManager:220 - loadIPPluginJar : add ts
2025-09-23 00:31:10,730 [INFO] IPUIPlugin:80 - create IPUIPlugin
2025-09-23 00:31:10,730 [INFO] PluginManager:220 - loadIPPluginJar : add tsc
2025-09-23 00:31:10,732 [INFO] IPUIPlugin:80 - create IPUIPlugin
2025-09-23 00:31:10,732 [INFO] PluginManager:220 - loadIPPluginJar : add ucpd
2025-09-23 00:31:10,779 [INFO] IPUIPlugin:80 - create IPUIPlugin
2025-09-23 00:31:10,779 [INFO] PluginManager:220 - loadIPPluginJar : add usart
2025-09-23 00:31:10,826 [INFO] IPUIPlugin:80 - create IPUIPlugin
2025-09-23 00:31:10,826 [INFO] PluginManager:220 - loadIPPluginJar : add usbx
2025-09-23 00:31:10,943 [FATAL] Updater:351 - Updater called before beeing initialized
2025-09-23 00:31:10,965 [INFO] RulesReader:64 - Compatibility file has been processed (317 Rules)
2025-09-23 00:31:10,973 [INFO] RulesReader:64 - Compatibility file has been processed (317 Rules)
2025-09-23 00:31:10,981 [INFO] CADModel:165 - CPN selected for project level
2025-09-23 00:31:10,981 [INFO] CADModel:114 - Register for checkConnection events
2025-09-23 00:31:10,981 [FATAL] Updater:351 - Updater called before beeing initialized
2025-09-23 00:31:10,981 [ERROR] CADModel:125 - Updater not yet initialized, retry later 
2025-09-23 00:31:11,124 [FATAL] Updater:351 - Updater called before beeing initialized
2025-09-23 00:31:11,126 [INFO] CADModel:165 - CPN selected for project level
2025-09-23 00:31:11,126 [INFO] CADModel:114 - Register for checkConnection events
2025-09-23 00:31:11,126 [FATAL] Updater:351 - Updater called before beeing initialized
2025-09-23 00:31:11,126 [ERROR] CADModel:125 - Updater not yet initialized, retry later 
2025-09-23 00:31:11,129 [FATAL] Updater:351 - Updater called before beeing initialized
2025-09-23 00:31:11,244 [FATAL] Updater:351 - Updater called before beeing initialized
2025-09-23 00:31:11,250 [INFO] DbMcusAds:53 - JSON generation date=Tue Jul 08 13:44:23 IST 2025 (1751962463582)
2025-09-23 00:31:11,250 [FATAL] Updater:351 - Updater called before beeing initialized
2025-09-23 00:31:11,284 [WARN] DetailPanel:346 - Failed to get advertising image, set to default
2025-09-23 00:31:11,385 [FATAL] Updater:351 - Updater called before beeing initialized
2025-09-23 00:31:11,387 [FATAL] Updater:351 - Updater called before beeing initialized
2025-09-23 00:31:11,387 [FATAL] Updater:351 - Updater called before beeing initialized
2025-09-23 00:31:11,387 [WARN] DetailPanel:346 - Failed to get advertising image, set to default
2025-09-23 00:31:11,388 [FATAL] Updater:351 - Updater called before beeing initialized
2025-09-23 00:31:11,439 [ERROR] Updater:1198 - MainUpdater not yet initialized. External WinMGr cannot be set.
2025-09-23 00:31:11,449 [INFO] Updater:1134 - Updater Version found : 6.15.0
2025-09-23 00:31:11,463 [INFO] ApplicationProperties:184 - Using Application install path: C:\ST\STM32CubeIDE_1.19.0\STM32CubeIDE\plugins\com.st.stm32cube.common.mx_6.15.0.202507011659
2025-09-23 00:31:11,627 [INFO] ThirdPartyUpdaterWithRetryManager:70 - Updater plugin not ready yet. [2/15]
2025-09-23 00:31:13,030 [ERROR] ConfigurationRetriever:142 - IOException on connection: Read timed out
2025-09-23 00:31:13,040 [ERROR] LogOutputStream:75 - [STDERR_REDIRECT] Sep 23, 2025 12:31:13 AM java.util.prefs.WindowsPreferences <init>
2025-09-23 00:31:13,041 [ERROR] LogOutputStream:75 - [STDERR_REDIRECT] WARNING: Could not open/create prefs root node Software\JavaSoft\Prefs at root 0xffffffff80000002. Windows RegCreateKeyEx(...) returned error code 5.
2025-09-23 00:31:13,041 [ERROR] LogOutputStream:75 - [STDERR_REDIRECT] 
2025-09-23 00:31:14,628 [FATAL] Updater:351 - Updater called before beeing initialized
2025-09-23 00:31:14,628 [ERROR] IntegrityCheckThread:130 - Cannot retrieve database content from updater: error 21
2025-09-23 00:31:14,628 [INFO] ThirdParty:978 - Integrity check success = false
2025-09-23 00:31:14,628 [INFO] IntegrityCheckThread:100 - exiting critical section [integrity check]
2025-09-23 00:31:14,628 [INFO] IntegrityCheckThread:103 - End integrity checks thread
2025-09-23 00:31:17,568 [INFO] MainUpdater:2872 - connection check result : 10
2025-09-23 00:31:17,569 [INFO] MainUpdater:289 - Updater Check For Update Now.
2025-09-23 00:31:17,569 [INFO] MicroXplorer:498 - Change Database Version : DB.6.0.150
2025-09-23 00:31:17,576 [INFO] McuFinderGlobals:63 - Set McuFinder mode to 2 (CubeIDE integrated)
2025-09-23 00:31:17,578 [INFO] UserAuth:487 - Internet connection configuration mode: 1
2025-09-23 00:31:17,605 [INFO] JxBrowserEngine:152 - Initiate JxBrowser Engine with user profile folder
2025-09-23 00:31:17,759 [INFO] CheckServerUpdateThread:120 - End of CheckServer Thread
2025-09-23 00:31:18,031 [ERROR] ConfigurationRetriever:142 - IOException on connection: Connect timed out
2025-09-23 00:31:18,999 [INFO] WebApp:169 - Instantiating new browser for Auth
2025-09-23 00:31:19,828 [INFO] WebApp:463 - Apply proxy settings
2025-09-23 00:31:19,828 [INFO] WebApp:548 - Chromium requires no authentication
2025-09-23 00:31:19,842 [INFO] WebApp:491 - Direct internet connection detected
2025-09-23 00:31:19,867 [INFO] WebApp:900 - Register for checkConnection events
2025-09-23 00:31:19,868 [INFO] WebApp:463 - Apply proxy settings
2025-09-23 00:31:19,868 [INFO] WebApp:548 - Chromium requires no authentication
2025-09-23 00:31:19,868 [INFO] WebApp:491 - Direct internet connection detected
2025-09-23 00:31:20,111 [INFO] WebApp:225 - Starting web application
2025-09-23 00:31:20,111 [INFO] WebApp:593 - Web application path used C:\ST\STM32CubeIDE_1.19.0\STM32CubeIDE\plugins\com.st.stm32cube.common.mx_6.15.0.202507011659\db\plugins\mcufinder\reactClient1\index.html
2025-09-23 00:31:20,216 [INFO] WebApp:191 - Connection restablished
2025-09-23 00:31:20,292 [INFO] UserAuth:487 - Internet connection configuration mode: 1
2025-09-23 00:31:20,407 [ERROR] LogOutputStream:75 - [STDERR_REDIRECT] [Fatal Error] :1:1: Premature end of file.
2025-09-23 00:31:20,408 [ERROR] LogOutputStream:75 - [STDERR_REDIRECT] 
2025-09-23 00:31:21,350 [ERROR] LogOutputStream:75 - [STDERR_REDIRECT] [Fatal Error] :1:1: Premature end of file.
2025-09-23 00:31:21,350 [ERROR] LogOutputStream:75 - [STDERR_REDIRECT] 
2025-09-23 00:31:22,354 [ERROR] LogOutputStream:75 - [STDERR_REDIRECT] [Fatal Error] :1:1: Premature end of file.
2025-09-23 00:31:22,354 [ERROR] LogOutputStream:75 - [STDERR_REDIRECT] 
2025-09-23 00:31:22,843 [ERROR] ConfigurationRetriever:142 - IOException on connection: Connect timed out
2025-09-23 00:31:23,034 [ERROR] ConfigurationRetriever:142 - IOException on connection: Connect timed out
2025-09-23 00:31:23,349 [ERROR] LogOutputStream:75 - [STDERR_REDIRECT] [Fatal Error] :1:1: Premature end of file.
2025-09-23 00:31:23,349 [ERROR] LogOutputStream:75 - [STDERR_REDIRECT] 
2025-09-23 00:31:24,346 [ERROR] LogOutputStream:75 - [STDERR_REDIRECT] [Fatal Error] :1:1: Premature end of file.
2025-09-23 00:31:24,346 [ERROR] LogOutputStream:75 - [STDERR_REDIRECT] 
2025-09-23 00:31:24,844 [ERROR] ConfigurationRetriever:142 - IOException on connection: Connect timed out
2025-09-23 00:31:25,347 [ERROR] LogOutputStream:75 - [STDERR_REDIRECT] [Fatal Error] :1:1: Premature end of file.
2025-09-23 00:31:25,347 [ERROR] LogOutputStream:75 - [STDERR_REDIRECT] 
2025-09-23 00:31:26,353 [ERROR] LogOutputStream:75 - [STDERR_REDIRECT] [Fatal Error] :1:1: Premature end of file.
2025-09-23 00:31:26,353 [ERROR] LogOutputStream:75 - [STDERR_REDIRECT] 
2025-09-23 00:31:26,846 [ERROR] ConfigurationRetriever:142 - IOException on connection: Connect timed out
2025-09-23 00:31:27,346 [ERROR] LogOutputStream:75 - [STDERR_REDIRECT] [Fatal Error] :1:1: Premature end of file.
2025-09-23 00:31:27,346 [ERROR] LogOutputStream:75 - [STDERR_REDIRECT] 
2025-09-23 00:31:28,347 [ERROR] LogOutputStream:75 - [STDERR_REDIRECT] [Fatal Error] :1:1: Premature end of file.
2025-09-23 00:31:28,347 [ERROR] LogOutputStream:75 - [STDERR_REDIRECT] 
2025-09-23 00:31:29,349 [ERROR] LogOutputStream:75 - [STDERR_REDIRECT] [Fatal Error] :1:1: Premature end of file.
2025-09-23 00:31:29,349 [ERROR] LogOutputStream:75 - [STDERR_REDIRECT] 
2025-09-23 00:31:30,348 [ERROR] LogOutputStream:75 - [STDERR_REDIRECT] [Fatal Error] :1:1: Premature end of file.
2025-09-23 00:31:30,348 [ERROR] LogOutputStream:75 - [STDERR_REDIRECT] 
2025-09-23 00:31:31,343 [ERROR] LogOutputStream:75 - [STDERR_REDIRECT] [Fatal Error] :1:1: Premature end of file.
2025-09-23 00:31:31,344 [ERROR] LogOutputStream:75 - [STDERR_REDIRECT] 
2025-09-23 00:31:32,345 [ERROR] LogOutputStream:75 - [STDERR_REDIRECT] [Fatal Error] :1:1: Premature end of file.
2025-09-23 00:31:32,345 [ERROR] LogOutputStream:75 - [STDERR_REDIRECT] 
2025-09-23 00:31:33,344 [ERROR] LogOutputStream:75 - [STDERR_REDIRECT] [Fatal Error] :1:1: Premature end of file.
2025-09-23 00:31:33,344 [ERROR] LogOutputStream:75 - [STDERR_REDIRECT] 
2025-09-23 00:31:34,345 [ERROR] LogOutputStream:75 - [STDERR_REDIRECT] [Fatal Error] :1:1: Premature end of file.
2025-09-23 00:31:34,345 [ERROR] LogOutputStream:75 - [STDERR_REDIRECT] 
2025-09-23 00:31:35,345 [ERROR] LogOutputStream:75 - [STDERR_REDIRECT] [Fatal Error] :1:1: Premature end of file.
2025-09-23 00:31:35,345 [ERROR] LogOutputStream:75 - [STDERR_REDIRECT] 
2025-09-23 00:31:36,346 [ERROR] LogOutputStream:75 - [STDERR_REDIRECT] [Fatal Error] :1:1: Premature end of file.
2025-09-23 00:31:36,346 [ERROR] LogOutputStream:75 - [STDERR_REDIRECT] 
2025-09-23 00:31:37,346 [ERROR] LogOutputStream:75 - [STDERR_REDIRECT] [Fatal Error] :1:1: Premature end of file.
2025-09-23 00:31:37,346 [ERROR] LogOutputStream:75 - [STDERR_REDIRECT] 
2025-09-23 00:31:38,347 [ERROR] LogOutputStream:75 - [STDERR_REDIRECT] [Fatal Error] :1:1: Premature end of file.
2025-09-23 00:31:38,347 [ERROR] LogOutputStream:75 - [STDERR_REDIRECT] 
2025-09-23 00:31:39,347 [ERROR] LogOutputStream:75 - [STDERR_REDIRECT] [Fatal Error] :1:1: Premature end of file.
2025-09-23 00:31:39,347 [ERROR] LogOutputStream:75 - [STDERR_REDIRECT] 
2025-09-23 00:31:40,349 [ERROR] LogOutputStream:75 - [STDERR_REDIRECT] [Fatal Error] :1:1: Premature end of file.
2025-09-23 00:31:40,349 [ERROR] LogOutputStream:75 - [STDERR_REDIRECT] 
2025-09-23 00:31:41,348 [ERROR] LogOutputStream:75 - [STDERR_REDIRECT] [Fatal Error] :1:1: Premature end of file.
2025-09-23 00:31:41,348 [ERROR] LogOutputStream:75 - [STDERR_REDIRECT] 
2025-09-23 00:31:42,344 [ERROR] LogOutputStream:75 - [STDERR_REDIRECT] [Fatal Error] :1:1: Premature end of file.
2025-09-23 00:31:42,344 [ERROR] LogOutputStream:75 - [STDERR_REDIRECT] 
2025-09-23 00:31:43,344 [ERROR] LogOutputStream:75 - [STDERR_REDIRECT] [Fatal Error] :1:1: Premature end of file.
2025-09-23 00:31:43,344 [ERROR] LogOutputStream:75 - [STDERR_REDIRECT] 
2025-09-23 00:31:44,344 [ERROR] LogOutputStream:75 - [STDERR_REDIRECT] [Fatal Error] :1:1: Premature end of file.
2025-09-23 00:31:44,344 [ERROR] LogOutputStream:75 - [STDERR_REDIRECT] 
2025-09-23 00:31:45,350 [ERROR] LogOutputStream:75 - [STDERR_REDIRECT] [Fatal Error] :1:1: Premature end of file.
2025-09-23 00:31:45,350 [ERROR] LogOutputStream:75 - [STDERR_REDIRECT] 
2025-09-23 00:31:46,347 [ERROR] LogOutputStream:75 - [STDERR_REDIRECT] [Fatal Error] :1:1: Premature end of file.
2025-09-23 00:31:46,348 [ERROR] LogOutputStream:75 - [STDERR_REDIRECT] 
2025-09-23 00:31:47,347 [ERROR] LogOutputStream:75 - [STDERR_REDIRECT] [Fatal Error] :1:1: Premature end of file.
2025-09-23 00:31:47,347 [ERROR] LogOutputStream:75 - [STDERR_REDIRECT] 
2025-09-23 00:31:48,348 [ERROR] LogOutputStream:75 - [STDERR_REDIRECT] [Fatal Error] :1:1: Premature end of file.
2025-09-23 00:31:48,348 [ERROR] LogOutputStream:75 - [STDERR_REDIRECT] 
2025-09-23 00:31:49,347 [ERROR] LogOutputStream:75 - [STDERR_REDIRECT] [Fatal Error] :1:1: Premature end of file.
2025-09-23 00:31:49,348 [ERROR] LogOutputStream:75 - [STDERR_REDIRECT] 
2025-09-23 00:31:50,353 [ERROR] LogOutputStream:75 - [STDERR_REDIRECT] [Fatal Error] :1:1: Premature end of file.
2025-09-23 00:31:50,353 [ERROR] LogOutputStream:75 - [STDERR_REDIRECT] 
2025-09-23 00:31:51,346 [ERROR] LogOutputStream:75 - [STDERR_REDIRECT] [Fatal Error] :1:1: Premature end of file.
2025-09-23 00:31:51,347 [ERROR] LogOutputStream:75 - [STDERR_REDIRECT] 
2025-09-23 00:31:52,348 [ERROR] LogOutputStream:75 - [STDERR_REDIRECT] [Fatal Error] :1:1: Premature end of file.
2025-09-23 00:31:52,348 [ERROR] LogOutputStream:75 - [STDERR_REDIRECT] 
2025-09-23 00:31:53,347 [ERROR] LogOutputStream:75 - [STDERR_REDIRECT] [Fatal Error] :1:1: Premature end of file.
2025-09-23 00:31:53,347 [ERROR] LogOutputStream:75 - [STDERR_REDIRECT] 
2025-09-23 00:31:54,348 [ERROR] LogOutputStream:75 - [STDERR_REDIRECT] [Fatal Error] :1:1: Premature end of file.
2025-09-23 00:31:54,348 [ERROR] LogOutputStream:75 - [STDERR_REDIRECT] 
2025-09-23 00:31:55,347 [ERROR] LogOutputStream:75 - [STDERR_REDIRECT] [Fatal Error] :1:1: Premature end of file.
2025-09-23 00:31:55,347 [ERROR] LogOutputStream:75 - [STDERR_REDIRECT] 
2025-09-23 00:31:56,348 [ERROR] LogOutputStream:75 - [STDERR_REDIRECT] [Fatal Error] :1:1: Premature end of file.
2025-09-23 00:31:56,348 [ERROR] LogOutputStream:75 - [STDERR_REDIRECT] 
2025-09-23 00:31:57,348 [ERROR] LogOutputStream:75 - [STDERR_REDIRECT] [Fatal Error] :1:1: Premature end of file.
2025-09-23 00:31:57,348 [ERROR] LogOutputStream:75 - [STDERR_REDIRECT] 
2025-09-23 00:31:58,347 [ERROR] LogOutputStream:75 - [STDERR_REDIRECT] [Fatal Error] :1:1: Premature end of file.
2025-09-23 00:31:58,348 [ERROR] LogOutputStream:75 - [STDERR_REDIRECT] 
2025-09-23 00:31:59,348 [ERROR] LogOutputStream:75 - [STDERR_REDIRECT] [Fatal Error] :1:1: Premature end of file.
2025-09-23 00:31:59,348 [ERROR] LogOutputStream:75 - [STDERR_REDIRECT] 
2025-09-23 00:32:00,347 [ERROR] LogOutputStream:75 - [STDERR_REDIRECT] [Fatal Error] :1:1: Premature end of file.
2025-09-23 00:32:00,347 [ERROR] LogOutputStream:75 - [STDERR_REDIRECT] 
2025-09-23 00:32:01,347 [ERROR] LogOutputStream:75 - [STDERR_REDIRECT] [Fatal Error] :1:1: Premature end of file.
2025-09-23 00:32:01,347 [ERROR] LogOutputStream:75 - [STDERR_REDIRECT] 
2025-09-23 00:32:02,346 [ERROR] LogOutputStream:75 - [STDERR_REDIRECT] [Fatal Error] :1:1: Premature end of file.
2025-09-23 00:32:02,346 [ERROR] LogOutputStream:75 - [STDERR_REDIRECT] 
2025-09-23 00:32:03,347 [ERROR] LogOutputStream:75 - [STDERR_REDIRECT] [Fatal Error] :1:1: Premature end of file.
2025-09-23 00:32:03,347 [ERROR] LogOutputStream:75 - [STDERR_REDIRECT] 
2025-09-23 00:32:04,347 [ERROR] LogOutputStream:75 - [STDERR_REDIRECT] [Fatal Error] :1:1: Premature end of file.
2025-09-23 00:32:04,347 [ERROR] LogOutputStream:75 - [STDERR_REDIRECT] 
2025-09-23 00:32:05,348 [ERROR] LogOutputStream:75 - [STDERR_REDIRECT] [Fatal Error] :1:1: Premature end of file.
2025-09-23 00:32:05,348 [ERROR] LogOutputStream:75 - [STDERR_REDIRECT] 
2025-09-23 00:32:06,346 [ERROR] LogOutputStream:75 - [STDERR_REDIRECT] [Fatal Error] :1:1: Premature end of file.
2025-09-23 00:32:06,346 [ERROR] LogOutputStream:75 - [STDERR_REDIRECT] 
2025-09-23 00:32:07,355 [ERROR] LogOutputStream:75 - [STDERR_REDIRECT] [Fatal Error] :1:1: Premature end of file.
2025-09-23 00:32:07,355 [ERROR] LogOutputStream:75 - [STDERR_REDIRECT] 
2025-09-23 00:32:08,359 [ERROR] LogOutputStream:75 - [STDERR_REDIRECT] [Fatal Error] :1:1: Premature end of file.
2025-09-23 00:32:08,359 [ERROR] LogOutputStream:75 - [STDERR_REDIRECT] 
2025-09-23 00:32:09,347 [ERROR] LogOutputStream:75 - [STDERR_REDIRECT] [Fatal Error] :1:1: Premature end of file.
2025-09-23 00:32:09,348 [ERROR] LogOutputStream:75 - [STDERR_REDIRECT] 
2025-09-23 00:32:10,347 [ERROR] LogOutputStream:75 - [STDERR_REDIRECT] [Fatal Error] :1:1: Premature end of file.
2025-09-23 00:32:10,348 [ERROR] LogOutputStream:75 - [STDERR_REDIRECT] 
2025-09-23 00:32:11,347 [ERROR] LogOutputStream:75 - [STDERR_REDIRECT] [Fatal Error] :1:1: Premature end of file.
2025-09-23 00:32:11,347 [ERROR] LogOutputStream:75 - [STDERR_REDIRECT] 
2025-09-23 00:32:12,348 [ERROR] LogOutputStream:75 - [STDERR_REDIRECT] [Fatal Error] :1:1: Premature end of file.
2025-09-23 00:32:12,348 [ERROR] LogOutputStream:75 - [STDERR_REDIRECT] 
2025-09-23 00:32:13,348 [ERROR] LogOutputStream:75 - [STDERR_REDIRECT] [Fatal Error] :1:1: Premature end of file.
2025-09-23 00:32:13,348 [ERROR] LogOutputStream:75 - [STDERR_REDIRECT] 
2025-09-23 00:32:14,346 [ERROR] LogOutputStream:75 - [STDERR_REDIRECT] [Fatal Error] :1:1: Premature end of file.
2025-09-23 00:32:14,347 [ERROR] LogOutputStream:75 - [STDERR_REDIRECT] 
2025-09-23 00:32:15,348 [ERROR] LogOutputStream:75 - [STDERR_REDIRECT] [Fatal Error] :1:1: Premature end of file.
2025-09-23 00:32:15,349 [ERROR] LogOutputStream:75 - [STDERR_REDIRECT] 
2025-09-23 00:32:16,346 [ERROR] LogOutputStream:75 - [STDERR_REDIRECT] [Fatal Error] :1:1: Premature end of file.
2025-09-23 00:32:16,347 [ERROR] LogOutputStream:75 - [STDERR_REDIRECT] 
2025-09-23 00:32:17,353 [ERROR] LogOutputStream:75 - [STDERR_REDIRECT] [Fatal Error] :1:1: Premature end of file.
2025-09-23 00:32:17,354 [ERROR] LogOutputStream:75 - [STDERR_REDIRECT] 
2025-09-23 00:32:18,346 [ERROR] LogOutputStream:75 - [STDERR_REDIRECT] [Fatal Error] :1:1: Premature end of file.
2025-09-23 00:32:18,346 [ERROR] LogOutputStream:75 - [STDERR_REDIRECT] 
2025-09-23 00:32:19,349 [ERROR] LogOutputStream:75 - [STDERR_REDIRECT] [Fatal Error] :1:1: Premature end of file.
2025-09-23 00:32:19,349 [ERROR] LogOutputStream:75 - [STDERR_REDIRECT] 
2025-09-23 00:32:20,349 [ERROR] LogOutputStream:75 - [STDERR_REDIRECT] [Fatal Error] :1:1: Premature end of file.
2025-09-23 00:32:20,349 [ERROR] LogOutputStream:75 - [STDERR_REDIRECT] 
2025-09-23 00:32:21,346 [ERROR] LogOutputStream:75 - [STDERR_REDIRECT] [Fatal Error] :1:1: Premature end of file.
2025-09-23 00:32:21,346 [ERROR] LogOutputStream:75 - [STDERR_REDIRECT] 
2025-09-23 00:32:22,348 [ERROR] LogOutputStream:75 - [STDERR_REDIRECT] [Fatal Error] :1:1: Premature end of file.
2025-09-23 00:32:22,348 [ERROR] LogOutputStream:75 - [STDERR_REDIRECT] 
2025-09-23 00:32:23,346 [ERROR] LogOutputStream:75 - [STDERR_REDIRECT] [Fatal Error] :1:1: Premature end of file.
2025-09-23 00:32:23,346 [ERROR] LogOutputStream:75 - [STDERR_REDIRECT] 
2025-09-23 00:32:24,346 [ERROR] LogOutputStream:75 - [STDERR_REDIRECT] [Fatal Error] :1:1: Premature end of file.
2025-09-23 00:32:24,346 [ERROR] LogOutputStream:75 - [STDERR_REDIRECT] 
2025-09-23 00:32:25,346 [ERROR] LogOutputStream:75 - [STDERR_REDIRECT] [Fatal Error] :1:1: Premature end of file.
2025-09-23 00:32:25,347 [ERROR] LogOutputStream:75 - [STDERR_REDIRECT] 
2025-09-23 00:32:26,348 [ERROR] LogOutputStream:75 - [STDERR_REDIRECT] [Fatal Error] :1:1: Premature end of file.
2025-09-23 00:32:26,348 [ERROR] LogOutputStream:75 - [STDERR_REDIRECT] 
2025-09-23 00:32:27,347 [ERROR] LogOutputStream:75 - [STDERR_REDIRECT] [Fatal Error] :1:1: Premature end of file.
2025-09-23 00:32:27,347 [ERROR] LogOutputStream:75 - [STDERR_REDIRECT] 
2025-09-23 00:32:28,346 [ERROR] LogOutputStream:75 - [STDERR_REDIRECT] [Fatal Error] :1:1: Premature end of file.
2025-09-23 00:32:28,346 [ERROR] LogOutputStream:75 - [STDERR_REDIRECT] 
2025-09-23 00:32:29,348 [ERROR] LogOutputStream:75 - [STDERR_REDIRECT] [Fatal Error] :1:1: Premature end of file.
2025-09-23 00:32:29,348 [ERROR] LogOutputStream:75 - [STDERR_REDIRECT] 
2025-09-23 00:32:30,348 [ERROR] LogOutputStream:75 - [STDERR_REDIRECT] [Fatal Error] :1:1: Premature end of file.
2025-09-23 00:32:30,348 [ERROR] LogOutputStream:75 - [STDERR_REDIRECT] 
2025-09-23 00:32:31,348 [ERROR] LogOutputStream:75 - [STDERR_REDIRECT] [Fatal Error] :1:1: Premature end of file.
2025-09-23 00:32:31,348 [ERROR] LogOutputStream:75 - [STDERR_REDIRECT] 
2025-09-23 00:32:32,348 [ERROR] LogOutputStream:75 - [STDERR_REDIRECT] [Fatal Error] :1:1: Premature end of file.
2025-09-23 00:32:32,348 [ERROR] LogOutputStream:75 - [STDERR_REDIRECT] 
2025-09-23 00:32:33,347 [ERROR] LogOutputStream:75 - [STDERR_REDIRECT] [Fatal Error] :1:1: Premature end of file.
2025-09-23 00:32:33,347 [ERROR] LogOutputStream:75 - [STDERR_REDIRECT] 
2025-09-23 00:32:34,346 [ERROR] LogOutputStream:75 - [STDERR_REDIRECT] [Fatal Error] :1:1: Premature end of file.
2025-09-23 00:32:34,346 [ERROR] LogOutputStream:75 - [STDERR_REDIRECT] 
2025-09-23 00:32:35,350 [ERROR] LogOutputStream:75 - [STDERR_REDIRECT] [Fatal Error] :1:1: Premature end of file.
2025-09-23 00:32:35,351 [ERROR] LogOutputStream:75 - [STDERR_REDIRECT] 
2025-09-23 00:32:36,347 [ERROR] LogOutputStream:75 - [STDERR_REDIRECT] [Fatal Error] :1:1: Premature end of file.
2025-09-23 00:32:36,347 [ERROR] LogOutputStream:75 - [STDERR_REDIRECT] 
2025-09-23 00:32:37,349 [ERROR] LogOutputStream:75 - [STDERR_REDIRECT] [Fatal Error] :1:1: Premature end of file.
2025-09-23 00:32:37,349 [ERROR] LogOutputStream:75 - [STDERR_REDIRECT] 
2025-09-23 00:32:38,347 [ERROR] LogOutputStream:75 - [STDERR_REDIRECT] [Fatal Error] :1:1: Premature end of file.
2025-09-23 00:32:38,347 [ERROR] LogOutputStream:75 - [STDERR_REDIRECT] 
2025-09-23 00:32:39,347 [ERROR] LogOutputStream:75 - [STDERR_REDIRECT] [Fatal Error] :1:1: Premature end of file.
2025-09-23 00:32:39,347 [ERROR] LogOutputStream:75 - [STDERR_REDIRECT] 
2025-09-23 00:32:40,350 [ERROR] LogOutputStream:75 - [STDERR_REDIRECT] [Fatal Error] :1:1: Premature end of file.
2025-09-23 00:32:40,350 [ERROR] LogOutputStream:75 - [STDERR_REDIRECT] 
2025-09-23 00:32:41,347 [ERROR] LogOutputStream:75 - [STDERR_REDIRECT] [Fatal Error] :1:1: Premature end of file.
2025-09-23 00:32:41,347 [ERROR] LogOutputStream:75 - [STDERR_REDIRECT] 
2025-09-23 00:32:42,347 [ERROR] LogOutputStream:75 - [STDERR_REDIRECT] [Fatal Error] :1:1: Premature end of file.
2025-09-23 00:32:42,347 [ERROR] LogOutputStream:75 - [STDERR_REDIRECT] 
2025-09-23 00:32:43,346 [ERROR] LogOutputStream:75 - [STDERR_REDIRECT] [Fatal Error] :1:1: Premature end of file.
2025-09-23 00:32:43,346 [ERROR] LogOutputStream:75 - [STDERR_REDIRECT] 
2025-09-23 00:32:44,348 [ERROR] LogOutputStream:75 - [STDERR_REDIRECT] [Fatal Error] :1:1: Premature end of file.
2025-09-23 00:32:44,348 [ERROR] LogOutputStream:75 - [STDERR_REDIRECT] 
2025-09-23 00:32:45,348 [ERROR] LogOutputStream:75 - [STDERR_REDIRECT] [Fatal Error] :1:1: Premature end of file.
2025-09-23 00:32:45,348 [ERROR] LogOutputStream:75 - [STDERR_REDIRECT] 
2025-09-23 00:32:46,348 [ERROR] LogOutputStream:75 - [STDERR_REDIRECT] [Fatal Error] :1:1: Premature end of file.
2025-09-23 00:32:46,348 [ERROR] LogOutputStream:75 - [STDERR_REDIRECT] 
2025-09-23 00:32:47,351 [ERROR] LogOutputStream:75 - [STDERR_REDIRECT] [Fatal Error] :1:1: Premature end of file.
2025-09-23 00:32:47,351 [ERROR] LogOutputStream:75 - [STDERR_REDIRECT] 
2025-09-23 00:32:48,347 [ERROR] LogOutputStream:75 - [STDERR_REDIRECT] [Fatal Error] :1:1: Premature end of file.
2025-09-23 00:32:48,347 [ERROR] LogOutputStream:75 - [STDERR_REDIRECT] 
2025-09-23 00:32:49,347 [ERROR] LogOutputStream:75 - [STDERR_REDIRECT] [Fatal Error] :1:1: Premature end of file.
2025-09-23 00:32:49,347 [ERROR] LogOutputStream:75 - [STDERR_REDIRECT] 
2025-09-23 00:32:50,347 [ERROR] LogOutputStream:75 - [STDERR_REDIRECT] [Fatal Error] :1:1: Premature end of file.
2025-09-23 00:32:50,347 [ERROR] LogOutputStream:75 - [STDERR_REDIRECT] 
2025-09-23 00:32:51,348 [ERROR] LogOutputStream:75 - [STDERR_REDIRECT] [Fatal Error] :1:1: Premature end of file.
2025-09-23 00:32:51,349 [ERROR] LogOutputStream:75 - [STDERR_REDIRECT] 
2025-09-23 00:32:52,346 [ERROR] LogOutputStream:75 - [STDERR_REDIRECT] [Fatal Error] :1:1: Premature end of file.
2025-09-23 00:32:52,347 [ERROR] LogOutputStream:75 - [STDERR_REDIRECT] 
2025-09-23 00:32:53,347 [ERROR] LogOutputStream:75 - [STDERR_REDIRECT] [Fatal Error] :1:1: Premature end of file.
2025-09-23 00:32:53,347 [ERROR] LogOutputStream:75 - [STDERR_REDIRECT] 
2025-09-23 00:32:54,354 [ERROR] LogOutputStream:75 - [STDERR_REDIRECT] [Fatal Error] :1:1: Premature end of file.
2025-09-23 00:32:54,354 [ERROR] LogOutputStream:75 - [STDERR_REDIRECT] 
2025-09-23 00:32:55,345 [ERROR] LogOutputStream:75 - [STDERR_REDIRECT] [Fatal Error] :1:1: Premature end of file.
2025-09-23 00:32:55,346 [ERROR] LogOutputStream:75 - [STDERR_REDIRECT] 
2025-09-23 00:32:56,346 [ERROR] LogOutputStream:75 - [STDERR_REDIRECT] [Fatal Error] :1:1: Premature end of file.
2025-09-23 00:32:56,346 [ERROR] LogOutputStream:75 - [STDERR_REDIRECT] 
2025-09-23 00:32:57,346 [ERROR] LogOutputStream:75 - [STDERR_REDIRECT] [Fatal Error] :1:1: Premature end of file.
2025-09-23 00:32:57,346 [ERROR] LogOutputStream:75 - [STDERR_REDIRECT] 
2025-09-23 00:32:58,347 [ERROR] LogOutputStream:75 - [STDERR_REDIRECT] [Fatal Error] :1:1: Premature end of file.
2025-09-23 00:32:58,347 [ERROR] LogOutputStream:75 - [STDERR_REDIRECT] 
2025-09-23 00:32:59,348 [ERROR] LogOutputStream:75 - [STDERR_REDIRECT] [Fatal Error] :1:1: Premature end of file.
2025-09-23 00:32:59,348 [ERROR] LogOutputStream:75 - [STDERR_REDIRECT] 
2025-09-23 00:33:00,347 [ERROR] LogOutputStream:75 - [STDERR_REDIRECT] [Fatal Error] :1:1: Premature end of file.
2025-09-23 00:33:00,347 [ERROR] LogOutputStream:75 - [STDERR_REDIRECT] 
2025-09-23 00:33:01,347 [ERROR] LogOutputStream:75 - [STDERR_REDIRECT] [Fatal Error] :1:1: Premature end of file.
2025-09-23 00:33:01,347 [ERROR] LogOutputStream:75 - [STDERR_REDIRECT] 
2025-09-23 00:33:02,346 [ERROR] LogOutputStream:75 - [STDERR_REDIRECT] [Fatal Error] :1:1: Premature end of file.
2025-09-23 00:33:02,346 [ERROR] LogOutputStream:75 - [STDERR_REDIRECT] 
2025-09-23 00:33:03,361 [ERROR] LogOutputStream:75 - [STDERR_REDIRECT] [Fatal Error] :1:1: Premature end of file.
2025-09-23 00:33:03,361 [ERROR] LogOutputStream:75 - [STDERR_REDIRECT] 
2025-09-23 00:33:03,679 [ERROR] LogOutputStream:75 - [STDERR_REDIRECT] 
2025-09-23 23:39:29,465 [INFO] Activator:176 - 


2025-09-23 23:39:29,468 [INFO] Activator:177 - !SESSION log4j initialized
2025-09-23 23:39:40,830 [INFO] LogOutputStream:77 - [STDOUT_REDIRECT] 
2025-09-23 23:39:43,637 [INFO] ApplicationProperties:184 - Using Application install path: C:\ST\STM32CubeIDE_1.19.0\STM32CubeIDE\plugins\com.st.stm32cube.common.mx_6.15.0.202507011659
2025-09-23 23:39:43,669 [INFO] DbMcusXml:78 - Set database path to: C:\ST\STM32CubeIDE_1.19.0\STM32CubeIDE\plugins\com.st.stm32cube.common.mx_6.15.0.202507011659\\db\/mcu/
2025-09-23 23:39:43,669 [INFO] ApiDb:274 - Set plugin database path to: C:\ST\STM32CubeIDE_1.19.0\STM32CubeIDE\plugins\com.st.stm32cube.common.mx_6.15.0.202507011659\\db\/plugins/boardmanager/
2025-09-23 23:39:43,669 [WARN] ApiDb:259 - Overriding images path with different value:  => C:\ST\STM32CubeIDE_1.19.0\STM32CubeIDE\plugins\com.st.stm32cube.common.mx_6.15.0.202507011659\\db\/plugins/mcufinder/images/
2025-09-23 23:39:43,696 [INFO] ApiDb:250 - Set database path to: C:\Users\Anbu\.stmcufinder\plugins\mcufinder//mcu/
2025-09-23 23:39:43,698 [INFO] DbMcusAds:125 - Set database path to: C:\Users\Anbu\.stmcufinder\plugins\mcufinder//mcu/
2025-09-23 23:39:43,702 [INFO] CrossReferenceDbSqlite:203 - Set database path to: C:\Users\Anbu\.stmcufinder\plugins\mcufinder//mcu/cs/
2025-09-23 23:39:43,885 [INFO] RulesReader:64 - Compatibility file has been processed (317 Rules)
2025-09-23 23:39:44,024 [INFO] DbMcusXml:78 - Set database path to: C:\ST\STM32CubeIDE_1.19.0\STM32CubeIDE\plugins\com.st.stm32cube.common.mx_6.15.0.202507011659\\db\/mcu/
2025-09-23 23:39:44,024 [INFO] ApiDb:274 - Set plugin database path to: C:\ST\STM32CubeIDE_1.19.0\STM32CubeIDE\plugins\com.st.stm32cube.common.mx_6.15.0.202507011659\\db\/plugins/boardmanager/
2025-09-23 23:39:44,024 [INFO] ApiDb:261 - Set plugin images path to: C:\ST\STM32CubeIDE_1.19.0\STM32CubeIDE\plugins\com.st.stm32cube.common.mx_6.15.0.202507011659\\db\/plugins/mcufinder/images/
2025-09-23 23:39:44,024 [WARN] DbFile:41 - Overriding database path with different value: C:\Users\Anbu\.stmcufinder\plugins\mcufinder/ => C:\Users\Anbu\.stmcufinder\plugins\mcufinder
2025-09-23 23:39:44,025 [INFO] ApiDb:250 - Set database path to: C:\Users\Anbu\.stmcufinder\plugins\mcufinder//mcu/
2025-09-23 23:39:44,025 [WARN] DbFile:41 - Overriding database path with different value: C:\Users\Anbu\.stmcufinder\plugins\mcufinder/ => C:\Users\Anbu\.stmcufinder\plugins\mcufinder
2025-09-23 23:39:44,025 [INFO] DbMcusAds:125 - Set database path to: C:\Users\Anbu\.stmcufinder\plugins\mcufinder//mcu/
2025-09-23 23:39:44,025 [WARN] DbFile:41 - Overriding database path with different value: C:\Users\Anbu\.stmcufinder\plugins\mcufinder/ => C:\Users\Anbu\.stmcufinder\plugins\mcufinder
2025-09-23 23:39:44,025 [WARN] DbFile:41 - Overriding database path with different value: C:\Users\Anbu\.stmcufinder\plugins\mcufinder/ => C:\Users\Anbu\.stmcufinder\plugins\mcufinder
2025-09-23 23:39:44,025 [INFO] CrossReferenceDbSqlite:203 - Set database path to: C:\Users\Anbu\.stmcufinder\plugins\mcufinder//mcu/cs/
2025-09-23 23:39:44,133 [INFO] MainPanel:274 - HeapMemory: 268435456
2025-09-23 23:39:44,281 [INFO] DbMcusXml:78 - Set database path to: C:\ST\STM32CubeIDE_1.19.0\STM32CubeIDE\plugins\com.st.stm32cube.common.mx_6.15.0.202507011659\\db\/mcu/
2025-09-23 23:39:44,281 [INFO] ApiDb:274 - Set plugin database path to: C:\ST\STM32CubeIDE_1.19.0\STM32CubeIDE\plugins\com.st.stm32cube.common.mx_6.15.0.202507011659\\db\/plugins/boardmanager/
2025-09-23 23:39:44,281 [INFO] ApiDb:261 - Set plugin images path to: C:\ST\STM32CubeIDE_1.19.0\STM32CubeIDE\plugins\com.st.stm32cube.common.mx_6.15.0.202507011659\\db\/plugins/mcufinder/images/
2025-09-23 23:39:44,282 [WARN] DbFile:41 - Overriding database path with different value: C:\Users\Anbu\.stmcufinder\plugins\mcufinder/ => C:\Users\Anbu\.stmcufinder\plugins\mcufinder
2025-09-23 23:39:44,282 [INFO] ApiDb:250 - Set database path to: C:\Users\Anbu\.stmcufinder\plugins\mcufinder//mcu/
2025-09-23 23:39:44,282 [WARN] DbFile:41 - Overriding database path with different value: C:\Users\Anbu\.stmcufinder\plugins\mcufinder/ => C:\Users\Anbu\.stmcufinder\plugins\mcufinder
2025-09-23 23:39:44,282 [INFO] DbMcusAds:125 - Set database path to: C:\Users\Anbu\.stmcufinder\plugins\mcufinder//mcu/
2025-09-23 23:39:44,282 [WARN] DbFile:41 - Overriding database path with different value: C:\Users\Anbu\.stmcufinder\plugins\mcufinder/ => C:\Users\Anbu\.stmcufinder\plugins\mcufinder
2025-09-23 23:39:44,283 [WARN] DbFile:41 - Overriding database path with different value: C:\Users\Anbu\.stmcufinder\plugins\mcufinder/ => C:\Users\Anbu\.stmcufinder\plugins\mcufinder
2025-09-23 23:39:44,283 [INFO] CrossReferenceDbSqlite:203 - Set database path to: C:\Users\Anbu\.stmcufinder\plugins\mcufinder//mcu/cs/
2025-09-23 23:39:44,309 [INFO] ApplicationProperties:184 - Using Application install path: C:\ST\STM32CubeIDE_1.19.0\STM32CubeIDE\plugins\com.st.stm32cube.common.mx_6.15.0.202507011659
2025-09-23 23:39:44,311 [INFO] PluginManage:196 - Search for loadable plugins [exclusion list=, ]
2025-09-23 23:39:44,313 [INFO] PluginManage:310 - Check plugin analytics
2025-09-23 23:39:44,618 [INFO] AnalyticsPlugin:253 - Accepted Software Licenses: STM32CubeMX.6.15.0
2025-09-23 23:39:44,619 [INFO] AnalyticsPlugin:255 - Accepted CMSIS Pack Licenses: 
2025-09-23 23:39:44,619 [INFO] AnalyticsPlugin:257 - Accepted Firmware Licenses: 
2025-09-23 23:39:44,628 [INFO] PluginManage:359 - Loaded plugin analytics (category:tool,tabindex:-1)
2025-09-23 23:39:44,629 [INFO] PluginManage:310 - Check plugin cadmodel
2025-09-23 23:39:44,666 [INFO] CADModel:105 - Init CAD model plugin
2025-09-23 23:39:44,667 [INFO] PluginManage:359 - Loaded plugin cadmodel (category:power,tabindex:5)
2025-09-23 23:39:44,667 [INFO] PluginManage:310 - Check plugin clock
2025-09-23 23:39:44,705 [INFO] PluginManage:359 - Loaded plugin clock (category:base,tabindex:2)
2025-09-23 23:39:44,705 [INFO] PluginManage:310 - Check plugin ddr
2025-09-23 23:39:44,709 [INFO] PluginManage:359 - Loaded plugin ddr (category:tool,tabindex:6)
2025-09-23 23:39:44,710 [INFO] PluginManage:310 - Check plugin filemanager
2025-09-23 23:39:44,923 [INFO] PluginManage:359 - Loaded plugin filemanager (category:base,tabindex:10)
2025-09-23 23:39:44,923 [INFO] PluginManage:310 - Check plugin ipmanager
2025-09-23 23:39:44,934 [INFO] PluginManage:359 - Loaded plugin ipmanager (category:base,tabindex:5)
2025-09-23 23:39:44,934 [INFO] PluginManage:310 - Check plugin lpbam
2025-09-23 23:39:44,963 [INFO] PluginManage:359 - Loaded plugin lpbam (category:base,tabindex:0)
2025-09-23 23:39:44,964 [INFO] PluginManage:310 - Check plugin memorymap
2025-09-23 23:39:45,002 [INFO] PluginManage:359 - Loaded plugin memorymap (category:base,tabindex:4)
2025-09-23 23:39:45,003 [INFO] PluginManage:310 - Check plugin pinoutandconfiguration
2025-09-23 23:39:45,035 [INFO] PluginManage:359 - Loaded plugin pinoutandconfiguration (category:base,tabindex:1)
2025-09-23 23:39:45,035 [INFO] PluginManage:310 - Check plugin pinoutconfig
2025-09-23 23:39:45,185 [WARN] SupportedApi:132 - Cannot load RTOS API schema: s4s-elt-must-match.1: The content of 'definitions' must match (annotation?, (simpleType | complexType)?, (unique | key | keyref)*)). A problem was found starting at: attribute.
2025-09-23 23:39:45,403 [INFO] PluginManage:359 - Loaded plugin pinoutconfig (category:base,tabindex:0)
2025-09-23 23:39:45,403 [INFO] PluginManage:310 - Check plugin power
2025-09-23 23:39:45,437 [INFO] PluginManage:359 - Loaded plugin power (category:power,tabindex:4)
2025-09-23 23:39:45,437 [INFO] PluginManage:310 - Check plugin projectmanager
2025-09-23 23:39:45,465 [INFO] PluginManage:359 - Loaded plugin projectmanager (category:projectmanager,tabindex:4)
2025-09-23 23:39:45,465 [INFO] PluginManage:310 - Check plugin rif
2025-09-23 23:39:45,496 [INFO] PluginManage:359 - Loaded plugin rif (category:base,tabindex:3)
2025-09-23 23:39:45,497 [INFO] PluginManage:310 - Check plugin thirdparty
2025-09-23 23:39:45,979 [INFO] PluginManage:359 - Loaded plugin thirdparty (category:base,tabindex:-1)
2025-09-23 23:39:45,979 [WARN] IntegrityCheckThread:84 - waiting for thirdparty lock release [integrity check]
2025-09-23 23:39:45,980 [INFO] PluginManage:310 - Check plugin tools
2025-09-23 23:39:45,980 [INFO] IntegrityCheckThread:86 - entering critical section [integrity check]
2025-09-23 23:39:45,980 [INFO] ThirdPartyUpdaterWithRetryManager:70 - Updater plugin not ready yet. [1/15]
2025-09-23 23:39:46,044 [INFO] PluginManage:359 - Loaded plugin tools (category:base,tabindex:7)
2025-09-23 23:39:46,044 [INFO] PluginManage:310 - Check plugin tutovideos
2025-09-23 23:39:46,406 [INFO] PluginManage:359 - Loaded plugin tutovideos (category:base,tabindex:-1)
2025-09-23 23:39:46,406 [INFO] PluginManage:310 - Check plugin updater
2025-09-23 23:39:46,437 [INFO] PluginManage:359 - Loaded plugin updater (category:base,tabindex:12)
2025-09-23 23:39:46,437 [INFO] PluginManage:310 - Check plugin userauth
2025-09-23 23:39:46,442 [INFO] UserAuth:118 - Init User Auth plugin
2025-09-23 23:39:46,443 [INFO] PluginManage:359 - Loaded plugin userauth (category:base,tabindex:14)
2025-09-23 23:39:46,443 [INFO] PluginManage:283 - PluginManage : Loaded plugins [18]
2025-09-23 23:39:46,747 [INFO] PinOutPanel:1589 - setPackage(No Configuration,No Configuration)
2025-09-23 23:39:46,877 [INFO] CADModel:165 - CPN selected for project level
2025-09-23 23:39:46,877 [INFO] CADModel:114 - Register for checkConnection events
2025-09-23 23:39:46,921 [INFO] IPUIPlugin:80 - create IPUIPlugin
2025-09-23 23:39:46,922 [INFO] PluginManager:220 - loadIPPluginJar : add adc
2025-09-23 23:39:46,992 [INFO] IPUIPlugin:80 - create IPUIPlugin
2025-09-23 23:39:46,992 [INFO] PluginManager:220 - loadIPPluginJar : add aes
2025-09-23 23:39:47,084 [INFO] IPUIPlugin:80 - create IPUIPlugin
2025-09-23 23:39:47,084 [INFO] PluginManager:220 - loadIPPluginJar : add can
2025-09-23 23:39:47,143 [INFO] IPUIPlugin:80 - create IPUIPlugin
2025-09-23 23:39:47,143 [INFO] PluginManager:220 - loadIPPluginJar : add comp
2025-09-23 23:39:47,212 [INFO] IPUIPlugin:80 - create IPUIPlugin
2025-09-23 23:39:47,212 [INFO] PluginManager:220 - loadIPPluginJar : add cryp
2025-09-23 23:39:47,243 [INFO] IPUIPlugin:80 - create IPUIPlugin
2025-09-23 23:39:47,243 [INFO] PluginManager:220 - loadIPPluginJar : add ddr_ctrl_phy
2025-09-23 23:39:47,306 [INFO] IPUIPlugin:80 - create IPUIPlugin
2025-09-23 23:39:47,306 [INFO] PluginManager:220 - loadIPPluginJar : add dfsdm
2025-09-23 23:39:47,331 [INFO] IPUIPlugin:80 - create IPUIPlugin
2025-09-23 23:39:47,332 [INFO] PluginManager:220 - loadIPPluginJar : add dma
2025-09-23 23:39:47,398 [INFO] IPUIPlugin:80 - create IPUIPlugin
2025-09-23 23:39:47,398 [INFO] PluginManager:220 - loadIPPluginJar : add dma3
2025-09-23 23:39:47,486 [INFO] IPUIPlugin:80 - create IPUIPlugin
2025-09-23 23:39:47,486 [INFO] PluginManager:220 - loadIPPluginJar : add extmemmanager
2025-09-23 23:39:47,534 [INFO] IPUIPlugin:80 - create IPUIPlugin
2025-09-23 23:39:47,534 [INFO] PluginManager:220 - loadIPPluginJar : add fatfs
2025-09-23 23:39:47,628 [INFO] IPUIPlugin:80 - create IPUIPlugin
2025-09-23 23:39:47,628 [INFO] PluginManager:220 - loadIPPluginJar : add fmc
2025-09-23 23:39:47,661 [INFO] IPUIPlugin:80 - create IPUIPlugin
2025-09-23 23:39:47,662 [INFO] PluginManager:220 - loadIPPluginJar : add freertos
2025-09-23 23:39:47,701 [INFO] IPUIPlugin:80 - create IPUIPlugin
2025-09-23 23:39:47,702 [INFO] PluginManager:220 - loadIPPluginJar : add genericplugin
2025-09-23 23:39:47,866 [INFO] IPUIPlugin:80 - create IPUIPlugin
2025-09-23 23:39:47,866 [INFO] PluginManager:220 - loadIPPluginJar : add gfxmmu
2025-09-23 23:39:48,111 [INFO] IPUIPlugin:80 - create IPUIPlugin
2025-09-23 23:39:48,111 [INFO] PluginManager:220 - loadIPPluginJar : add gic
2025-09-23 23:39:48,133 [INFO] IPUIPlugin:80 - create IPUIPlugin
2025-09-23 23:39:48,133 [INFO] PluginManager:220 - loadIPPluginJar : add gpio
2025-09-23 23:39:48,295 [INFO] IPUIPlugin:80 - create IPUIPlugin
2025-09-23 23:39:48,296 [INFO] PluginManager:220 - loadIPPluginJar : add gtzc
2025-09-23 23:39:48,362 [INFO] IPUIPlugin:80 - create IPUIPlugin
2025-09-23 23:39:48,362 [INFO] PluginManager:220 - loadIPPluginJar : add hash
2025-09-23 23:39:48,462 [INFO] IPUIPlugin:80 - create IPUIPlugin
2025-09-23 23:39:48,462 [INFO] PluginManager:220 - loadIPPluginJar : add i2c
2025-09-23 23:39:48,540 [INFO] IPUIPlugin:80 - create IPUIPlugin
2025-09-23 23:39:48,541 [INFO] PluginManager:220 - loadIPPluginJar : add i2s
2025-09-23 23:39:48,623 [INFO] IPUIPlugin:80 - create IPUIPlugin
2025-09-23 23:39:48,623 [INFO] PluginManager:220 - loadIPPluginJar : add i3c
2025-09-23 23:39:48,810 [INFO] IPUIPlugin:80 - create IPUIPlugin
2025-09-23 23:39:48,810 [INFO] PluginManager:220 - loadIPPluginJar : add ipddr
2025-09-23 23:39:48,982 [INFO] ThirdPartyUpdaterWithRetryManager:70 - Updater plugin not ready yet. [2/15]
2025-09-23 23:39:48,986 [INFO] IPUIPlugin:80 - create IPUIPlugin
2025-09-23 23:39:48,986 [INFO] PluginManager:220 - loadIPPluginJar : add linkedlist
2025-09-23 23:39:49,052 [INFO] IPUIPlugin:80 - create IPUIPlugin
2025-09-23 23:39:49,052 [INFO] PluginManager:220 - loadIPPluginJar : add lorawan
2025-09-23 23:39:49,118 [INFO] IPUIPlugin:80 - create IPUIPlugin
2025-09-23 23:39:49,118 [INFO] PluginManager:220 - loadIPPluginJar : add ltdc
2025-09-23 23:39:49,149 [INFO] IPUIPlugin:80 - create IPUIPlugin
2025-09-23 23:39:49,150 [INFO] PluginManager:220 - loadIPPluginJar : add mdma
2025-09-23 23:39:49,172 [INFO] IPUIPlugin:80 - create IPUIPlugin
2025-09-23 23:39:49,173 [INFO] PluginManager:220 - loadIPPluginJar : add nvic
2025-09-23 23:39:49,240 [INFO] IPUIPlugin:80 - create IPUIPlugin
2025-09-23 23:39:49,240 [INFO] PluginManager:220 - loadIPPluginJar : add opamp
2025-09-23 23:39:49,366 [INFO] IPUIPlugin:80 - create IPUIPlugin
2025-09-23 23:39:49,367 [INFO] PluginManager:220 - loadIPPluginJar : add openamp
2025-09-23 23:39:49,453 [INFO] IPUIPlugin:80 - create IPUIPlugin
2025-09-23 23:39:49,454 [INFO] PluginManager:220 - loadIPPluginJar : add pdm2pcm
2025-09-23 23:39:49,479 [INFO] IPUIPlugin:80 - create IPUIPlugin
2025-09-23 23:39:49,482 [INFO] PluginManager:220 - loadIPPluginJar : add plateformsettings
2025-09-23 23:39:49,535 [INFO] IPUIPlugin:80 - create IPUIPlugin
2025-09-23 23:39:49,541 [INFO] PluginManager:220 - loadIPPluginJar : add quadspi
2025-09-23 23:39:49,595 [INFO] IPUIPlugin:80 - create IPUIPlugin
2025-09-23 23:39:49,596 [INFO] PluginManager:220 - loadIPPluginJar : add radio
2025-09-23 23:39:49,628 [INFO] IPUIPlugin:80 - create IPUIPlugin
2025-09-23 23:39:49,628 [INFO] PluginManager:220 - loadIPPluginJar : add resmgrutility
2025-09-23 23:39:49,718 [INFO] IPUIPlugin:80 - create IPUIPlugin
2025-09-23 23:39:49,718 [INFO] PluginManager:220 - loadIPPluginJar : add sai
2025-09-23 23:39:49,792 [INFO] IPUIPlugin:80 - create IPUIPlugin
2025-09-23 23:39:49,792 [INFO] PluginManager:220 - loadIPPluginJar : add spi
2025-09-23 23:39:49,952 [INFO] IPUIPlugin:80 - create IPUIPlugin
2025-09-23 23:39:49,952 [INFO] PluginManager:220 - loadIPPluginJar : add stm32_wpan
2025-09-23 23:39:50,004 [INFO] IPUIPlugin:80 - create IPUIPlugin
2025-09-23 23:39:50,005 [INFO] PluginManager:220 - loadIPPluginJar : add tim
2025-09-23 23:39:50,119 [INFO] IPUIPlugin:80 - create IPUIPlugin
2025-09-23 23:39:50,120 [INFO] PluginManager:220 - loadIPPluginJar : add touchsensing
2025-09-23 23:39:50,177 [INFO] IPUIPlugin:80 - create IPUIPlugin
2025-09-23 23:39:50,177 [INFO] PluginManager:220 - loadIPPluginJar : add tracer_emb
2025-09-23 23:39:50,237 [INFO] IPUIPlugin:80 - create IPUIPlugin
2025-09-23 23:39:50,237 [INFO] PluginManager:220 - loadIPPluginJar : add ts
2025-09-23 23:39:50,292 [INFO] IPUIPlugin:80 - create IPUIPlugin
2025-09-23 23:39:50,293 [INFO] PluginManager:220 - loadIPPluginJar : add tsc
2025-09-23 23:39:50,346 [INFO] IPUIPlugin:80 - create IPUIPlugin
2025-09-23 23:39:50,346 [INFO] PluginManager:220 - loadIPPluginJar : add ucpd
2025-09-23 23:39:50,458 [INFO] IPUIPlugin:80 - create IPUIPlugin
2025-09-23 23:39:50,458 [INFO] PluginManager:220 - loadIPPluginJar : add usart
2025-09-23 23:39:50,573 [INFO] IPUIPlugin:80 - create IPUIPlugin
2025-09-23 23:39:50,573 [INFO] PluginManager:220 - loadIPPluginJar : add usbx
2025-09-23 23:39:50,739 [FATAL] Updater:351 - Updater called before beeing initialized
2025-09-23 23:39:50,795 [INFO] RulesReader:64 - Compatibility file has been processed (317 Rules)
2025-09-23 23:39:50,815 [INFO] RulesReader:64 - Compatibility file has been processed (317 Rules)
2025-09-23 23:39:50,844 [INFO] CADModel:165 - CPN selected for project level
2025-09-23 23:39:50,844 [INFO] CADModel:114 - Register for checkConnection events
2025-09-23 23:39:50,844 [FATAL] Updater:351 - Updater called before beeing initialized
2025-09-23 23:39:50,844 [ERROR] CADModel:125 - Updater not yet initialized, retry later 
2025-09-23 23:39:51,098 [FATAL] Updater:351 - Updater called before beeing initialized
2025-09-23 23:39:51,102 [INFO] CADModel:165 - CPN selected for project level
2025-09-23 23:39:51,102 [INFO] CADModel:114 - Register for checkConnection events
2025-09-23 23:39:51,102 [FATAL] Updater:351 - Updater called before beeing initialized
2025-09-23 23:39:51,102 [ERROR] CADModel:125 - Updater not yet initialized, retry later 
2025-09-23 23:39:51,107 [FATAL] Updater:351 - Updater called before beeing initialized
2025-09-23 23:39:51,340 [FATAL] Updater:351 - Updater called before beeing initialized
2025-09-23 23:39:51,358 [INFO] DbMcusAds:53 - JSON generation date=Tue Jul 08 13:44:23 IST 2025 (1751962463582)
2025-09-23 23:39:51,358 [FATAL] Updater:351 - Updater called before beeing initialized
2025-09-23 23:39:51,417 [WARN] DetailPanel:346 - Failed to get advertising image, set to default
2025-09-23 23:39:51,536 [FATAL] Updater:351 - Updater called before beeing initialized
2025-09-23 23:39:51,538 [FATAL] Updater:351 - Updater called before beeing initialized
2025-09-23 23:39:51,539 [FATAL] Updater:351 - Updater called before beeing initialized
2025-09-23 23:39:51,539 [WARN] DetailPanel:346 - Failed to get advertising image, set to default
2025-09-23 23:39:51,540 [FATAL] Updater:351 - Updater called before beeing initialized
2025-09-23 23:39:51,641 [ERROR] Updater:1198 - MainUpdater not yet initialized. External WinMGr cannot be set.
2025-09-23 23:39:51,664 [INFO] Updater:1134 - Updater Version found : 6.15.0
2025-09-23 23:39:51,684 [INFO] ApplicationProperties:184 - Using Application install path: C:\ST\STM32CubeIDE_1.19.0\STM32CubeIDE\plugins\com.st.stm32cube.common.mx_6.15.0.202507011659
2025-09-23 23:39:51,982 [INFO] ThirdPartyUpdaterWithRetryManager:70 - Updater plugin not ready yet. [3/15]
2025-09-23 23:39:53,289 [ERROR] LogOutputStream:75 - [STDERR_REDIRECT] Sep 23, 2025 11:39:53 PM java.util.prefs.WindowsPreferences <init>
2025-09-23 23:39:53,291 [ERROR] LogOutputStream:75 - [STDERR_REDIRECT] WARNING: Could not open/create prefs root node Software\JavaSoft\Prefs at root 0xffffffff80000002. Windows RegCreateKeyEx(...) returned error code 5.
2025-09-23 23:39:53,291 [ERROR] LogOutputStream:75 - [STDERR_REDIRECT] 
2025-09-23 23:39:54,051 [INFO] MainUpdater:2872 - connection check result : 10
2025-09-23 23:39:54,052 [INFO] MainUpdater:289 - Updater Check For Update Now.
2025-09-23 23:39:54,053 [INFO] MicroXplorer:498 - Change Database Version : DB.6.0.150
2025-09-23 23:39:54,128 [INFO] McuFinderGlobals:63 - Set McuFinder mode to 2 (CubeIDE integrated)
2025-09-23 23:39:54,148 [INFO] UserAuth:487 - Internet connection configuration mode: 1
2025-09-23 23:39:54,227 [INFO] JxBrowserEngine:152 - Initiate JxBrowser Engine with user profile folder
2025-09-23 23:39:54,402 [INFO] CheckServerUpdateThread:120 - End of CheckServer Thread
2025-09-23 23:39:55,427 [WARN] PackLoader:240 - Cannot read IP mode file for STMicroelectronics.FP-SNS-MOTENVWB1.1.4.0
2025-09-23 23:39:55,465 [WARN] PackLoader:240 - Cannot read IP mode file for STMicroelectronics.FP-ATR-ASTRA1.2.0.2
2025-09-23 23:39:55,490 [WARN] PackLoader:240 - Cannot read IP mode file for STMicroelectronics.X-CUBE-SMBUS.2.1.0
2025-09-23 23:39:55,514 [WARN] PackLoader:240 - Cannot read IP mode file for STMicroelectronics.X-CUBE-ST60.1.0.0
2025-09-23 23:39:55,586 [WARN] PackLoader:240 - Cannot read IP mode file for STMicroelectronics.X-CUBE-AZRTOS-F7.1.1.0
2025-09-23 23:39:55,647 [WARN] PackLoader:240 - Cannot read IP mode file for Infineon.AIROC-Wi-Fi-Bluetooth-STM32.1.7.1
2025-09-23 23:39:55,733 [WARN] PackLoader:240 - Cannot read IP mode file for STMicroelectronics.X-CUBE-AZRTOS-H7.3.4.0
2025-09-23 23:39:55,829 [WARN] PackLoader:240 - Cannot read IP mode file for STMicroelectronics.X-CUBE-DISPLAY.3.0.0
2025-09-23 23:39:55,871 [WARN] PackLoader:240 - Cannot read IP mode file for STMicroelectronics.X-CUBE-NFC10.1.0.0
2025-09-23 23:39:55,903 [WARN] PackLoader:240 - Cannot read IP mode file for emotas.I-CUBE-CANOPEN.1.3.0
2025-09-23 23:39:55,933 [WARN] PackLoader:240 - Cannot read IP mode file for STMicroelectronics.FP-SNS-STBOX1.2.1.0
2025-09-23 23:39:55,958 [WARN] PackLoader:240 - Cannot read IP mode file for STMicroelectronics.FP-SNS-SMARTAG2.1.2.0
2025-09-23 23:39:55,984 [WARN] PackLoader:240 - Cannot read IP mode file for STMicroelectronics.FP-SNS-FLIGHT1.5.1.0
2025-09-23 23:39:56,016 [INFO] LogOutputStream:77 - [STDOUT_REDIRECT] 1 : Invalid condition id : UX_CORESTACK_Condition cause : null
2025-09-23 23:39:56,018 [INFO] LogOutputStream:77 - [STDOUT_REDIRECT] 1 : Invalid condition id : UX_CORESTACK_Condition cause : null
2025-09-23 23:39:56,020 [INFO] LogOutputStream:77 - [STDOUT_REDIRECT] 1 : Invalid condition id : UX_CORESTACK_Condition cause : null
2025-09-23 23:39:56,022 [INFO] LogOutputStream:77 - [STDOUT_REDIRECT] 1 : Invalid condition id : UX_CORESTACK_Condition cause : null
2025-09-23 23:39:56,023 [INFO] LogOutputStream:77 - [STDOUT_REDIRECT] 1 : Invalid condition id : UX_CORESTACK_Condition cause : null
2025-09-23 23:39:56,027 [WARN] PackLoader:240 - Cannot read IP mode file for STMicroelectronics.X-CUBE-AZRTOS-WL.2.0.0
2025-09-23 23:39:56,053 [WARN] PackLoader:240 - Cannot read IP mode file for STMicroelectronics.FP-SNS-MOTENV1.5.0.0
2025-09-23 23:39:56,086 [WARN] PackLoader:240 - Cannot read IP mode file for WES.I-CUBE-Cesium.1.3.0
2025-09-23 23:39:56,111 [WARN] PackLoader:240 - Cannot read IP mode file for STMicroelectronics.X-CUBE-BLE2.3.3.0
2025-09-23 23:39:56,136 [WARN] PackLoader:240 - Cannot read IP mode file for STMicroelectronics.X-CUBE-NFC9.1.0.0
2025-09-23 23:39:56,161 [WARN] PackLoader:240 - Cannot read IP mode file for wolfSSL.I-CUBE-wolfSSL.5.8.2
2025-09-23 23:39:56,195 [WARN] PackLoader:240 - Cannot read IP mode file for STMicroelectronics.X-CUBE-BLE1.7.1.0
2025-09-23 23:39:56,223 [WARN] PackLoader:240 - Cannot read IP mode file for wolfSSL.I-CUBE-wolfMQTT.1.19.2
2025-09-23 23:39:56,256 [WARN] PackLoader:240 - Cannot read IP mode file for STMicroelectronics.X-CUBE-EEPRMA1.5.2.0
2025-09-23 23:39:56,294 [WARN] PackLoader:240 - Cannot read IP mode file for STMicroelectronics.X-CUBE-AI.10.1.0
2025-09-23 23:39:56,358 [WARN] PackLoader:240 - Cannot read IP mode file for STMicroelectronics.X-CUBE-AZRTOS-G0.1.1.0
2025-09-23 23:39:56,389 [WARN] PackLoader:240 - Cannot read IP mode file for STMicroelectronics.X-CUBE-SAFEA1.1.2.2
2025-09-23 23:39:56,415 [WARN] PackLoader:240 - Cannot read IP mode file for STMicroelectronics.X-CUBE-NFC4.3.0.0
2025-09-23 23:39:56,443 [WARN] PackLoader:240 - Cannot read IP mode file for EmbeddedOffice.I-CUBE-FS-RTOS.1.0.1
2025-09-23 23:39:56,468 [WARN] PackLoader:240 - Cannot read IP mode file for STMicroelectronics.X-CUBE-WB05N.2.0.0
2025-09-23 23:39:56,491 [WARN] PackLoader:240 - Cannot read IP mode file for wolfSSL.I-CUBE-wolfTPM.3.8.0
2025-09-23 23:39:56,514 [WARN] PackLoader:240 - Cannot read IP mode file for STMicroelectronics.X-CUBE-TCPP.4.2.0
2025-09-23 23:39:56,538 [WARN] PackLoader:240 - Cannot read IP mode file for RealThread.X-CUBE-RT-Thread_Nano.4.1.1
2025-09-23 23:39:56,558 [WARN] PackLoader:240 - Cannot read IP mode file for STMicroelectronics.FP-ATR-SIGFOX1.3.2.0
2025-09-23 23:39:56,581 [WARN] PackLoader:240 - Cannot read IP mode file for ITTIA_DB.I-CUBE-ITTIADB.8.9.0
2025-09-23 23:39:56,607 [WARN] PackLoader:240 - Cannot read IP mode file for STMicroelectronics.X-CUBE-ST67W61.1.0.0
2025-09-23 23:39:56,631 [WARN] PackLoader:240 - Cannot read IP mode file for STMicroelectronics.X-CUBE-AI.10.2.0
2025-09-23 23:39:56,691 [WARN] PackLoader:240 - Cannot read IP mode file for SEGGER.I-CUBE-embOS.1.3.1
2025-09-23 23:39:56,752 [WARN] PackLoader:240 - Cannot read IP mode file for STMicroelectronics.X-CUBE-ALGOBUILD.1.4.0
2025-09-23 23:39:56,765 [INFO] WebApp:169 - Instantiating new browser for Auth
2025-09-23 23:39:56,875 [WARN] PackLoader:240 - Cannot read IP mode file for STMicroelectronics.X-CUBE-MEMS1.11.3.0
2025-09-23 23:39:57,090 [WARN] PackLoader:240 - Cannot read IP mode file for STMicroelectronics.X-CUBE-PM33A1.1.0.0
2025-09-23 23:39:57,152 [WARN] PackLoader:240 - Cannot read IP mode file for STMicroelectronics.X-CUBE-AZRTOS-F4.1.1.0
2025-09-23 23:39:57,176 [WARN] PackLoader:240 - Cannot read IP mode file for Avnet-IotConnect.X-CUBE-IoTC-DA16k-PMOD.1.0.0
2025-09-23 23:39:57,197 [WARN] PackLoader:240 - Cannot read IP mode file for STMicroelectronics.X-CUBE-ISPU.2.1.0
2025-09-23 23:39:57,221 [WARN] PackLoader:240 - Cannot read IP mode file for STMicroelectronics.X-CUBE-NFC12.1.0.0
2025-09-23 23:39:57,261 [WARN] PackLoader:240 - Cannot read IP mode file for STMicroelectronics.X-CUBE-AZRTOS-L5.2.0.0
2025-09-23 23:39:57,299 [WARN] PackLoader:240 - Cannot read IP mode file for STMicroelectronics.X-CUBE-NFC6.3.1.0
2025-09-23 23:39:57,345 [WARN] PackLoader:240 - Cannot read IP mode file for STMicroelectronics.X-CUBE-FREERTOS.1.3.1
2025-09-23 23:39:57,377 [WARN] PackLoader:240 - Cannot read IP mode file for STMicroelectronics.FP-SNS-STAIOTCFT.1.0.0
2025-09-23 23:39:57,408 [WARN] PackLoader:240 - Cannot read IP mode file for STMicroelectronics.X-CUBE-DPower.1.3.0
2025-09-23 23:39:57,449 [WARN] ConditionMgr:438 - getConditionDescription Invalid condition id : LAN8742 Phy interface Condition cause : null
2025-09-23 23:39:57,450 [WARN] PackLoader:240 - Cannot read IP mode file for STMicroelectronics.X-CUBE-AZRTOS-L4.2.0.0
2025-09-23 23:39:57,451 [WARN] ConditionMgr:1044 - genDependencies : Invalid condition id : LAN8742 Phy interface Condition cause : null
2025-09-23 23:39:57,452 [WARN] ConditionMgr:1044 - genDependencies : Invalid condition id : LAN8742 Phy interface Condition cause : null
2025-09-23 23:39:57,452 [WARN] ConditionMgr:1044 - genDependencies : Invalid condition id : LAN8742 Phy interface Condition cause : null
2025-09-23 23:39:57,481 [WARN] PackLoader:240 - Cannot read IP mode file for STMicroelectronics.X-CUBE-SFXS2LP1.4.0.0
2025-09-23 23:39:57,514 [WARN] PackLoader:240 - Cannot read IP mode file for STMicroelectronics.X-CUBE-BLEMGR.4.1.0
2025-09-23 23:39:57,552 [WARN] ConditionMgr:438 - getConditionDescription Invalid condition id : UX DEVICE CLASS RTOS Condition cause : null
2025-09-23 23:39:57,553 [WARN] ConditionMgr:438 - getConditionDescription Invalid condition id : UX DEVICE CLASS RTOS Condition cause : null
2025-09-23 23:39:57,555 [WARN] PackLoader:240 - Cannot read IP mode file for STMicroelectronics.X-CUBE-AZRTOS-WB.2.0.0
2025-09-23 23:39:57,555 [WARN] ConditionMgr:1044 - genDependencies : Invalid condition id : UX DEVICE CLASS RTOS Condition cause : null
2025-09-23 23:39:57,556 [WARN] ConditionMgr:1044 - genDependencies : Invalid condition id : UX DEVICE CLASS RTOS Condition cause : null
2025-09-23 23:39:57,556 [WARN] ConditionMgr:1044 - genDependencies : Invalid condition id : UX DEVICE CLASS RTOS Condition cause : null
2025-09-23 23:39:57,556 [WARN] ConditionMgr:1044 - genDependencies : Invalid condition id : UX DEVICE CLASS RTOS Condition cause : null
2025-09-23 23:39:57,557 [WARN] ConditionMgr:1044 - genDependencies : Invalid condition id : UX DEVICE CLASS RTOS Condition cause : null
2025-09-23 23:39:57,581 [WARN] PackLoader:240 - Cannot read IP mode file for STMicroelectronics.X-CUBE-GNSS1.7.0.1
2025-09-23 23:39:57,608 [WARN] PackLoader:240 - Cannot read IP mode file for STMicroelectronics.X-CUBE-TOUCHGFX.4.25.0
2025-09-23 23:39:57,631 [WARN] PackLoader:240 - Cannot read IP mode file for STMicroelectronics.FP-SNS-STBOX1.2.0.0
2025-09-23 23:39:57,655 [WARN] ConditionMgr:438 - getConditionDescription Invalid condition id : Cortex-A Device cause : null
2025-09-23 23:39:57,699 [WARN] ConditionMgr:1044 - genDependencies : Invalid condition id : Cortex-A Device cause : null
2025-09-23 23:39:57,699 [WARN] ConditionMgr:1044 - genDependencies : Invalid condition id : Cortex-A Device cause : null
2025-09-23 23:39:57,699 [WARN] ConditionMgr:1044 - genDependencies : Invalid condition id : Cortex-A Device cause : null
2025-09-23 23:39:57,727 [WARN] PackLoader:240 - Cannot read IP mode file for STMicroelectronics.X-CUBE-SUBG2.5.0.0
2025-09-23 23:39:57,774 [WARN] PackLoader:240 - Cannot read IP mode file for STMicroelectronics.X-CUBE-AZRTOS-H7RS.1.1.0
2025-09-23 23:39:57,799 [WARN] PackLoader:240 - Cannot read IP mode file for Cesanta.I-CUBE-Mongoose.7.13.0
2025-09-23 23:39:57,840 [WARN] PackLoader:240 - Cannot read IP mode file for STMicroelectronics.X-CUBE-AZRTOS-G4.2.0.0
2025-09-23 23:39:57,862 [WARN] PackLoader:240 - Cannot read IP mode file for wolfSSL.I-CUBE-wolfSSH.1.4.20
2025-09-23 23:39:57,883 [WARN] PackLoader:240 - Cannot read IP mode file for STMicroelectronics.X-CUBE-NFC7.2.0.0
2025-09-23 23:39:57,915 [WARN] PackLoader:240 - Cannot read IP mode file for STMicroelectronics.X-CUBE-IPS.3.1.0
2025-09-23 23:39:57,945 [WARN] PackLoader:240 - Cannot read IP mode file for STMicroelectronics.X-CUBE-ALS.1.0.2
2025-09-23 23:39:57,968 [WARN] PackLoader:240 - Cannot read IP mode file for STMicroelectronics.X-CUBE-STSE01.1.0.0
2025-09-23 23:39:57,999 [WARN] PackLoader:240 - Cannot read IP mode file for portGmbH.I-Cube-SoM-uGOAL.1.1.0
2025-09-23 23:39:58,035 [WARN] PackLoader:240 - Cannot read IP mode file for STMicroelectronics.X-CUBE-TOF1.3.4.3
2025-09-23 23:39:58,049 [INFO] ThirdParty:978 - Integrity check success = true
2025-09-23 23:39:58,049 [INFO] IntegrityCheckThread:100 - exiting critical section [integrity check]
2025-09-23 23:39:58,049 [INFO] IntegrityCheckThread:103 - End integrity checks thread
2025-09-23 23:39:58,600 [INFO] WebApp:463 - Apply proxy settings
2025-09-23 23:39:58,601 [INFO] WebApp:548 - Chromium requires no authentication
2025-09-23 23:39:58,622 [INFO] WebApp:491 - Direct internet connection detected
2025-09-23 23:39:58,654 [INFO] WebApp:900 - Register for checkConnection events
2025-09-23 23:39:58,655 [INFO] WebApp:463 - Apply proxy settings
2025-09-23 23:39:58,655 [INFO] WebApp:548 - Chromium requires no authentication
2025-09-23 23:39:58,656 [INFO] WebApp:491 - Direct internet connection detected
2025-09-23 23:39:58,924 [INFO] WebApp:225 - Starting web application
2025-09-23 23:39:58,925 [INFO] WebApp:593 - Web application path used C:\ST\STM32CubeIDE_1.19.0\STM32CubeIDE\plugins\com.st.stm32cube.common.mx_6.15.0.202507011659\db\plugins\mcufinder\reactClient1\index.html
2025-09-23 23:39:59,106 [INFO] WebApp:191 - Connection restablished
2025-09-23 23:39:59,201 [INFO] UserAuth:487 - Internet connection configuration mode: 1
2025-09-23 23:39:59,392 [ERROR] LogOutputStream:75 - [STDERR_REDIRECT] [Fatal Error] :1:1: Premature end of file.
2025-09-23 23:39:59,393 [ERROR] LogOutputStream:75 - [STDERR_REDIRECT] 
2025-09-23 23:40:00,320 [ERROR] LogOutputStream:75 - [STDERR_REDIRECT] [Fatal Error] :1:1: Premature end of file.
2025-09-23 23:40:00,320 [ERROR] LogOutputStream:75 - [STDERR_REDIRECT] 
2025-09-23 23:40:01,328 [ERROR] LogOutputStream:75 - [STDERR_REDIRECT] [Fatal Error] :1:1: Premature end of file.
2025-09-23 23:40:01,329 [ERROR] LogOutputStream:75 - [STDERR_REDIRECT] 
2025-09-23 23:40:02,313 [ERROR] LogOutputStream:75 - [STDERR_REDIRECT] [Fatal Error] :1:1: Premature end of file.
2025-09-23 23:40:02,313 [ERROR] LogOutputStream:75 - [STDERR_REDIRECT] 
2025-09-23 23:40:03,324 [ERROR] LogOutputStream:75 - [STDERR_REDIRECT] [Fatal Error] :1:1: Premature end of file.
2025-09-23 23:40:03,325 [ERROR] LogOutputStream:75 - [STDERR_REDIRECT] 
2025-09-23 23:40:04,325 [ERROR] LogOutputStream:75 - [STDERR_REDIRECT] [Fatal Error] :1:1: Premature end of file.
2025-09-23 23:40:04,325 [ERROR] LogOutputStream:75 - [STDERR_REDIRECT] 
2025-09-23 23:40:05,327 [ERROR] LogOutputStream:75 - [STDERR_REDIRECT] [Fatal Error] :1:1: Premature end of file.
2025-09-23 23:40:05,327 [ERROR] LogOutputStream:75 - [STDERR_REDIRECT] 
2025-09-23 23:40:06,329 [ERROR] LogOutputStream:75 - [STDERR_REDIRECT] [Fatal Error] :1:1: Premature end of file.
2025-09-23 23:40:06,329 [ERROR] LogOutputStream:75 - [STDERR_REDIRECT] 
2025-09-23 23:40:07,327 [ERROR] LogOutputStream:75 - [STDERR_REDIRECT] [Fatal Error] :1:1: Premature end of file.
2025-09-23 23:40:07,327 [ERROR] LogOutputStream:75 - [STDERR_REDIRECT] 
2025-09-23 23:40:08,320 [ERROR] LogOutputStream:75 - [STDERR_REDIRECT] [Fatal Error] :1:1: Premature end of file.
2025-09-23 23:40:08,320 [ERROR] LogOutputStream:75 - [STDERR_REDIRECT] 
2025-09-23 23:40:09,326 [ERROR] LogOutputStream:75 - [STDERR_REDIRECT] [Fatal Error] :1:1: Premature end of file.
2025-09-23 23:40:09,327 [ERROR] LogOutputStream:75 - [STDERR_REDIRECT] 
2025-09-23 23:40:10,335 [ERROR] LogOutputStream:75 - [STDERR_REDIRECT] [Fatal Error] :1:1: Premature end of file.
2025-09-23 23:40:10,335 [ERROR] LogOutputStream:75 - [STDERR_REDIRECT] 
2025-09-23 23:40:11,325 [ERROR] LogOutputStream:75 - [STDERR_REDIRECT] [Fatal Error] :1:1: Premature end of file.
2025-09-23 23:40:11,325 [ERROR] LogOutputStream:75 - [STDERR_REDIRECT] 
2025-09-23 23:40:12,324 [ERROR] LogOutputStream:75 - [STDERR_REDIRECT] [Fatal Error] :1:1: Premature end of file.
2025-09-23 23:40:12,324 [ERROR] LogOutputStream:75 - [STDERR_REDIRECT] 
2025-09-23 23:40:13,325 [ERROR] LogOutputStream:75 - [STDERR_REDIRECT] [Fatal Error] :1:1: Premature end of file.
2025-09-23 23:40:13,325 [ERROR] LogOutputStream:75 - [STDERR_REDIRECT] 
2025-09-23 23:40:14,322 [ERROR] LogOutputStream:75 - [STDERR_REDIRECT] [Fatal Error] :1:1: Premature end of file.
2025-09-23 23:40:14,323 [ERROR] LogOutputStream:75 - [STDERR_REDIRECT] 
2025-09-23 23:40:15,327 [ERROR] LogOutputStream:75 - [STDERR_REDIRECT] [Fatal Error] :1:1: Premature end of file.
2025-09-23 23:40:15,327 [ERROR] LogOutputStream:75 - [STDERR_REDIRECT] 
2025-09-23 23:40:16,321 [ERROR] LogOutputStream:75 - [STDERR_REDIRECT] [Fatal Error] :1:1: Premature end of file.
2025-09-23 23:40:16,322 [ERROR] LogOutputStream:75 - [STDERR_REDIRECT] 
2025-09-23 23:40:17,324 [ERROR] LogOutputStream:75 - [STDERR_REDIRECT] [Fatal Error] :1:1: Premature end of file.
2025-09-23 23:40:17,325 [ERROR] LogOutputStream:75 - [STDERR_REDIRECT] 
2025-09-23 23:40:18,325 [ERROR] LogOutputStream:75 - [STDERR_REDIRECT] [Fatal Error] :1:1: Premature end of file.
2025-09-23 23:40:18,325 [ERROR] LogOutputStream:75 - [STDERR_REDIRECT] 
2025-09-23 23:40:19,324 [ERROR] LogOutputStream:75 - [STDERR_REDIRECT] [Fatal Error] :1:1: Premature end of file.
2025-09-23 23:40:19,324 [ERROR] LogOutputStream:75 - [STDERR_REDIRECT] 
2025-09-23 23:40:20,362 [ERROR] LogOutputStream:75 - [STDERR_REDIRECT] [Fatal Error] :1:1: Premature end of file.
2025-09-23 23:40:20,362 [ERROR] LogOutputStream:75 - [STDERR_REDIRECT] 
2025-09-23 23:40:21,316 [ERROR] LogOutputStream:75 - [STDERR_REDIRECT] [Fatal Error] :1:1: Premature end of file.
2025-09-23 23:40:21,316 [ERROR] LogOutputStream:75 - [STDERR_REDIRECT] 
2025-09-23 23:40:22,328 [ERROR] LogOutputStream:75 - [STDERR_REDIRECT] [Fatal Error] :1:1: Premature end of file.
2025-09-23 23:40:22,328 [ERROR] LogOutputStream:75 - [STDERR_REDIRECT] 
2025-09-23 23:40:23,333 [ERROR] LogOutputStream:75 - [STDERR_REDIRECT] [Fatal Error] :1:1: Premature end of file.
2025-09-23 23:40:23,333 [ERROR] LogOutputStream:75 - [STDERR_REDIRECT] 
2025-09-23 23:40:24,328 [ERROR] LogOutputStream:75 - [STDERR_REDIRECT] [Fatal Error] :1:1: Premature end of file.
2025-09-23 23:40:24,328 [ERROR] LogOutputStream:75 - [STDERR_REDIRECT] 
2025-09-23 23:40:25,325 [ERROR] LogOutputStream:75 - [STDERR_REDIRECT] [Fatal Error] :1:1: Premature end of file.
2025-09-23 23:40:25,326 [ERROR] LogOutputStream:75 - [STDERR_REDIRECT] 
2025-09-23 23:40:26,333 [ERROR] LogOutputStream:75 - [STDERR_REDIRECT] [Fatal Error] :1:1: Premature end of file.
2025-09-23 23:40:26,333 [ERROR] LogOutputStream:75 - [STDERR_REDIRECT] 
2025-09-23 23:40:27,319 [ERROR] LogOutputStream:75 - [STDERR_REDIRECT] [Fatal Error] :1:1: Premature end of file.
2025-09-23 23:40:27,319 [ERROR] LogOutputStream:75 - [STDERR_REDIRECT] 
2025-09-23 23:40:28,322 [ERROR] LogOutputStream:75 - [STDERR_REDIRECT] [Fatal Error] :1:1: Premature end of file.
2025-09-23 23:40:28,322 [ERROR] LogOutputStream:75 - [STDERR_REDIRECT] 
2025-09-23 23:40:29,322 [ERROR] LogOutputStream:75 - [STDERR_REDIRECT] [Fatal Error] :1:1: Premature end of file.
2025-09-23 23:40:29,322 [ERROR] LogOutputStream:75 - [STDERR_REDIRECT] 
2025-09-23 23:40:30,340 [ERROR] LogOutputStream:75 - [STDERR_REDIRECT] [Fatal Error] :1:1: Premature end of file.
2025-09-23 23:40:30,340 [ERROR] LogOutputStream:75 - [STDERR_REDIRECT] 
2025-09-23 23:40:31,334 [ERROR] LogOutputStream:75 - [STDERR_REDIRECT] [Fatal Error] :1:1: Premature end of file.
2025-09-23 23:40:31,334 [ERROR] LogOutputStream:75 - [STDERR_REDIRECT] 
2025-09-23 23:40:32,314 [ERROR] LogOutputStream:75 - [STDERR_REDIRECT] [Fatal Error] :1:1: Premature end of file.
2025-09-23 23:40:32,315 [ERROR] LogOutputStream:75 - [STDERR_REDIRECT] 
2025-09-23 23:40:33,323 [ERROR] LogOutputStream:75 - [STDERR_REDIRECT] [Fatal Error] :1:1: Premature end of file.
2025-09-23 23:40:33,323 [ERROR] LogOutputStream:75 - [STDERR_REDIRECT] 
2025-09-23 23:40:34,322 [ERROR] LogOutputStream:75 - [STDERR_REDIRECT] [Fatal Error] :1:1: Premature end of file.
2025-09-23 23:40:34,323 [ERROR] LogOutputStream:75 - [STDERR_REDIRECT] 
2025-09-23 23:40:35,314 [ERROR] LogOutputStream:75 - [STDERR_REDIRECT] [Fatal Error] :1:1: Premature end of file.
2025-09-23 23:40:35,314 [ERROR] LogOutputStream:75 - [STDERR_REDIRECT] 
2025-09-23 23:40:36,322 [ERROR] LogOutputStream:75 - [STDERR_REDIRECT] [Fatal Error] :1:1: Premature end of file.
2025-09-23 23:40:36,323 [ERROR] LogOutputStream:75 - [STDERR_REDIRECT] 
2025-09-23 23:40:37,316 [ERROR] LogOutputStream:75 - [STDERR_REDIRECT] [Fatal Error] :1:1: Premature end of file.
2025-09-23 23:40:37,316 [ERROR] LogOutputStream:75 - [STDERR_REDIRECT] 
2025-09-23 23:40:38,326 [ERROR] LogOutputStream:75 - [STDERR_REDIRECT] [Fatal Error] :1:1: Premature end of file.
2025-09-23 23:40:38,326 [ERROR] LogOutputStream:75 - [STDERR_REDIRECT] 
2025-09-23 23:40:39,317 [ERROR] LogOutputStream:75 - [STDERR_REDIRECT] [Fatal Error] :1:1: Premature end of file.
2025-09-23 23:40:39,317 [ERROR] LogOutputStream:75 - [STDERR_REDIRECT] 
2025-09-23 23:40:40,330 [ERROR] LogOutputStream:75 - [STDERR_REDIRECT] [Fatal Error] :1:1: Premature end of file.
2025-09-23 23:40:40,331 [ERROR] LogOutputStream:75 - [STDERR_REDIRECT] 
2025-09-23 23:40:41,323 [ERROR] LogOutputStream:75 - [STDERR_REDIRECT] [Fatal Error] :1:1: Premature end of file.
2025-09-23 23:40:41,324 [ERROR] LogOutputStream:75 - [STDERR_REDIRECT] 
2025-09-23 23:40:42,324 [ERROR] LogOutputStream:75 - [STDERR_REDIRECT] [Fatal Error] :1:1: Premature end of file.
2025-09-23 23:40:42,325 [ERROR] LogOutputStream:75 - [STDERR_REDIRECT] 
2025-09-23 23:40:43,329 [ERROR] LogOutputStream:75 - [STDERR_REDIRECT] [Fatal Error] :1:1: Premature end of file.
2025-09-23 23:40:43,329 [ERROR] LogOutputStream:75 - [STDERR_REDIRECT] 
2025-09-23 23:40:44,317 [ERROR] LogOutputStream:75 - [STDERR_REDIRECT] [Fatal Error] :1:1: Premature end of file.
2025-09-23 23:40:44,317 [ERROR] LogOutputStream:75 - [STDERR_REDIRECT] 
2025-09-23 23:40:45,348 [ERROR] LogOutputStream:75 - [STDERR_REDIRECT] [Fatal Error] :1:1: Premature end of file.
2025-09-23 23:40:45,348 [ERROR] LogOutputStream:75 - [STDERR_REDIRECT] 
2025-09-23 23:40:46,318 [ERROR] LogOutputStream:75 - [STDERR_REDIRECT] [Fatal Error] :1:1: Premature end of file.
2025-09-23 23:40:46,319 [ERROR] LogOutputStream:75 - [STDERR_REDIRECT] 
2025-09-23 23:40:47,339 [ERROR] LogOutputStream:75 - [STDERR_REDIRECT] [Fatal Error] :1:1: Premature end of file.
2025-09-23 23:40:47,340 [ERROR] LogOutputStream:75 - [STDERR_REDIRECT] 
2025-09-23 23:40:48,317 [ERROR] LogOutputStream:75 - [STDERR_REDIRECT] [Fatal Error] :1:1: Premature end of file.
2025-09-23 23:40:48,317 [ERROR] LogOutputStream:75 - [STDERR_REDIRECT] 
2025-09-23 23:40:49,323 [ERROR] LogOutputStream:75 - [STDERR_REDIRECT] [Fatal Error] :1:1: Premature end of file.
2025-09-23 23:40:49,323 [ERROR] LogOutputStream:75 - [STDERR_REDIRECT] 
2025-09-23 23:40:50,326 [ERROR] LogOutputStream:75 - [STDERR_REDIRECT] [Fatal Error] :1:1: Premature end of file.
2025-09-23 23:40:50,326 [ERROR] LogOutputStream:75 - [STDERR_REDIRECT] 
2025-09-23 23:40:51,316 [ERROR] LogOutputStream:75 - [STDERR_REDIRECT] [Fatal Error] :1:1: Premature end of file.
2025-09-23 23:40:51,316 [ERROR] LogOutputStream:75 - [STDERR_REDIRECT] 
2025-09-23 23:40:52,324 [ERROR] LogOutputStream:75 - [STDERR_REDIRECT] [Fatal Error] :1:1: Premature end of file.
2025-09-23 23:40:52,324 [ERROR] LogOutputStream:75 - [STDERR_REDIRECT] 
2025-09-23 23:40:53,348 [ERROR] LogOutputStream:75 - [STDERR_REDIRECT] [Fatal Error] :1:1: Premature end of file.
2025-09-23 23:40:53,348 [ERROR] LogOutputStream:75 - [STDERR_REDIRECT] 
2025-09-23 23:40:54,321 [ERROR] LogOutputStream:75 - [STDERR_REDIRECT] [Fatal Error] :1:1: Premature end of file.
2025-09-23 23:40:54,321 [ERROR] LogOutputStream:75 - [STDERR_REDIRECT] 
2025-09-23 23:40:55,323 [ERROR] LogOutputStream:75 - [STDERR_REDIRECT] [Fatal Error] :1:1: Premature end of file.
2025-09-23 23:40:55,323 [ERROR] LogOutputStream:75 - [STDERR_REDIRECT] 
2025-09-23 23:40:56,339 [ERROR] LogOutputStream:75 - [STDERR_REDIRECT] [Fatal Error] :1:1: Premature end of file.
2025-09-23 23:40:56,340 [ERROR] LogOutputStream:75 - [STDERR_REDIRECT] 
2025-09-23 23:40:57,324 [ERROR] LogOutputStream:75 - [STDERR_REDIRECT] [Fatal Error] :1:1: Premature end of file.
2025-09-23 23:40:57,324 [ERROR] LogOutputStream:75 - [STDERR_REDIRECT] 
2025-09-23 23:40:58,322 [ERROR] LogOutputStream:75 - [STDERR_REDIRECT] [Fatal Error] :1:1: Premature end of file.
2025-09-23 23:40:58,322 [ERROR] LogOutputStream:75 - [STDERR_REDIRECT] 
2025-09-23 23:40:59,325 [ERROR] LogOutputStream:75 - [STDERR_REDIRECT] [Fatal Error] :1:1: Premature end of file.
2025-09-23 23:40:59,325 [ERROR] LogOutputStream:75 - [STDERR_REDIRECT] 
2025-09-23 23:41:00,329 [ERROR] LogOutputStream:75 - [STDERR_REDIRECT] [Fatal Error] :1:1: Premature end of file.
2025-09-23 23:41:00,329 [ERROR] LogOutputStream:75 - [STDERR_REDIRECT] 
2025-09-23 23:41:01,334 [ERROR] LogOutputStream:75 - [STDERR_REDIRECT] [Fatal Error] :1:1: Premature end of file.
2025-09-23 23:41:01,335 [ERROR] LogOutputStream:75 - [STDERR_REDIRECT] 
2025-09-23 23:41:02,315 [ERROR] LogOutputStream:75 - [STDERR_REDIRECT] [Fatal Error] :1:1: Premature end of file.
2025-09-23 23:41:02,316 [ERROR] LogOutputStream:75 - [STDERR_REDIRECT] 
2025-09-23 23:41:03,317 [ERROR] LogOutputStream:75 - [STDERR_REDIRECT] [Fatal Error] :1:1: Premature end of file.
2025-09-23 23:41:03,318 [ERROR] LogOutputStream:75 - [STDERR_REDIRECT] 
2025-09-23 23:41:04,315 [ERROR] LogOutputStream:75 - [STDERR_REDIRECT] [Fatal Error] :1:1: Premature end of file.
2025-09-23 23:41:04,315 [ERROR] LogOutputStream:75 - [STDERR_REDIRECT] 
2025-09-23 23:41:05,328 [ERROR] LogOutputStream:75 - [STDERR_REDIRECT] [Fatal Error] :1:1: Premature end of file.
2025-09-23 23:41:05,328 [ERROR] LogOutputStream:75 - [STDERR_REDIRECT] 
2025-09-23 23:41:06,327 [ERROR] LogOutputStream:75 - [STDERR_REDIRECT] [Fatal Error] :1:1: Premature end of file.
2025-09-23 23:41:06,327 [ERROR] LogOutputStream:75 - [STDERR_REDIRECT] 
2025-09-23 23:41:07,315 [ERROR] LogOutputStream:75 - [STDERR_REDIRECT] [Fatal Error] :1:1: Premature end of file.
2025-09-23 23:41:07,316 [ERROR] LogOutputStream:75 - [STDERR_REDIRECT] 
2025-09-23 23:41:08,319 [ERROR] LogOutputStream:75 - [STDERR_REDIRECT] [Fatal Error] :1:1: Premature end of file.
2025-09-23 23:41:08,320 [ERROR] LogOutputStream:75 - [STDERR_REDIRECT] 
2025-09-23 23:41:09,325 [ERROR] LogOutputStream:75 - [STDERR_REDIRECT] [Fatal Error] :1:1: Premature end of file.
2025-09-23 23:41:09,325 [ERROR] LogOutputStream:75 - [STDERR_REDIRECT] 
2025-09-23 23:41:10,314 [ERROR] LogOutputStream:75 - [STDERR_REDIRECT] [Fatal Error] :1:1: Premature end of file.
2025-09-23 23:41:10,314 [ERROR] LogOutputStream:75 - [STDERR_REDIRECT] 
2025-09-23 23:41:11,325 [ERROR] LogOutputStream:75 - [STDERR_REDIRECT] [Fatal Error] :1:1: Premature end of file.
2025-09-23 23:41:11,325 [ERROR] LogOutputStream:75 - [STDERR_REDIRECT] 
2025-09-23 23:41:12,327 [ERROR] LogOutputStream:75 - [STDERR_REDIRECT] [Fatal Error] :1:1: Premature end of file.
2025-09-23 23:41:12,327 [ERROR] LogOutputStream:75 - [STDERR_REDIRECT] 
2025-09-23 23:41:13,339 [ERROR] LogOutputStream:75 - [STDERR_REDIRECT] [Fatal Error] :1:1: Premature end of file.
2025-09-23 23:41:13,339 [ERROR] LogOutputStream:75 - [STDERR_REDIRECT] 
2025-09-23 23:41:14,319 [ERROR] LogOutputStream:75 - [STDERR_REDIRECT] [Fatal Error] :1:1: Premature end of file.
2025-09-23 23:41:14,319 [ERROR] LogOutputStream:75 - [STDERR_REDIRECT] 
2025-09-23 23:41:15,315 [ERROR] LogOutputStream:75 - [STDERR_REDIRECT] [Fatal Error] :1:1: Premature end of file.
2025-09-23 23:41:15,315 [ERROR] LogOutputStream:75 - [STDERR_REDIRECT] 
2025-09-23 23:41:16,317 [ERROR] LogOutputStream:75 - [STDERR_REDIRECT] [Fatal Error] :1:1: Premature end of file.
2025-09-23 23:41:16,318 [ERROR] LogOutputStream:75 - [STDERR_REDIRECT] 
2025-09-23 23:41:17,311 [ERROR] LogOutputStream:75 - [STDERR_REDIRECT] [Fatal Error] :1:1: Premature end of file.
2025-09-23 23:41:17,311 [ERROR] LogOutputStream:75 - [STDERR_REDIRECT] 
2025-09-23 23:41:18,313 [ERROR] LogOutputStream:75 - [STDERR_REDIRECT] [Fatal Error] :1:1: Premature end of file.
2025-09-23 23:41:18,313 [ERROR] LogOutputStream:75 - [STDERR_REDIRECT] 
2025-09-23 23:41:19,324 [ERROR] LogOutputStream:75 - [STDERR_REDIRECT] [Fatal Error] :1:1: Premature end of file.
2025-09-23 23:41:19,324 [ERROR] LogOutputStream:75 - [STDERR_REDIRECT] 
2025-09-23 23:41:20,341 [ERROR] LogOutputStream:75 - [STDERR_REDIRECT] [Fatal Error] :1:1: Premature end of file.
2025-09-23 23:41:20,342 [ERROR] LogOutputStream:75 - [STDERR_REDIRECT] 
2025-09-23 23:41:21,328 [ERROR] LogOutputStream:75 - [STDERR_REDIRECT] [Fatal Error] :1:1: Premature end of file.
2025-09-23 23:41:21,329 [ERROR] LogOutputStream:75 - [STDERR_REDIRECT] 
2025-09-23 23:41:22,331 [ERROR] LogOutputStream:75 - [STDERR_REDIRECT] [Fatal Error] :1:1: Premature end of file.
2025-09-23 23:41:22,331 [ERROR] LogOutputStream:75 - [STDERR_REDIRECT] 
2025-09-23 23:41:23,340 [ERROR] LogOutputStream:75 - [STDERR_REDIRECT] [Fatal Error] :1:1: Premature end of file.
2025-09-23 23:41:23,340 [ERROR] LogOutputStream:75 - [STDERR_REDIRECT] 
2025-09-23 23:41:24,334 [ERROR] LogOutputStream:75 - [STDERR_REDIRECT] [Fatal Error] :1:1: Premature end of file.
2025-09-23 23:41:24,334 [ERROR] LogOutputStream:75 - [STDERR_REDIRECT] 
2025-09-23 23:41:25,340 [ERROR] LogOutputStream:75 - [STDERR_REDIRECT] [Fatal Error] :1:1: Premature end of file.
2025-09-23 23:41:25,340 [ERROR] LogOutputStream:75 - [STDERR_REDIRECT] 
2025-09-23 23:41:26,350 [ERROR] LogOutputStream:75 - [STDERR_REDIRECT] [Fatal Error] :1:1: Premature end of file.
2025-09-23 23:41:26,351 [ERROR] LogOutputStream:75 - [STDERR_REDIRECT] 
2025-09-23 23:41:27,337 [ERROR] LogOutputStream:75 - [STDERR_REDIRECT] [Fatal Error] :1:1: Premature end of file.
2025-09-23 23:41:27,338 [ERROR] LogOutputStream:75 - [STDERR_REDIRECT] 
2025-09-23 23:41:28,335 [ERROR] LogOutputStream:75 - [STDERR_REDIRECT] [Fatal Error] :1:1: Premature end of file.
2025-09-23 23:41:28,335 [ERROR] LogOutputStream:75 - [STDERR_REDIRECT] 
2025-09-23 23:41:29,337 [ERROR] LogOutputStream:75 - [STDERR_REDIRECT] [Fatal Error] :1:1: Premature end of file.
2025-09-23 23:41:29,337 [ERROR] LogOutputStream:75 - [STDERR_REDIRECT] 
2025-09-23 23:41:30,330 [ERROR] LogOutputStream:75 - [STDERR_REDIRECT] [Fatal Error] :1:1: Premature end of file.
2025-09-23 23:41:30,330 [ERROR] LogOutputStream:75 - [STDERR_REDIRECT] 
2025-09-23 23:41:31,332 [ERROR] LogOutputStream:75 - [STDERR_REDIRECT] [Fatal Error] :1:1: Premature end of file.
2025-09-23 23:41:31,333 [ERROR] LogOutputStream:75 - [STDERR_REDIRECT] 
2025-09-23 23:41:32,334 [ERROR] LogOutputStream:75 - [STDERR_REDIRECT] [Fatal Error] :1:1: Premature end of file.
2025-09-23 23:41:32,334 [ERROR] LogOutputStream:75 - [STDERR_REDIRECT] 
2025-09-23 23:41:33,317 [ERROR] LogOutputStream:75 - [STDERR_REDIRECT] [Fatal Error] :1:1: Premature end of file.
2025-09-23 23:41:33,318 [ERROR] LogOutputStream:75 - [STDERR_REDIRECT] 
2025-09-23 23:41:34,336 [ERROR] LogOutputStream:75 - [STDERR_REDIRECT] [Fatal Error] :1:1: Premature end of file.
2025-09-23 23:41:34,336 [ERROR] LogOutputStream:75 - [STDERR_REDIRECT] 
2025-09-23 23:41:35,327 [ERROR] LogOutputStream:75 - [STDERR_REDIRECT] [Fatal Error] :1:1: Premature end of file.
2025-09-23 23:41:35,327 [ERROR] LogOutputStream:75 - [STDERR_REDIRECT] 
2025-09-23 23:41:36,326 [ERROR] LogOutputStream:75 - [STDERR_REDIRECT] [Fatal Error] :1:1: Premature end of file.
2025-09-23 23:41:36,326 [ERROR] LogOutputStream:75 - [STDERR_REDIRECT] 
2025-09-23 23:41:37,334 [ERROR] LogOutputStream:75 - [STDERR_REDIRECT] [Fatal Error] :1:1: Premature end of file.
2025-09-23 23:41:37,334 [ERROR] LogOutputStream:75 - [STDERR_REDIRECT] 
2025-09-23 23:41:38,333 [ERROR] LogOutputStream:75 - [STDERR_REDIRECT] [Fatal Error] :1:1: Premature end of file.
2025-09-23 23:41:38,334 [ERROR] LogOutputStream:75 - [STDERR_REDIRECT] 
2025-09-23 23:41:39,326 [ERROR] LogOutputStream:75 - [STDERR_REDIRECT] [Fatal Error] :1:1: Premature end of file.
2025-09-23 23:41:39,327 [ERROR] LogOutputStream:75 - [STDERR_REDIRECT] 
2025-09-23 23:41:40,314 [ERROR] LogOutputStream:75 - [STDERR_REDIRECT] [Fatal Error] :1:1: Premature end of file.
2025-09-23 23:41:40,315 [ERROR] LogOutputStream:75 - [STDERR_REDIRECT] 
2025-09-23 23:41:41,324 [ERROR] LogOutputStream:75 - [STDERR_REDIRECT] [Fatal Error] :1:1: Premature end of file.
2025-09-23 23:41:41,324 [ERROR] LogOutputStream:75 - [STDERR_REDIRECT] 
2025-09-23 23:41:42,338 [ERROR] LogOutputStream:75 - [STDERR_REDIRECT] [Fatal Error] :1:1: Premature end of file.
2025-09-23 23:41:42,338 [ERROR] LogOutputStream:75 - [STDERR_REDIRECT] 
2025-09-23 23:41:42,743 [ERROR] LogOutputStream:75 - [STDERR_REDIRECT] 
