2025-09-22 23:31:46,988 [INFO] Activator:176 - 


2025-09-22 23:31:46,996 [INFO] Activator:177 - !SESSION log4j initialized
2025-09-22 23:31:58,706 [INFO] LogOutputStream:77 - [STDOUT_REDIRECT] 
2025-09-22 23:32:01,855 [INFO] ApplicationProperties:184 - Using Application install path: C:\ST\STM32CubeIDE_1.19.0\STM32CubeIDE\plugins\com.st.stm32cube.common.mx_6.15.0.202507011659
2025-09-22 23:32:01,908 [INFO] DbMcusXml:78 - Set database path to: C:\ST\STM32CubeIDE_1.19.0\STM32CubeIDE\plugins\com.st.stm32cube.common.mx_6.15.0.202507011659\\db\/mcu/
2025-09-22 23:32:01,909 [INFO] ApiDb:274 - Set plugin database path to: C:\ST\STM32CubeIDE_1.19.0\STM32CubeIDE\plugins\com.st.stm32cube.common.mx_6.15.0.202507011659\\db\/plugins/boardmanager/
2025-09-22 23:32:01,910 [WARN] ApiDb:259 - Overriding images path with different value:  => C:\ST\STM32CubeIDE_1.19.0\STM32CubeIDE\plugins\com.st.stm32cube.common.mx_6.15.0.202507011659\\db\/plugins/mcufinder/images/
2025-09-22 23:32:01,943 [INFO] ApiDb:250 - Set database path to: C:\Users\Anbu\.stmcufinder\plugins\mcufinder//mcu/
2025-09-22 23:32:01,948 [INFO] DbMcusAds:125 - Set database path to: C:\Users\Anbu\.stmcufinder\plugins\mcufinder//mcu/
2025-09-22 23:32:01,959 [INFO] CrossReferenceDbSqlite:203 - Set database path to: C:\Users\Anbu\.stmcufinder\plugins\mcufinder//mcu/cs/
2025-09-22 23:32:02,436 [INFO] RulesReader:64 - Compatibility file has been processed (317 Rules)
2025-09-22 23:32:02,789 [INFO] DbMcusXml:78 - Set database path to: C:\ST\STM32CubeIDE_1.19.0\STM32CubeIDE\plugins\com.st.stm32cube.common.mx_6.15.0.202507011659\\db\/mcu/
2025-09-22 23:32:02,789 [INFO] ApiDb:274 - Set plugin database path to: C:\ST\STM32CubeIDE_1.19.0\STM32CubeIDE\plugins\com.st.stm32cube.common.mx_6.15.0.202507011659\\db\/plugins/boardmanager/
2025-09-22 23:32:02,790 [INFO] ApiDb:261 - Set plugin images path to: C:\ST\STM32CubeIDE_1.19.0\STM32CubeIDE\plugins\com.st.stm32cube.common.mx_6.15.0.202507011659\\db\/plugins/mcufinder/images/
2025-09-22 23:32:02,790 [WARN] DbFile:41 - Overriding database path with different value: C:\Users\Anbu\.stmcufinder\plugins\mcufinder/ => C:\Users\Anbu\.stmcufinder\plugins\mcufinder
2025-09-22 23:32:02,790 [INFO] ApiDb:250 - Set database path to: C:\Users\Anbu\.stmcufinder\plugins\mcufinder//mcu/
2025-09-22 23:32:02,791 [WARN] DbFile:41 - Overriding database path with different value: C:\Users\Anbu\.stmcufinder\plugins\mcufinder/ => C:\Users\Anbu\.stmcufinder\plugins\mcufinder
2025-09-22 23:32:02,791 [INFO] DbMcusAds:125 - Set database path to: C:\Users\Anbu\.stmcufinder\plugins\mcufinder//mcu/
2025-09-22 23:32:02,791 [WARN] DbFile:41 - Overriding database path with different value: C:\Users\Anbu\.stmcufinder\plugins\mcufinder/ => C:\Users\Anbu\.stmcufinder\plugins\mcufinder
2025-09-22 23:32:02,791 [WARN] DbFile:41 - Overriding database path with different value: C:\Users\Anbu\.stmcufinder\plugins\mcufinder/ => C:\Users\Anbu\.stmcufinder\plugins\mcufinder
2025-09-22 23:32:02,791 [INFO] CrossReferenceDbSqlite:203 - Set database path to: C:\Users\Anbu\.stmcufinder\plugins\mcufinder//mcu/cs/
2025-09-22 23:32:03,012 [INFO] MainPanel:274 - HeapMemory: 268435456
2025-09-22 23:32:03,348 [INFO] DbMcusXml:78 - Set database path to: C:\ST\STM32CubeIDE_1.19.0\STM32CubeIDE\plugins\com.st.stm32cube.common.mx_6.15.0.202507011659\\db\/mcu/
2025-09-22 23:32:03,348 [INFO] ApiDb:274 - Set plugin database path to: C:\ST\STM32CubeIDE_1.19.0\STM32CubeIDE\plugins\com.st.stm32cube.common.mx_6.15.0.202507011659\\db\/plugins/boardmanager/
2025-09-22 23:32:03,348 [INFO] ApiDb:261 - Set plugin images path to: C:\ST\STM32CubeIDE_1.19.0\STM32CubeIDE\plugins\com.st.stm32cube.common.mx_6.15.0.202507011659\\db\/plugins/mcufinder/images/
2025-09-22 23:32:03,349 [WARN] DbFile:41 - Overriding database path with different value: C:\Users\Anbu\.stmcufinder\plugins\mcufinder/ => C:\Users\Anbu\.stmcufinder\plugins\mcufinder
2025-09-22 23:32:03,349 [INFO] ApiDb:250 - Set database path to: C:\Users\Anbu\.stmcufinder\plugins\mcufinder//mcu/
2025-09-22 23:32:03,350 [WARN] DbFile:41 - Overriding database path with different value: C:\Users\Anbu\.stmcufinder\plugins\mcufinder/ => C:\Users\Anbu\.stmcufinder\plugins\mcufinder
2025-09-22 23:32:03,350 [INFO] DbMcusAds:125 - Set database path to: C:\Users\Anbu\.stmcufinder\plugins\mcufinder//mcu/
2025-09-22 23:32:03,350 [WARN] DbFile:41 - Overriding database path with different value: C:\Users\Anbu\.stmcufinder\plugins\mcufinder/ => C:\Users\Anbu\.stmcufinder\plugins\mcufinder
2025-09-22 23:32:03,350 [WARN] DbFile:41 - Overriding database path with different value: C:\Users\Anbu\.stmcufinder\plugins\mcufinder/ => C:\Users\Anbu\.stmcufinder\plugins\mcufinder
2025-09-22 23:32:03,350 [INFO] CrossReferenceDbSqlite:203 - Set database path to: C:\Users\Anbu\.stmcufinder\plugins\mcufinder//mcu/cs/
2025-09-22 23:32:03,392 [INFO] ApplicationProperties:184 - Using Application install path: C:\ST\STM32CubeIDE_1.19.0\STM32CubeIDE\plugins\com.st.stm32cube.common.mx_6.15.0.202507011659
2025-09-22 23:32:03,395 [INFO] PluginManage:196 - Search for loadable plugins [exclusion list=, ]
2025-09-22 23:32:03,398 [INFO] PluginManage:310 - Check plugin analytics
2025-09-22 23:32:04,005 [INFO] AnalyticsPlugin:253 - Accepted Software Licenses: STM32CubeMX.6.15.0
2025-09-22 23:32:04,006 [INFO] AnalyticsPlugin:255 - Accepted CMSIS Pack Licenses: 
2025-09-22 23:32:04,006 [INFO] AnalyticsPlugin:257 - Accepted Firmware Licenses: 
2025-09-22 23:32:04,015 [INFO] PluginManage:359 - Loaded plugin analytics (category:tool,tabindex:-1)
2025-09-22 23:32:04,016 [INFO] PluginManage:310 - Check plugin cadmodel
2025-09-22 23:32:04,052 [INFO] CADModel:105 - Init CAD model plugin
2025-09-22 23:32:04,053 [INFO] PluginManage:359 - Loaded plugin cadmodel (category:power,tabindex:5)
2025-09-22 23:32:04,053 [INFO] PluginManage:310 - Check plugin clock
2025-09-22 23:32:04,103 [INFO] PluginManage:359 - Loaded plugin clock (category:base,tabindex:2)
2025-09-22 23:32:04,103 [INFO] PluginManage:310 - Check plugin ddr
2025-09-22 23:32:04,113 [INFO] PluginManage:359 - Loaded plugin ddr (category:tool,tabindex:6)
2025-09-22 23:32:04,113 [INFO] PluginManage:310 - Check plugin filemanager
2025-09-22 23:32:04,522 [INFO] PluginManage:359 - Loaded plugin filemanager (category:base,tabindex:10)
2025-09-22 23:32:04,522 [INFO] PluginManage:310 - Check plugin ipmanager
2025-09-22 23:32:04,537 [INFO] PluginManage:359 - Loaded plugin ipmanager (category:base,tabindex:5)
2025-09-22 23:32:04,537 [INFO] PluginManage:310 - Check plugin lpbam
2025-09-22 23:32:04,575 [INFO] PluginManage:359 - Loaded plugin lpbam (category:base,tabindex:0)
2025-09-22 23:32:04,575 [INFO] PluginManage:310 - Check plugin memorymap
2025-09-22 23:32:04,629 [INFO] PluginManage:359 - Loaded plugin memorymap (category:base,tabindex:4)
2025-09-22 23:32:04,630 [INFO] PluginManage:310 - Check plugin pinoutandconfiguration
2025-09-22 23:32:04,662 [INFO] PluginManage:359 - Loaded plugin pinoutandconfiguration (category:base,tabindex:1)
2025-09-22 23:32:04,663 [INFO] PluginManage:310 - Check plugin pinoutconfig
2025-09-22 23:32:04,830 [WARN] SupportedApi:132 - Cannot load RTOS API schema: s4s-elt-must-match.1: The content of 'definitions' must match (annotation?, (simpleType | complexType)?, (unique | key | keyref)*)). A problem was found starting at: attribute.
2025-09-22 23:32:05,058 [INFO] PluginManage:359 - Loaded plugin pinoutconfig (category:base,tabindex:0)
2025-09-22 23:32:05,058 [INFO] PluginManage:310 - Check plugin power
2025-09-22 23:32:05,093 [INFO] PluginManage:359 - Loaded plugin power (category:power,tabindex:4)
2025-09-22 23:32:05,094 [INFO] PluginManage:310 - Check plugin projectmanager
2025-09-22 23:32:05,120 [INFO] PluginManage:359 - Loaded plugin projectmanager (category:projectmanager,tabindex:4)
2025-09-22 23:32:05,120 [INFO] PluginManage:310 - Check plugin rif
2025-09-22 23:32:05,153 [INFO] PluginManage:359 - Loaded plugin rif (category:base,tabindex:3)
2025-09-22 23:32:05,153 [INFO] PluginManage:310 - Check plugin thirdparty
2025-09-22 23:32:05,665 [INFO] PluginManage:359 - Loaded plugin thirdparty (category:base,tabindex:-1)
2025-09-22 23:32:05,665 [INFO] PluginManage:310 - Check plugin tools
2025-09-22 23:32:05,665 [WARN] IntegrityCheckThread:84 - waiting for thirdparty lock release [integrity check]
2025-09-22 23:32:05,665 [INFO] IntegrityCheckThread:86 - entering critical section [integrity check]
2025-09-22 23:32:05,666 [INFO] ThirdPartyUpdaterWithRetryManager:70 - Updater plugin not ready yet. [1/15]
2025-09-22 23:32:05,730 [INFO] PluginManage:359 - Loaded plugin tools (category:base,tabindex:7)
2025-09-22 23:32:05,731 [INFO] PluginManage:310 - Check plugin tutovideos
2025-09-22 23:32:06,073 [INFO] PluginManage:359 - Loaded plugin tutovideos (category:base,tabindex:-1)
2025-09-22 23:32:06,073 [INFO] PluginManage:310 - Check plugin updater
2025-09-22 23:32:06,108 [INFO] PluginManage:359 - Loaded plugin updater (category:base,tabindex:12)
2025-09-22 23:32:06,108 [INFO] PluginManage:310 - Check plugin userauth
2025-09-22 23:32:06,114 [INFO] UserAuth:118 - Init User Auth plugin
2025-09-22 23:32:06,115 [INFO] PluginManage:359 - Loaded plugin userauth (category:base,tabindex:14)
2025-09-22 23:32:06,115 [INFO] PluginManage:283 - PluginManage : Loaded plugins [18]
2025-09-22 23:32:06,453 [INFO] PinOutPanel:1589 - setPackage(No Configuration,No Configuration)
2025-09-22 23:32:06,572 [INFO] CADModel:165 - CPN selected for project level
2025-09-22 23:32:06,572 [INFO] CADModel:114 - Register for checkConnection events
2025-09-22 23:32:06,656 [INFO] IPUIPlugin:80 - create IPUIPlugin
2025-09-22 23:32:06,657 [INFO] PluginManager:220 - loadIPPluginJar : add adc
2025-09-22 23:32:06,755 [INFO] IPUIPlugin:80 - create IPUIPlugin
2025-09-22 23:32:06,755 [INFO] PluginManager:220 - loadIPPluginJar : add aes
2025-09-22 23:32:06,849 [INFO] IPUIPlugin:80 - create IPUIPlugin
2025-09-22 23:32:06,849 [INFO] PluginManager:220 - loadIPPluginJar : add can
2025-09-22 23:32:06,903 [INFO] IPUIPlugin:80 - create IPUIPlugin
2025-09-22 23:32:06,904 [INFO] PluginManager:220 - loadIPPluginJar : add comp
2025-09-22 23:32:06,965 [INFO] IPUIPlugin:80 - create IPUIPlugin
2025-09-22 23:32:06,966 [INFO] PluginManager:220 - loadIPPluginJar : add cryp
2025-09-22 23:32:06,997 [INFO] IPUIPlugin:80 - create IPUIPlugin
2025-09-22 23:32:06,997 [INFO] PluginManager:220 - loadIPPluginJar : add ddr_ctrl_phy
2025-09-22 23:32:07,053 [INFO] IPUIPlugin:80 - create IPUIPlugin
2025-09-22 23:32:07,053 [INFO] PluginManager:220 - loadIPPluginJar : add dfsdm
2025-09-22 23:32:07,079 [INFO] IPUIPlugin:80 - create IPUIPlugin
2025-09-22 23:32:07,080 [INFO] PluginManager:220 - loadIPPluginJar : add dma
2025-09-22 23:32:07,147 [INFO] IPUIPlugin:80 - create IPUIPlugin
2025-09-22 23:32:07,147 [INFO] PluginManager:220 - loadIPPluginJar : add dma3
2025-09-22 23:32:07,236 [INFO] IPUIPlugin:80 - create IPUIPlugin
2025-09-22 23:32:07,236 [INFO] PluginManager:220 - loadIPPluginJar : add extmemmanager
2025-09-22 23:32:07,283 [INFO] IPUIPlugin:80 - create IPUIPlugin
2025-09-22 23:32:07,284 [INFO] PluginManager:220 - loadIPPluginJar : add fatfs
2025-09-22 23:32:07,379 [INFO] IPUIPlugin:80 - create IPUIPlugin
2025-09-22 23:32:07,380 [INFO] PluginManager:220 - loadIPPluginJar : add fmc
2025-09-22 23:32:07,416 [INFO] IPUIPlugin:80 - create IPUIPlugin
2025-09-22 23:32:07,416 [INFO] PluginManager:220 - loadIPPluginJar : add freertos
2025-09-22 23:32:07,457 [INFO] IPUIPlugin:80 - create IPUIPlugin
2025-09-22 23:32:07,457 [INFO] PluginManager:220 - loadIPPluginJar : add genericplugin
2025-09-22 23:32:07,666 [INFO] IPUIPlugin:80 - create IPUIPlugin
2025-09-22 23:32:07,666 [INFO] PluginManager:220 - loadIPPluginJar : add gfxmmu
2025-09-22 23:32:07,902 [INFO] IPUIPlugin:80 - create IPUIPlugin
2025-09-22 23:32:07,902 [INFO] PluginManager:220 - loadIPPluginJar : add gic
2025-09-22 23:32:07,932 [INFO] IPUIPlugin:80 - create IPUIPlugin
2025-09-22 23:32:07,932 [INFO] PluginManager:220 - loadIPPluginJar : add gpio
2025-09-22 23:32:08,099 [INFO] IPUIPlugin:80 - create IPUIPlugin
2025-09-22 23:32:08,099 [INFO] PluginManager:220 - loadIPPluginJar : add gtzc
2025-09-22 23:32:08,167 [INFO] IPUIPlugin:80 - create IPUIPlugin
2025-09-22 23:32:08,168 [INFO] PluginManager:220 - loadIPPluginJar : add hash
2025-09-22 23:32:08,271 [INFO] IPUIPlugin:80 - create IPUIPlugin
2025-09-22 23:32:08,271 [INFO] PluginManager:220 - loadIPPluginJar : add i2c
2025-09-22 23:32:08,359 [INFO] IPUIPlugin:80 - create IPUIPlugin
2025-09-22 23:32:08,359 [INFO] PluginManager:220 - loadIPPluginJar : add i2s
2025-09-22 23:32:08,433 [INFO] IPUIPlugin:80 - create IPUIPlugin
2025-09-22 23:32:08,434 [INFO] PluginManager:220 - loadIPPluginJar : add i3c
2025-09-22 23:32:08,626 [INFO] IPUIPlugin:80 - create IPUIPlugin
2025-09-22 23:32:08,626 [INFO] PluginManager:220 - loadIPPluginJar : add ipddr
2025-09-22 23:32:08,667 [INFO] ThirdPartyUpdaterWithRetryManager:70 - Updater plugin not ready yet. [2/15]
2025-09-22 23:32:08,800 [INFO] IPUIPlugin:80 - create IPUIPlugin
2025-09-22 23:32:08,801 [INFO] PluginManager:220 - loadIPPluginJar : add linkedlist
2025-09-22 23:32:08,866 [INFO] IPUIPlugin:80 - create IPUIPlugin
2025-09-22 23:32:08,866 [INFO] PluginManager:220 - loadIPPluginJar : add lorawan
2025-09-22 23:32:08,939 [INFO] IPUIPlugin:80 - create IPUIPlugin
2025-09-22 23:32:08,939 [INFO] PluginManager:220 - loadIPPluginJar : add ltdc
2025-09-22 23:32:08,972 [INFO] IPUIPlugin:80 - create IPUIPlugin
2025-09-22 23:32:08,972 [INFO] PluginManager:220 - loadIPPluginJar : add mdma
2025-09-22 23:32:08,998 [INFO] IPUIPlugin:80 - create IPUIPlugin
2025-09-22 23:32:08,998 [INFO] PluginManager:220 - loadIPPluginJar : add nvic
2025-09-22 23:32:09,069 [INFO] IPUIPlugin:80 - create IPUIPlugin
2025-09-22 23:32:09,069 [INFO] PluginManager:220 - loadIPPluginJar : add opamp
2025-09-22 23:32:09,187 [INFO] IPUIPlugin:80 - create IPUIPlugin
2025-09-22 23:32:09,188 [INFO] PluginManager:220 - loadIPPluginJar : add openamp
2025-09-22 23:32:09,283 [INFO] IPUIPlugin:80 - create IPUIPlugin
2025-09-22 23:32:09,283 [INFO] PluginManager:220 - loadIPPluginJar : add pdm2pcm
2025-09-22 23:32:09,308 [INFO] IPUIPlugin:80 - create IPUIPlugin
2025-09-22 23:32:09,311 [INFO] PluginManager:220 - loadIPPluginJar : add plateformsettings
2025-09-22 23:32:09,354 [INFO] IPUIPlugin:80 - create IPUIPlugin
2025-09-22 23:32:09,354 [INFO] PluginManager:220 - loadIPPluginJar : add quadspi
2025-09-22 23:32:09,403 [INFO] IPUIPlugin:80 - create IPUIPlugin
2025-09-22 23:32:09,404 [INFO] PluginManager:220 - loadIPPluginJar : add radio
2025-09-22 23:32:09,435 [INFO] IPUIPlugin:80 - create IPUIPlugin
2025-09-22 23:32:09,435 [INFO] PluginManager:220 - loadIPPluginJar : add resmgrutility
2025-09-22 23:32:09,521 [INFO] IPUIPlugin:80 - create IPUIPlugin
2025-09-22 23:32:09,521 [INFO] PluginManager:220 - loadIPPluginJar : add sai
2025-09-22 23:32:09,594 [INFO] IPUIPlugin:80 - create IPUIPlugin
2025-09-22 23:32:09,594 [INFO] PluginManager:220 - loadIPPluginJar : add spi
2025-09-22 23:32:09,742 [INFO] IPUIPlugin:80 - create IPUIPlugin
2025-09-22 23:32:09,742 [INFO] PluginManager:220 - loadIPPluginJar : add stm32_wpan
2025-09-22 23:32:09,795 [INFO] IPUIPlugin:80 - create IPUIPlugin
2025-09-22 23:32:09,795 [INFO] PluginManager:220 - loadIPPluginJar : add tim
2025-09-22 23:32:09,910 [INFO] IPUIPlugin:80 - create IPUIPlugin
2025-09-22 23:32:09,910 [INFO] PluginManager:220 - loadIPPluginJar : add touchsensing
2025-09-22 23:32:09,966 [INFO] IPUIPlugin:80 - create IPUIPlugin
2025-09-22 23:32:09,966 [INFO] PluginManager:220 - loadIPPluginJar : add tracer_emb
2025-09-22 23:32:10,019 [INFO] IPUIPlugin:80 - create IPUIPlugin
2025-09-22 23:32:10,019 [INFO] PluginManager:220 - loadIPPluginJar : add ts
2025-09-22 23:32:10,076 [INFO] IPUIPlugin:80 - create IPUIPlugin
2025-09-22 23:32:10,076 [INFO] PluginManager:220 - loadIPPluginJar : add tsc
2025-09-22 23:32:10,126 [INFO] IPUIPlugin:80 - create IPUIPlugin
2025-09-22 23:32:10,126 [INFO] PluginManager:220 - loadIPPluginJar : add ucpd
2025-09-22 23:32:10,202 [INFO] IPUIPlugin:80 - create IPUIPlugin
2025-09-22 23:32:10,202 [INFO] PluginManager:220 - loadIPPluginJar : add usart
2025-09-22 23:32:10,293 [INFO] IPUIPlugin:80 - create IPUIPlugin
2025-09-22 23:32:10,293 [INFO] PluginManager:220 - loadIPPluginJar : add usbx
2025-09-22 23:32:10,460 [FATAL] Updater:351 - Updater called before beeing initialized
2025-09-22 23:32:10,509 [INFO] RulesReader:64 - Compatibility file has been processed (317 Rules)
2025-09-22 23:32:10,533 [INFO] RulesReader:64 - Compatibility file has been processed (317 Rules)
2025-09-22 23:32:10,556 [INFO] CADModel:165 - CPN selected for project level
2025-09-22 23:32:10,557 [INFO] CADModel:114 - Register for checkConnection events
2025-09-22 23:32:10,557 [FATAL] Updater:351 - Updater called before beeing initialized
2025-09-22 23:32:10,557 [ERROR] CADModel:125 - Updater not yet initialized, retry later 
2025-09-22 23:32:10,798 [FATAL] Updater:351 - Updater called before beeing initialized
2025-09-22 23:32:10,802 [INFO] CADModel:165 - CPN selected for project level
2025-09-22 23:32:10,802 [INFO] CADModel:114 - Register for checkConnection events
2025-09-22 23:32:10,802 [FATAL] Updater:351 - Updater called before beeing initialized
2025-09-22 23:32:10,802 [ERROR] CADModel:125 - Updater not yet initialized, retry later 
2025-09-22 23:32:10,806 [FATAL] Updater:351 - Updater called before beeing initialized
2025-09-22 23:32:11,049 [FATAL] Updater:351 - Updater called before beeing initialized
2025-09-22 23:32:11,079 [INFO] DbMcusAds:53 - JSON generation date=Tue Jul 08 13:44:23 IST 2025 (1751962463582)
2025-09-22 23:32:11,080 [FATAL] Updater:351 - Updater called before beeing initialized
2025-09-22 23:32:11,142 [WARN] DetailPanel:346 - Failed to get advertising image, set to default
2025-09-22 23:32:11,272 [FATAL] Updater:351 - Updater called before beeing initialized
2025-09-22 23:32:11,275 [FATAL] Updater:351 - Updater called before beeing initialized
2025-09-22 23:32:11,275 [FATAL] Updater:351 - Updater called before beeing initialized
2025-09-22 23:32:11,275 [WARN] DetailPanel:346 - Failed to get advertising image, set to default
2025-09-22 23:32:11,277 [FATAL] Updater:351 - Updater called before beeing initialized
2025-09-22 23:32:11,388 [ERROR] Updater:1198 - MainUpdater not yet initialized. External WinMGr cannot be set.
2025-09-22 23:32:11,407 [INFO] Updater:1134 - Updater Version found : 6.15.0
2025-09-22 23:32:11,429 [INFO] ApplicationProperties:184 - Using Application install path: C:\ST\STM32CubeIDE_1.19.0\STM32CubeIDE\plugins\com.st.stm32cube.common.mx_6.15.0.202507011659
2025-09-22 23:32:11,669 [INFO] ThirdPartyUpdaterWithRetryManager:70 - Updater plugin not ready yet. [3/15]
2025-09-22 23:32:13,027 [ERROR] LogOutputStream:75 - [STDERR_REDIRECT] Sep 22, 2025 11:32:13 PM java.util.prefs.WindowsPreferences <init>
2025-09-22 23:32:13,029 [ERROR] LogOutputStream:75 - [STDERR_REDIRECT] WARNING: Could not open/create prefs root node Software\JavaSoft\Prefs at root 0xffffffff80000002. Windows RegCreateKeyEx(...) returned error code 5.
2025-09-22 23:32:13,029 [ERROR] LogOutputStream:75 - [STDERR_REDIRECT] 
2025-09-22 23:32:13,829 [INFO] MainUpdater:2872 - connection check result : 10
2025-09-22 23:32:13,829 [INFO] MainUpdater:3604 - Updater definition file requires update
2025-09-22 23:32:13,831 [INFO] MainUpdater:289 - Updater Check For Update Now.
2025-09-22 23:32:13,831 [INFO] MicroXplorer:498 - Change Database Version : DB.6.0.150
2025-09-22 23:32:13,869 [INFO] McuFinderGlobals:63 - Set McuFinder mode to 2 (CubeIDE integrated)
2025-09-22 23:32:13,884 [INFO] UserAuth:487 - Internet connection configuration mode: 1
2025-09-22 23:32:13,930 [INFO] JxBrowserEngine:152 - Initiate JxBrowser Engine with user profile folder
2025-09-22 23:32:14,111 [INFO] ServerAccessManage:452 - Complete download http(s) 200
2025-09-22 23:32:14,113 [INFO] ServerAccessManage:509 - Download File updaters.zip
2025-09-22 23:32:14,470 [INFO] FileExtend:248 - Unzip File : updaters.zip
2025-09-22 23:32:14,470 [INFO] FileExtend:263 - Standard Zip Deflate
2025-09-22 23:32:14,672 [WARN] MainUpdater:1193 - Updater busy. Cannot search thirdparties
2025-09-22 23:32:14,672 [INFO] ThirdPartyUpdaterWithRetryManager:96 - Updater plugin is busy. [1/15]
2025-09-22 23:32:15,652 [INFO] ServerAccessManage:452 - Complete download http(s) 200
2025-09-22 23:32:15,653 [INFO] ServerAccessManage:509 - Download File PacksControlFlags.xml
2025-09-22 23:32:15,999 [INFO] ServerAccessManage:452 - Complete download http(s) 200
2025-09-22 23:32:15,999 [INFO] ServerAccessManage:509 - Download File cubemx.pidx
2025-09-22 23:32:17,674 [WARN] MainUpdater:1193 - Updater busy. Cannot search thirdparties
2025-09-22 23:32:17,674 [INFO] ThirdPartyUpdaterWithRetryManager:96 - Updater plugin is busy. [2/15]
2025-09-22 23:32:18,033 [INFO] ServerAccessManage:452 - Complete download http(s) 200
2025-09-22 23:32:18,034 [INFO] ServerAccessManage:509 - Download File STMicroelectronics.X-CUBE-STSE01.pdsc
2025-09-22 23:32:18,057 [INFO] WebApp:169 - Instantiating new browser for Auth
2025-09-22 23:32:19,863 [INFO] CheckServerUpdateThread:120 - End of CheckServer Thread
2025-09-22 23:32:19,878 [WARN] PackLoader:240 - Cannot read IP mode file for STMicroelectronics.X-CUBE-STSE01.1.0.0
2025-09-22 23:32:19,891 [INFO] PopulateThirdPartyThread:66 - Ending populate Thread
2025-09-22 23:32:19,897 [INFO] ThirdParty:1030 - CMSIS Pack Vendor :STMicroelectronics X-CUBE-STSE01 1.0.0
2025-09-22 23:32:19,898 [INFO] LoadServerUpdatesThread:375 - End of LoadServerUpdate Thread
2025-09-22 23:32:20,085 [INFO] WebApp:463 - Apply proxy settings
2025-09-22 23:32:20,086 [INFO] WebApp:548 - Chromium requires no authentication
2025-09-22 23:32:20,168 [INFO] WebApp:491 - Direct internet connection detected
2025-09-22 23:32:20,335 [INFO] WebApp:900 - Register for checkConnection events
2025-09-22 23:32:20,335 [INFO] WebApp:463 - Apply proxy settings
2025-09-22 23:32:20,335 [INFO] WebApp:548 - Chromium requires no authentication
2025-09-22 23:32:20,336 [INFO] WebApp:491 - Direct internet connection detected
2025-09-22 23:32:20,659 [INFO] WebApp:191 - Connection restablished
2025-09-22 23:32:20,879 [INFO] WebApp:225 - Starting web application
2025-09-22 23:32:20,879 [INFO] WebApp:593 - Web application path used C:\ST\STM32CubeIDE_1.19.0\STM32CubeIDE\plugins\com.st.stm32cube.common.mx_6.15.0.202507011659\db\plugins\mcufinder\reactClient1\index.html
2025-09-22 23:32:21,030 [WARN] PackLoader:240 - Cannot read IP mode file for STMicroelectronics.FP-SNS-MOTENVWB1.1.4.0
2025-09-22 23:32:21,039 [WARN] PackLoader:240 - Cannot read IP mode file for STMicroelectronics.FP-ATR-ASTRA1.2.0.2
2025-09-22 23:32:21,071 [WARN] PackLoader:240 - Cannot read IP mode file for STMicroelectronics.X-CUBE-SMBUS.2.1.0
2025-09-22 23:32:21,099 [WARN] PackLoader:240 - Cannot read IP mode file for STMicroelectronics.X-CUBE-ST60.1.0.0
2025-09-22 23:32:21,154 [INFO] UserAuth:487 - Internet connection configuration mode: 1
2025-09-22 23:32:21,180 [WARN] PackLoader:240 - Cannot read IP mode file for STMicroelectronics.X-CUBE-AZRTOS-F7.1.1.0
2025-09-22 23:32:21,256 [WARN] PackLoader:240 - Cannot read IP mode file for Infineon.AIROC-Wi-Fi-Bluetooth-STM32.1.7.1
2025-09-22 23:32:21,337 [WARN] PackLoader:240 - Cannot read IP mode file for STMicroelectronics.X-CUBE-AZRTOS-H7.3.4.0
2025-09-22 23:32:21,375 [WARN] PackLoader:240 - Cannot read IP mode file for STMicroelectronics.X-CUBE-DISPLAY.3.0.0
2025-09-22 23:32:21,413 [WARN] PackLoader:240 - Cannot read IP mode file for STMicroelectronics.X-CUBE-NFC10.1.0.0
2025-09-22 23:32:21,457 [WARN] PackLoader:240 - Cannot read IP mode file for emotas.I-CUBE-CANOPEN.1.3.0
2025-09-22 23:32:21,461 [ERROR] LogOutputStream:75 - [STDERR_REDIRECT] [Fatal Error] :1:1: Premature end of file.
2025-09-22 23:32:21,463 [ERROR] LogOutputStream:75 - [STDERR_REDIRECT] 
2025-09-22 23:32:21,488 [WARN] PackLoader:240 - Cannot read IP mode file for STMicroelectronics.FP-SNS-STBOX1.2.1.0
2025-09-22 23:32:21,522 [WARN] PackLoader:240 - Cannot read IP mode file for STMicroelectronics.FP-SNS-SMARTAG2.1.2.0
2025-09-22 23:32:21,529 [WARN] PackLoader:240 - Cannot read IP mode file for STMicroelectronics.FP-SNS-FLIGHT1.5.1.0
2025-09-22 23:32:21,563 [INFO] LogOutputStream:77 - [STDOUT_REDIRECT] 1 : Invalid condition id : UX_CORESTACK_Condition cause : null
2025-09-22 23:32:21,565 [INFO] LogOutputStream:77 - [STDOUT_REDIRECT] 1 : Invalid condition id : UX_CORESTACK_Condition cause : null
2025-09-22 23:32:21,568 [INFO] LogOutputStream:77 - [STDOUT_REDIRECT] 1 : Invalid condition id : UX_CORESTACK_Condition cause : null
2025-09-22 23:32:21,570 [INFO] LogOutputStream:77 - [STDOUT_REDIRECT] 1 : Invalid condition id : UX_CORESTACK_Condition cause : null
2025-09-22 23:32:21,573 [INFO] LogOutputStream:77 - [STDOUT_REDIRECT] 1 : Invalid condition id : UX_CORESTACK_Condition cause : null
2025-09-22 23:32:21,578 [WARN] PackLoader:240 - Cannot read IP mode file for STMicroelectronics.X-CUBE-AZRTOS-WL.2.0.0
2025-09-22 23:32:21,606 [WARN] PackLoader:240 - Cannot read IP mode file for STMicroelectronics.FP-SNS-MOTENV1.5.0.0
2025-09-22 23:32:21,637 [WARN] PackLoader:240 - Cannot read IP mode file for WES.I-CUBE-Cesium.1.3.0
2025-09-22 23:32:21,664 [WARN] PackLoader:240 - Cannot read IP mode file for STMicroelectronics.X-CUBE-BLE2.3.3.0
2025-09-22 23:32:21,690 [WARN] PackLoader:240 - Cannot read IP mode file for STMicroelectronics.X-CUBE-NFC9.1.0.0
2025-09-22 23:32:21,720 [WARN] PackLoader:240 - Cannot read IP mode file for wolfSSL.I-CUBE-wolfSSL.5.8.2
2025-09-22 23:32:21,745 [WARN] PackLoader:240 - Cannot read IP mode file for STMicroelectronics.X-CUBE-BLE1.7.1.0
2025-09-22 23:32:21,753 [WARN] PackLoader:240 - Cannot read IP mode file for wolfSSL.I-CUBE-wolfMQTT.1.19.2
2025-09-22 23:32:21,779 [WARN] PackLoader:240 - Cannot read IP mode file for STMicroelectronics.X-CUBE-EEPRMA1.5.2.0
2025-09-22 23:32:21,810 [WARN] PackLoader:240 - Cannot read IP mode file for STMicroelectronics.X-CUBE-AI.10.1.0
2025-09-22 23:32:21,850 [WARN] PackLoader:240 - Cannot read IP mode file for STMicroelectronics.X-CUBE-AZRTOS-G0.1.1.0
2025-09-22 23:32:21,876 [WARN] PackLoader:240 - Cannot read IP mode file for STMicroelectronics.X-CUBE-SAFEA1.1.2.2
2025-09-22 23:32:21,905 [WARN] PackLoader:240 - Cannot read IP mode file for STMicroelectronics.X-CUBE-NFC4.3.0.0
2025-09-22 23:32:21,930 [WARN] PackLoader:240 - Cannot read IP mode file for EmbeddedOffice.I-CUBE-FS-RTOS.1.0.1
2025-09-22 23:32:21,954 [WARN] PackLoader:240 - Cannot read IP mode file for STMicroelectronics.X-CUBE-WB05N.2.0.0
2025-09-22 23:32:21,961 [WARN] PackLoader:240 - Cannot read IP mode file for wolfSSL.I-CUBE-wolfTPM.3.8.0
2025-09-22 23:32:21,988 [WARN] PackLoader:240 - Cannot read IP mode file for STMicroelectronics.X-CUBE-TCPP.4.2.0
2025-09-22 23:32:22,013 [WARN] PackLoader:240 - Cannot read IP mode file for RealThread.X-CUBE-RT-Thread_Nano.4.1.1
2025-09-22 23:32:22,021 [WARN] PackLoader:240 - Cannot read IP mode file for STMicroelectronics.FP-ATR-SIGFOX1.3.2.0
2025-09-22 23:32:22,045 [WARN] PackLoader:240 - Cannot read IP mode file for ITTIA_DB.I-CUBE-ITTIADB.8.9.0
2025-09-22 23:32:22,070 [WARN] PackLoader:240 - Cannot read IP mode file for STMicroelectronics.X-CUBE-ST67W61.1.0.0
2025-09-22 23:32:22,091 [WARN] PackLoader:240 - Cannot read IP mode file for STMicroelectronics.X-CUBE-AI.10.2.0
2025-09-22 23:32:22,135 [WARN] PackLoader:240 - Cannot read IP mode file for SEGGER.I-CUBE-embOS.1.3.1
2025-09-22 23:32:22,189 [WARN] PackLoader:240 - Cannot read IP mode file for STMicroelectronics.X-CUBE-ALGOBUILD.1.4.0
2025-09-22 23:32:22,266 [WARN] PackLoader:240 - Cannot read IP mode file for STMicroelectronics.X-CUBE-MEMS1.11.3.0
2025-09-22 23:32:22,341 [ERROR] LogOutputStream:75 - [STDERR_REDIRECT] [Fatal Error] :1:1: Premature end of file.
2025-09-22 23:32:22,341 [ERROR] LogOutputStream:75 - [STDERR_REDIRECT] 
2025-09-22 23:32:22,429 [WARN] PackLoader:240 - Cannot read IP mode file for STMicroelectronics.X-CUBE-PM33A1.1.0.0
2025-09-22 23:32:22,473 [WARN] PackLoader:240 - Cannot read IP mode file for STMicroelectronics.X-CUBE-AZRTOS-F4.1.1.0
2025-09-22 23:32:22,481 [WARN] PackLoader:240 - Cannot read IP mode file for Avnet-IotConnect.X-CUBE-IoTC-DA16k-PMOD.1.0.0
2025-09-22 23:32:22,504 [WARN] PackLoader:240 - Cannot read IP mode file for STMicroelectronics.X-CUBE-ISPU.2.1.0
2025-09-22 23:32:22,529 [WARN] PackLoader:240 - Cannot read IP mode file for STMicroelectronics.X-CUBE-NFC12.1.0.0
2025-09-22 23:32:22,573 [WARN] PackLoader:240 - Cannot read IP mode file for STMicroelectronics.X-CUBE-AZRTOS-L5.2.0.0
2025-09-22 23:32:22,603 [WARN] PackLoader:240 - Cannot read IP mode file for STMicroelectronics.X-CUBE-NFC6.3.1.0
2025-09-22 23:32:22,625 [WARN] PackLoader:240 - Cannot read IP mode file for STMicroelectronics.X-CUBE-FREERTOS.1.3.1
2025-09-22 23:32:22,646 [WARN] PackLoader:240 - Cannot read IP mode file for STMicroelectronics.FP-SNS-STAIOTCFT.1.0.0
2025-09-22 23:32:22,674 [WARN] PackLoader:240 - Cannot read IP mode file for STMicroelectronics.X-CUBE-DPower.1.3.0
2025-09-22 23:32:22,719 [WARN] ConditionMgr:438 - getConditionDescription Invalid condition id : LAN8742 Phy interface Condition cause : null
2025-09-22 23:32:22,720 [WARN] PackLoader:240 - Cannot read IP mode file for STMicroelectronics.X-CUBE-AZRTOS-L4.2.0.0
2025-09-22 23:32:22,722 [WARN] ConditionMgr:1044 - genDependencies : Invalid condition id : LAN8742 Phy interface Condition cause : null
2025-09-22 23:32:22,722 [WARN] ConditionMgr:1044 - genDependencies : Invalid condition id : LAN8742 Phy interface Condition cause : null
2025-09-22 23:32:22,722 [WARN] ConditionMgr:1044 - genDependencies : Invalid condition id : LAN8742 Phy interface Condition cause : null
2025-09-22 23:32:22,749 [WARN] PackLoader:240 - Cannot read IP mode file for STMicroelectronics.X-CUBE-SFXS2LP1.4.0.0
2025-09-22 23:32:22,787 [WARN] PackLoader:240 - Cannot read IP mode file for STMicroelectronics.X-CUBE-BLEMGR.4.1.0
2025-09-22 23:32:22,835 [WARN] ConditionMgr:438 - getConditionDescription Invalid condition id : UX DEVICE CLASS RTOS Condition cause : null
2025-09-22 23:32:22,835 [WARN] ConditionMgr:438 - getConditionDescription Invalid condition id : UX DEVICE CLASS RTOS Condition cause : null
2025-09-22 23:32:22,837 [WARN] PackLoader:240 - Cannot read IP mode file for STMicroelectronics.X-CUBE-AZRTOS-WB.2.0.0
2025-09-22 23:32:22,838 [WARN] ConditionMgr:1044 - genDependencies : Invalid condition id : UX DEVICE CLASS RTOS Condition cause : null
2025-09-22 23:32:22,838 [WARN] ConditionMgr:1044 - genDependencies : Invalid condition id : UX DEVICE CLASS RTOS Condition cause : null
2025-09-22 23:32:22,838 [WARN] ConditionMgr:1044 - genDependencies : Invalid condition id : UX DEVICE CLASS RTOS Condition cause : null
2025-09-22 23:32:22,838 [WARN] ConditionMgr:1044 - genDependencies : Invalid condition id : UX DEVICE CLASS RTOS Condition cause : null
2025-09-22 23:32:22,838 [WARN] ConditionMgr:1044 - genDependencies : Invalid condition id : UX DEVICE CLASS RTOS Condition cause : null
2025-09-22 23:32:22,867 [WARN] PackLoader:240 - Cannot read IP mode file for STMicroelectronics.X-CUBE-GNSS1.7.0.1
2025-09-22 23:32:22,899 [WARN] PackLoader:240 - Cannot read IP mode file for STMicroelectronics.X-CUBE-TOUCHGFX.4.25.0
2025-09-22 23:32:22,922 [WARN] PackLoader:240 - Cannot read IP mode file for STMicroelectronics.FP-SNS-STBOX1.2.0.0
2025-09-22 23:32:22,930 [WARN] ConditionMgr:438 - getConditionDescription Invalid condition id : Cortex-A Device cause : null
2025-09-22 23:32:22,973 [WARN] ConditionMgr:1044 - genDependencies : Invalid condition id : Cortex-A Device cause : null
2025-09-22 23:32:22,973 [WARN] ConditionMgr:1044 - genDependencies : Invalid condition id : Cortex-A Device cause : null
2025-09-22 23:32:22,973 [WARN] ConditionMgr:1044 - genDependencies : Invalid condition id : Cortex-A Device cause : null
2025-09-22 23:32:23,006 [WARN] PackLoader:240 - Cannot read IP mode file for STMicroelectronics.X-CUBE-SUBG2.5.0.0
2025-09-22 23:32:23,058 [WARN] PackLoader:240 - Cannot read IP mode file for STMicroelectronics.X-CUBE-AZRTOS-H7RS.1.1.0
2025-09-22 23:32:23,066 [WARN] PackLoader:240 - Cannot read IP mode file for Cesanta.I-CUBE-Mongoose.7.13.0
2025-09-22 23:32:23,112 [WARN] PackLoader:240 - Cannot read IP mode file for STMicroelectronics.X-CUBE-AZRTOS-G4.2.0.0
2025-09-22 23:32:23,122 [WARN] PackLoader:240 - Cannot read IP mode file for wolfSSL.I-CUBE-wolfSSH.1.4.20
2025-09-22 23:32:23,149 [WARN] PackLoader:240 - Cannot read IP mode file for STMicroelectronics.X-CUBE-NFC7.2.0.0
2025-09-22 23:32:23,181 [WARN] PackLoader:240 - Cannot read IP mode file for STMicroelectronics.X-CUBE-IPS.3.1.0
2025-09-22 23:32:23,210 [WARN] PackLoader:240 - Cannot read IP mode file for STMicroelectronics.X-CUBE-ALS.1.0.2
2025-09-22 23:32:23,217 [WARN] PackLoader:240 - Cannot read IP mode file for STMicroelectronics.X-CUBE-STSE01.1.0.0
2025-09-22 23:32:23,244 [WARN] PackLoader:240 - Cannot read IP mode file for portGmbH.I-Cube-SoM-uGOAL.1.1.0
2025-09-22 23:32:23,274 [WARN] PackLoader:240 - Cannot read IP mode file for STMicroelectronics.X-CUBE-TOF1.3.4.3
2025-09-22 23:32:23,301 [INFO] ThirdParty:978 - Integrity check success = true
2025-09-22 23:32:23,302 [INFO] IntegrityCheckThread:100 - exiting critical section [integrity check]
2025-09-22 23:32:23,302 [INFO] IntegrityCheckThread:103 - End integrity checks thread
2025-09-22 23:32:23,345 [ERROR] LogOutputStream:75 - [STDERR_REDIRECT] [Fatal Error] :1:1: Premature end of file.
2025-09-22 23:32:23,346 [ERROR] LogOutputStream:75 - [STDERR_REDIRECT] 
2025-09-22 23:32:24,327 [ERROR] LogOutputStream:75 - [STDERR_REDIRECT] [Fatal Error] :1:1: Premature end of file.
2025-09-22 23:32:24,327 [ERROR] LogOutputStream:75 - [STDERR_REDIRECT] 
2025-09-22 23:32:25,332 [ERROR] LogOutputStream:75 - [STDERR_REDIRECT] [Fatal Error] :1:1: Premature end of file.
2025-09-22 23:32:25,332 [ERROR] LogOutputStream:75 - [STDERR_REDIRECT] 
2025-09-22 23:32:26,338 [ERROR] LogOutputStream:75 - [STDERR_REDIRECT] [Fatal Error] :1:1: Premature end of file.
2025-09-22 23:32:26,338 [ERROR] LogOutputStream:75 - [STDERR_REDIRECT] 
2025-09-22 23:32:27,332 [ERROR] LogOutputStream:75 - [STDERR_REDIRECT] [Fatal Error] :1:1: Premature end of file.
2025-09-22 23:32:27,332 [ERROR] LogOutputStream:75 - [STDERR_REDIRECT] 
2025-09-22 23:32:28,331 [ERROR] LogOutputStream:75 - [STDERR_REDIRECT] [Fatal Error] :1:1: Premature end of file.
2025-09-22 23:32:28,332 [ERROR] LogOutputStream:75 - [STDERR_REDIRECT] 
2025-09-22 23:32:29,332 [ERROR] LogOutputStream:75 - [STDERR_REDIRECT] [Fatal Error] :1:1: Premature end of file.
2025-09-22 23:32:29,332 [ERROR] LogOutputStream:75 - [STDERR_REDIRECT] 
2025-09-22 23:32:30,331 [ERROR] LogOutputStream:75 - [STDERR_REDIRECT] [Fatal Error] :1:1: Premature end of file.
2025-09-22 23:32:30,331 [ERROR] LogOutputStream:75 - [STDERR_REDIRECT] 
2025-09-22 23:32:31,331 [ERROR] LogOutputStream:75 - [STDERR_REDIRECT] [Fatal Error] :1:1: Premature end of file.
2025-09-22 23:32:31,332 [ERROR] LogOutputStream:75 - [STDERR_REDIRECT] 
2025-09-22 23:32:32,329 [ERROR] LogOutputStream:75 - [STDERR_REDIRECT] [Fatal Error] :1:1: Premature end of file.
2025-09-22 23:32:32,330 [ERROR] LogOutputStream:75 - [STDERR_REDIRECT] 
2025-09-22 23:32:33,332 [ERROR] LogOutputStream:75 - [STDERR_REDIRECT] [Fatal Error] :1:1: Premature end of file.
2025-09-22 23:32:33,333 [ERROR] LogOutputStream:75 - [STDERR_REDIRECT] 
2025-09-22 23:32:34,329 [ERROR] LogOutputStream:75 - [STDERR_REDIRECT] [Fatal Error] :1:1: Premature end of file.
2025-09-22 23:32:34,330 [ERROR] LogOutputStream:75 - [STDERR_REDIRECT] 
2025-09-22 23:32:35,331 [ERROR] LogOutputStream:75 - [STDERR_REDIRECT] [Fatal Error] :1:1: Premature end of file.
2025-09-22 23:32:35,332 [ERROR] LogOutputStream:75 - [STDERR_REDIRECT] 
2025-09-22 23:32:36,330 [ERROR] LogOutputStream:75 - [STDERR_REDIRECT] [Fatal Error] :1:1: Premature end of file.
2025-09-22 23:32:36,331 [ERROR] LogOutputStream:75 - [STDERR_REDIRECT] 
2025-09-22 23:32:37,335 [ERROR] LogOutputStream:75 - [STDERR_REDIRECT] [Fatal Error] :1:1: Premature end of file.
2025-09-22 23:32:37,336 [ERROR] LogOutputStream:75 - [STDERR_REDIRECT] 
2025-09-22 23:32:38,333 [ERROR] LogOutputStream:75 - [STDERR_REDIRECT] [Fatal Error] :1:1: Premature end of file.
2025-09-22 23:32:38,333 [ERROR] LogOutputStream:75 - [STDERR_REDIRECT] 
2025-09-22 23:32:39,330 [ERROR] LogOutputStream:75 - [STDERR_REDIRECT] [Fatal Error] :1:1: Premature end of file.
2025-09-22 23:32:39,331 [ERROR] LogOutputStream:75 - [STDERR_REDIRECT] 
2025-09-22 23:32:40,335 [ERROR] LogOutputStream:75 - [STDERR_REDIRECT] [Fatal Error] :1:1: Premature end of file.
2025-09-22 23:32:40,336 [ERROR] LogOutputStream:75 - [STDERR_REDIRECT] 
2025-09-22 23:32:41,331 [ERROR] LogOutputStream:75 - [STDERR_REDIRECT] [Fatal Error] :1:1: Premature end of file.
2025-09-22 23:32:41,331 [ERROR] LogOutputStream:75 - [STDERR_REDIRECT] 
2025-09-22 23:32:42,356 [ERROR] LogOutputStream:75 - [STDERR_REDIRECT] [Fatal Error] :1:1: Premature end of file.
2025-09-22 23:32:42,359 [ERROR] LogOutputStream:75 - [STDERR_REDIRECT] 
2025-09-22 23:32:43,323 [ERROR] LogOutputStream:75 - [STDERR_REDIRECT] [Fatal Error] :1:1: Premature end of file.
2025-09-22 23:32:43,323 [ERROR] LogOutputStream:75 - [STDERR_REDIRECT] 
2025-09-22 23:32:44,335 [ERROR] LogOutputStream:75 - [STDERR_REDIRECT] [Fatal Error] :1:1: Premature end of file.
2025-09-22 23:32:44,336 [ERROR] LogOutputStream:75 - [STDERR_REDIRECT] 
2025-09-22 23:32:45,339 [ERROR] LogOutputStream:75 - [STDERR_REDIRECT] [Fatal Error] :1:1: Premature end of file.
2025-09-22 23:32:45,339 [ERROR] LogOutputStream:75 - [STDERR_REDIRECT] 
2025-09-22 23:32:46,331 [ERROR] LogOutputStream:75 - [STDERR_REDIRECT] [Fatal Error] :1:1: Premature end of file.
2025-09-22 23:32:46,331 [ERROR] LogOutputStream:75 - [STDERR_REDIRECT] 
2025-09-22 23:32:47,330 [ERROR] LogOutputStream:75 - [STDERR_REDIRECT] [Fatal Error] :1:1: Premature end of file.
2025-09-22 23:32:47,331 [ERROR] LogOutputStream:75 - [STDERR_REDIRECT] 
2025-09-22 23:32:48,334 [ERROR] LogOutputStream:75 - [STDERR_REDIRECT] [Fatal Error] :1:1: Premature end of file.
2025-09-22 23:32:48,334 [ERROR] LogOutputStream:75 - [STDERR_REDIRECT] 
2025-09-22 23:32:49,332 [ERROR] LogOutputStream:75 - [STDERR_REDIRECT] [Fatal Error] :1:1: Premature end of file.
2025-09-22 23:32:49,332 [ERROR] LogOutputStream:75 - [STDERR_REDIRECT] 
2025-09-22 23:32:50,330 [ERROR] LogOutputStream:75 - [STDERR_REDIRECT] [Fatal Error] :1:1: Premature end of file.
2025-09-22 23:32:50,330 [ERROR] LogOutputStream:75 - [STDERR_REDIRECT] 
2025-09-22 23:32:51,331 [ERROR] LogOutputStream:75 - [STDERR_REDIRECT] [Fatal Error] :1:1: Premature end of file.
2025-09-22 23:32:51,331 [ERROR] LogOutputStream:75 - [STDERR_REDIRECT] 
2025-09-22 23:32:52,334 [ERROR] LogOutputStream:75 - [STDERR_REDIRECT] [Fatal Error] :1:1: Premature end of file.
2025-09-22 23:32:52,334 [ERROR] LogOutputStream:75 - [STDERR_REDIRECT] 
2025-09-22 23:32:53,335 [ERROR] LogOutputStream:75 - [STDERR_REDIRECT] [Fatal Error] :1:1: Premature end of file.
2025-09-22 23:32:53,335 [ERROR] LogOutputStream:75 - [STDERR_REDIRECT] 
2025-09-22 23:32:54,334 [ERROR] LogOutputStream:75 - [STDERR_REDIRECT] [Fatal Error] :1:1: Premature end of file.
2025-09-22 23:32:54,335 [ERROR] LogOutputStream:75 - [STDERR_REDIRECT] 
2025-09-22 23:32:55,330 [ERROR] LogOutputStream:75 - [STDERR_REDIRECT] [Fatal Error] :1:1: Premature end of file.
2025-09-22 23:32:55,330 [ERROR] LogOutputStream:75 - [STDERR_REDIRECT] 
2025-09-22 23:32:56,328 [ERROR] LogOutputStream:75 - [STDERR_REDIRECT] [Fatal Error] :1:1: Premature end of file.
2025-09-22 23:32:56,328 [ERROR] LogOutputStream:75 - [STDERR_REDIRECT] 
2025-09-22 23:32:57,330 [ERROR] LogOutputStream:75 - [STDERR_REDIRECT] [Fatal Error] :1:1: Premature end of file.
2025-09-22 23:32:57,330 [ERROR] LogOutputStream:75 - [STDERR_REDIRECT] 
2025-09-22 23:32:58,330 [ERROR] LogOutputStream:75 - [STDERR_REDIRECT] [Fatal Error] :1:1: Premature end of file.
2025-09-22 23:32:58,330 [ERROR] LogOutputStream:75 - [STDERR_REDIRECT] 
2025-09-22 23:32:59,331 [ERROR] LogOutputStream:75 - [STDERR_REDIRECT] [Fatal Error] :1:1: Premature end of file.
2025-09-22 23:32:59,331 [ERROR] LogOutputStream:75 - [STDERR_REDIRECT] 
2025-09-22 23:33:00,333 [ERROR] LogOutputStream:75 - [STDERR_REDIRECT] [Fatal Error] :1:1: Premature end of file.
2025-09-22 23:33:00,334 [ERROR] LogOutputStream:75 - [STDERR_REDIRECT] 
2025-09-22 23:33:01,334 [ERROR] LogOutputStream:75 - [STDERR_REDIRECT] [Fatal Error] :1:1: Premature end of file.
2025-09-22 23:33:01,334 [ERROR] LogOutputStream:75 - [STDERR_REDIRECT] 
2025-09-22 23:33:02,333 [ERROR] LogOutputStream:75 - [STDERR_REDIRECT] [Fatal Error] :1:1: Premature end of file.
2025-09-22 23:33:02,334 [ERROR] LogOutputStream:75 - [STDERR_REDIRECT] 
2025-09-22 23:33:03,334 [ERROR] LogOutputStream:75 - [STDERR_REDIRECT] [Fatal Error] :1:1: Premature end of file.
2025-09-22 23:33:03,335 [ERROR] LogOutputStream:75 - [STDERR_REDIRECT] 
2025-09-22 23:33:04,330 [ERROR] LogOutputStream:75 - [STDERR_REDIRECT] [Fatal Error] :1:1: Premature end of file.
2025-09-22 23:33:04,331 [ERROR] LogOutputStream:75 - [STDERR_REDIRECT] 
2025-09-22 23:33:05,328 [ERROR] LogOutputStream:75 - [STDERR_REDIRECT] [Fatal Error] :1:1: Premature end of file.
2025-09-22 23:33:05,328 [ERROR] LogOutputStream:75 - [STDERR_REDIRECT] 
2025-09-22 23:33:06,327 [ERROR] LogOutputStream:75 - [STDERR_REDIRECT] [Fatal Error] :1:1: Premature end of file.
2025-09-22 23:33:06,327 [ERROR] LogOutputStream:75 - [STDERR_REDIRECT] 
2025-09-22 23:33:07,330 [ERROR] LogOutputStream:75 - [STDERR_REDIRECT] [Fatal Error] :1:1: Premature end of file.
2025-09-22 23:33:07,330 [ERROR] LogOutputStream:75 - [STDERR_REDIRECT] 
2025-09-22 23:33:08,338 [ERROR] LogOutputStream:75 - [STDERR_REDIRECT] [Fatal Error] :1:1: Premature end of file.
2025-09-22 23:33:08,338 [ERROR] LogOutputStream:75 - [STDERR_REDIRECT] 
2025-09-22 23:33:09,331 [ERROR] LogOutputStream:75 - [STDERR_REDIRECT] [Fatal Error] :1:1: Premature end of file.
2025-09-22 23:33:09,331 [ERROR] LogOutputStream:75 - [STDERR_REDIRECT] 
2025-09-22 23:33:10,335 [ERROR] LogOutputStream:75 - [STDERR_REDIRECT] [Fatal Error] :1:1: Premature end of file.
2025-09-22 23:33:10,336 [ERROR] LogOutputStream:75 - [STDERR_REDIRECT] 
2025-09-22 23:33:11,335 [ERROR] LogOutputStream:75 - [STDERR_REDIRECT] [Fatal Error] :1:1: Premature end of file.
2025-09-22 23:33:11,335 [ERROR] LogOutputStream:75 - [STDERR_REDIRECT] 
2025-09-22 23:33:12,336 [ERROR] LogOutputStream:75 - [STDERR_REDIRECT] [Fatal Error] :1:1: Premature end of file.
2025-09-22 23:33:12,337 [ERROR] LogOutputStream:75 - [STDERR_REDIRECT] 
2025-09-22 23:33:13,338 [ERROR] LogOutputStream:75 - [STDERR_REDIRECT] [Fatal Error] :1:1: Premature end of file.
2025-09-22 23:33:13,338 [ERROR] LogOutputStream:75 - [STDERR_REDIRECT] 
2025-09-22 23:33:14,335 [ERROR] LogOutputStream:75 - [STDERR_REDIRECT] [Fatal Error] :1:1: Premature end of file.
2025-09-22 23:33:14,336 [ERROR] LogOutputStream:75 - [STDERR_REDIRECT] 
2025-09-22 23:33:15,334 [ERROR] LogOutputStream:75 - [STDERR_REDIRECT] [Fatal Error] :1:1: Premature end of file.
2025-09-22 23:33:15,334 [ERROR] LogOutputStream:75 - [STDERR_REDIRECT] 
2025-09-22 23:33:16,339 [ERROR] LogOutputStream:75 - [STDERR_REDIRECT] [Fatal Error] :1:1: Premature end of file.
2025-09-22 23:33:16,339 [ERROR] LogOutputStream:75 - [STDERR_REDIRECT] 
2025-09-22 23:33:17,340 [ERROR] LogOutputStream:75 - [STDERR_REDIRECT] [Fatal Error] :1:1: Premature end of file.
2025-09-22 23:33:17,341 [ERROR] LogOutputStream:75 - [STDERR_REDIRECT] 
2025-09-22 23:33:18,328 [ERROR] LogOutputStream:75 - [STDERR_REDIRECT] [Fatal Error] :1:1: Premature end of file.
2025-09-22 23:33:18,329 [ERROR] LogOutputStream:75 - [STDERR_REDIRECT] 
2025-09-22 23:33:19,329 [ERROR] LogOutputStream:75 - [STDERR_REDIRECT] [Fatal Error] :1:1: Premature end of file.
2025-09-22 23:33:19,330 [ERROR] LogOutputStream:75 - [STDERR_REDIRECT] 
2025-09-22 23:33:20,327 [ERROR] LogOutputStream:75 - [STDERR_REDIRECT] [Fatal Error] :1:1: Premature end of file.
2025-09-22 23:33:20,327 [ERROR] LogOutputStream:75 - [STDERR_REDIRECT] 
2025-09-22 23:33:21,331 [ERROR] LogOutputStream:75 - [STDERR_REDIRECT] [Fatal Error] :1:1: Premature end of file.
2025-09-22 23:33:21,332 [ERROR] LogOutputStream:75 - [STDERR_REDIRECT] 
2025-09-22 23:33:22,326 [ERROR] LogOutputStream:75 - [STDERR_REDIRECT] [Fatal Error] :1:1: Premature end of file.
2025-09-22 23:33:22,326 [ERROR] LogOutputStream:75 - [STDERR_REDIRECT] 
2025-09-22 23:33:23,342 [ERROR] LogOutputStream:75 - [STDERR_REDIRECT] [Fatal Error] :1:1: Premature end of file.
2025-09-22 23:33:23,342 [ERROR] LogOutputStream:75 - [STDERR_REDIRECT] 
2025-09-22 23:33:24,324 [ERROR] LogOutputStream:75 - [STDERR_REDIRECT] [Fatal Error] :1:1: Premature end of file.
2025-09-22 23:33:24,325 [ERROR] LogOutputStream:75 - [STDERR_REDIRECT] 
2025-09-22 23:33:25,339 [ERROR] LogOutputStream:75 - [STDERR_REDIRECT] [Fatal Error] :1:1: Premature end of file.
2025-09-22 23:33:25,340 [ERROR] LogOutputStream:75 - [STDERR_REDIRECT] 
2025-09-22 23:33:26,366 [ERROR] LogOutputStream:75 - [STDERR_REDIRECT] [Fatal Error] :1:1: Premature end of file.
2025-09-22 23:33:26,366 [ERROR] LogOutputStream:75 - [STDERR_REDIRECT] 
2025-09-22 23:33:27,335 [ERROR] LogOutputStream:75 - [STDERR_REDIRECT] [Fatal Error] :1:1: Premature end of file.
2025-09-22 23:33:27,335 [ERROR] LogOutputStream:75 - [STDERR_REDIRECT] 
2025-09-22 23:33:28,322 [ERROR] LogOutputStream:75 - [STDERR_REDIRECT] [Fatal Error] :1:1: Premature end of file.
2025-09-22 23:33:28,322 [ERROR] LogOutputStream:75 - [STDERR_REDIRECT] 
2025-09-22 23:33:29,326 [ERROR] LogOutputStream:75 - [STDERR_REDIRECT] [Fatal Error] :1:1: Premature end of file.
2025-09-22 23:33:29,327 [ERROR] LogOutputStream:75 - [STDERR_REDIRECT] 
2025-09-22 23:33:30,337 [ERROR] LogOutputStream:75 - [STDERR_REDIRECT] [Fatal Error] :1:1: Premature end of file.
2025-09-22 23:33:30,337 [ERROR] LogOutputStream:75 - [STDERR_REDIRECT] 
2025-09-22 23:33:31,328 [ERROR] LogOutputStream:75 - [STDERR_REDIRECT] [Fatal Error] :1:1: Premature end of file.
2025-09-22 23:33:31,329 [ERROR] LogOutputStream:75 - [STDERR_REDIRECT] 
2025-09-22 23:33:32,331 [ERROR] LogOutputStream:75 - [STDERR_REDIRECT] [Fatal Error] :1:1: Premature end of file.
2025-09-22 23:33:32,332 [ERROR] LogOutputStream:75 - [STDERR_REDIRECT] 
2025-09-22 23:33:33,335 [ERROR] LogOutputStream:75 - [STDERR_REDIRECT] [Fatal Error] :1:1: Premature end of file.
2025-09-22 23:33:33,335 [ERROR] LogOutputStream:75 - [STDERR_REDIRECT] 
2025-09-22 23:33:34,326 [ERROR] LogOutputStream:75 - [STDERR_REDIRECT] [Fatal Error] :1:1: Premature end of file.
2025-09-22 23:33:34,326 [ERROR] LogOutputStream:75 - [STDERR_REDIRECT] 
2025-09-22 23:33:35,332 [ERROR] LogOutputStream:75 - [STDERR_REDIRECT] [Fatal Error] :1:1: Premature end of file.
2025-09-22 23:33:35,332 [ERROR] LogOutputStream:75 - [STDERR_REDIRECT] 
2025-09-22 23:33:36,339 [ERROR] LogOutputStream:75 - [STDERR_REDIRECT] [Fatal Error] :1:1: Premature end of file.
2025-09-22 23:33:36,340 [ERROR] LogOutputStream:75 - [STDERR_REDIRECT] 
2025-09-22 23:33:37,329 [ERROR] LogOutputStream:75 - [STDERR_REDIRECT] [Fatal Error] :1:1: Premature end of file.
2025-09-22 23:33:37,329 [ERROR] LogOutputStream:75 - [STDERR_REDIRECT] 
2025-09-22 23:33:38,334 [ERROR] LogOutputStream:75 - [STDERR_REDIRECT] [Fatal Error] :1:1: Premature end of file.
2025-09-22 23:33:38,334 [ERROR] LogOutputStream:75 - [STDERR_REDIRECT] 
2025-09-22 23:33:39,333 [ERROR] LogOutputStream:75 - [STDERR_REDIRECT] [Fatal Error] :1:1: Premature end of file.
2025-09-22 23:33:39,333 [ERROR] LogOutputStream:75 - [STDERR_REDIRECT] 
2025-09-22 23:33:40,327 [ERROR] LogOutputStream:75 - [STDERR_REDIRECT] [Fatal Error] :1:1: Premature end of file.
2025-09-22 23:33:40,328 [ERROR] LogOutputStream:75 - [STDERR_REDIRECT] 
2025-09-22 23:33:41,330 [ERROR] LogOutputStream:75 - [STDERR_REDIRECT] [Fatal Error] :1:1: Premature end of file.
2025-09-22 23:33:41,330 [ERROR] LogOutputStream:75 - [STDERR_REDIRECT] 
2025-09-22 23:33:42,323 [ERROR] LogOutputStream:75 - [STDERR_REDIRECT] [Fatal Error] :1:1: Premature end of file.
2025-09-22 23:33:42,324 [ERROR] LogOutputStream:75 - [STDERR_REDIRECT] 
2025-09-22 23:33:43,331 [ERROR] LogOutputStream:75 - [STDERR_REDIRECT] [Fatal Error] :1:1: Premature end of file.
2025-09-22 23:33:43,331 [ERROR] LogOutputStream:75 - [STDERR_REDIRECT] 
2025-09-22 23:33:44,334 [ERROR] LogOutputStream:75 - [STDERR_REDIRECT] [Fatal Error] :1:1: Premature end of file.
2025-09-22 23:33:44,335 [ERROR] LogOutputStream:75 - [STDERR_REDIRECT] 
2025-09-22 23:33:45,332 [ERROR] LogOutputStream:75 - [STDERR_REDIRECT] [Fatal Error] :1:1: Premature end of file.
2025-09-22 23:33:45,332 [ERROR] LogOutputStream:75 - [STDERR_REDIRECT] 
2025-09-22 23:33:46,349 [ERROR] LogOutputStream:75 - [STDERR_REDIRECT] [Fatal Error] :1:1: Premature end of file.
2025-09-22 23:33:46,349 [ERROR] LogOutputStream:75 - [STDERR_REDIRECT] 
2025-09-22 23:33:47,336 [ERROR] LogOutputStream:75 - [STDERR_REDIRECT] [Fatal Error] :1:1: Premature end of file.
2025-09-22 23:33:47,336 [ERROR] LogOutputStream:75 - [STDERR_REDIRECT] 
2025-09-22 23:33:48,331 [ERROR] LogOutputStream:75 - [STDERR_REDIRECT] [Fatal Error] :1:1: Premature end of file.
2025-09-22 23:33:48,332 [ERROR] LogOutputStream:75 - [STDERR_REDIRECT] 
2025-09-22 23:33:49,336 [ERROR] LogOutputStream:75 - [STDERR_REDIRECT] [Fatal Error] :1:1: Premature end of file.
2025-09-22 23:33:49,337 [ERROR] LogOutputStream:75 - [STDERR_REDIRECT] 
2025-09-22 23:33:50,331 [ERROR] LogOutputStream:75 - [STDERR_REDIRECT] [Fatal Error] :1:1: Premature end of file.
2025-09-22 23:33:50,331 [ERROR] LogOutputStream:75 - [STDERR_REDIRECT] 
2025-09-22 23:33:51,330 [ERROR] LogOutputStream:75 - [STDERR_REDIRECT] [Fatal Error] :1:1: Premature end of file.
2025-09-22 23:33:51,331 [ERROR] LogOutputStream:75 - [STDERR_REDIRECT] 
2025-09-22 23:33:52,342 [ERROR] LogOutputStream:75 - [STDERR_REDIRECT] [Fatal Error] :1:1: Premature end of file.
2025-09-22 23:33:52,342 [ERROR] LogOutputStream:75 - [STDERR_REDIRECT] 
2025-09-22 23:33:53,336 [ERROR] LogOutputStream:75 - [STDERR_REDIRECT] [Fatal Error] :1:1: Premature end of file.
2025-09-22 23:33:53,336 [ERROR] LogOutputStream:75 - [STDERR_REDIRECT] 
2025-09-22 23:33:54,332 [ERROR] LogOutputStream:75 - [STDERR_REDIRECT] [Fatal Error] :1:1: Premature end of file.
2025-09-22 23:33:54,333 [ERROR] LogOutputStream:75 - [STDERR_REDIRECT] 
2025-09-22 23:33:55,340 [ERROR] LogOutputStream:75 - [STDERR_REDIRECT] [Fatal Error] :1:1: Premature end of file.
2025-09-22 23:33:55,341 [ERROR] LogOutputStream:75 - [STDERR_REDIRECT] 
2025-09-22 23:33:56,333 [ERROR] LogOutputStream:75 - [STDERR_REDIRECT] [Fatal Error] :1:1: Premature end of file.
2025-09-22 23:33:56,333 [ERROR] LogOutputStream:75 - [STDERR_REDIRECT] 
2025-09-22 23:33:57,330 [ERROR] LogOutputStream:75 - [STDERR_REDIRECT] [Fatal Error] :1:1: Premature end of file.
2025-09-22 23:33:57,330 [ERROR] LogOutputStream:75 - [STDERR_REDIRECT] 
2025-09-22 23:33:58,333 [ERROR] LogOutputStream:75 - [STDERR_REDIRECT] [Fatal Error] :1:1: Premature end of file.
2025-09-22 23:33:58,334 [ERROR] LogOutputStream:75 - [STDERR_REDIRECT] 
2025-09-22 23:33:59,332 [ERROR] LogOutputStream:75 - [STDERR_REDIRECT] [Fatal Error] :1:1: Premature end of file.
2025-09-22 23:33:59,332 [ERROR] LogOutputStream:75 - [STDERR_REDIRECT] 
2025-09-22 23:34:00,331 [ERROR] LogOutputStream:75 - [STDERR_REDIRECT] [Fatal Error] :1:1: Premature end of file.
2025-09-22 23:34:00,332 [ERROR] LogOutputStream:75 - [STDERR_REDIRECT] 
2025-09-22 23:34:01,332 [ERROR] LogOutputStream:75 - [STDERR_REDIRECT] [Fatal Error] :1:1: Premature end of file.
2025-09-22 23:34:01,332 [ERROR] LogOutputStream:75 - [STDERR_REDIRECT] 
2025-09-22 23:34:02,328 [ERROR] LogOutputStream:75 - [STDERR_REDIRECT] [Fatal Error] :1:1: Premature end of file.
2025-09-22 23:34:02,328 [ERROR] LogOutputStream:75 - [STDERR_REDIRECT] 
2025-09-22 23:34:03,329 [ERROR] LogOutputStream:75 - [STDERR_REDIRECT] [Fatal Error] :1:1: Premature end of file.
2025-09-22 23:34:03,330 [ERROR] LogOutputStream:75 - [STDERR_REDIRECT] 
2025-09-22 23:34:04,331 [ERROR] LogOutputStream:75 - [STDERR_REDIRECT] [Fatal Error] :1:1: Premature end of file.
2025-09-22 23:34:04,331 [ERROR] LogOutputStream:75 - [STDERR_REDIRECT] 
2025-09-22 23:34:05,330 [ERROR] LogOutputStream:75 - [STDERR_REDIRECT] [Fatal Error] :1:1: Premature end of file.
2025-09-22 23:34:05,330 [ERROR] LogOutputStream:75 - [STDERR_REDIRECT] 
2025-09-22 23:34:06,329 [ERROR] LogOutputStream:75 - [STDERR_REDIRECT] [Fatal Error] :1:1: Premature end of file.
2025-09-22 23:34:06,330 [ERROR] LogOutputStream:75 - [STDERR_REDIRECT] 
2025-09-22 23:34:07,331 [ERROR] LogOutputStream:75 - [STDERR_REDIRECT] [Fatal Error] :1:1: Premature end of file.
2025-09-22 23:34:07,332 [ERROR] LogOutputStream:75 - [STDERR_REDIRECT] 
2025-09-22 23:34:08,335 [ERROR] LogOutputStream:75 - [STDERR_REDIRECT] [Fatal Error] :1:1: Premature end of file.
2025-09-22 23:34:08,335 [ERROR] LogOutputStream:75 - [STDERR_REDIRECT] 
2025-09-22 23:34:09,330 [ERROR] LogOutputStream:75 - [STDERR_REDIRECT] [Fatal Error] :1:1: Premature end of file.
2025-09-22 23:34:09,330 [ERROR] LogOutputStream:75 - [STDERR_REDIRECT] 
2025-09-22 23:34:10,332 [ERROR] LogOutputStream:75 - [STDERR_REDIRECT] [Fatal Error] :1:1: Premature end of file.
2025-09-22 23:34:10,332 [ERROR] LogOutputStream:75 - [STDERR_REDIRECT] 
2025-09-22 23:34:11,335 [ERROR] LogOutputStream:75 - [STDERR_REDIRECT] [Fatal Error] :1:1: Premature end of file.
2025-09-22 23:34:11,336 [ERROR] LogOutputStream:75 - [STDERR_REDIRECT] 
2025-09-22 23:34:12,333 [ERROR] LogOutputStream:75 - [STDERR_REDIRECT] [Fatal Error] :1:1: Premature end of file.
2025-09-22 23:34:12,333 [ERROR] LogOutputStream:75 - [STDERR_REDIRECT] 
2025-09-22 23:34:13,331 [ERROR] LogOutputStream:75 - [STDERR_REDIRECT] [Fatal Error] :1:1: Premature end of file.
2025-09-22 23:34:13,331 [ERROR] LogOutputStream:75 - [STDERR_REDIRECT] 
2025-09-22 23:34:14,331 [ERROR] LogOutputStream:75 - [STDERR_REDIRECT] [Fatal Error] :1:1: Premature end of file.
2025-09-22 23:34:14,331 [ERROR] LogOutputStream:75 - [STDERR_REDIRECT] 
2025-09-22 23:34:15,332 [ERROR] LogOutputStream:75 - [STDERR_REDIRECT] [Fatal Error] :1:1: Premature end of file.
2025-09-22 23:34:15,333 [ERROR] LogOutputStream:75 - [STDERR_REDIRECT] 
2025-09-22 23:34:16,492 [ERROR] LogOutputStream:75 - [STDERR_REDIRECT] [Fatal Error] :1:1: Premature end of file.
2025-09-22 23:34:16,492 [ERROR] LogOutputStream:75 - [STDERR_REDIRECT] 
2025-09-22 23:34:17,332 [ERROR] LogOutputStream:75 - [STDERR_REDIRECT] [Fatal Error] :1:1: Premature end of file.
2025-09-22 23:34:17,332 [ERROR] LogOutputStream:75 - [STDERR_REDIRECT] 
2025-09-22 23:34:18,330 [ERROR] LogOutputStream:75 - [STDERR_REDIRECT] [Fatal Error] :1:1: Premature end of file.
2025-09-22 23:34:18,331 [ERROR] LogOutputStream:75 - [STDERR_REDIRECT] 
2025-09-22 23:34:19,321 [ERROR] LogOutputStream:75 - [STDERR_REDIRECT] [Fatal Error] :1:1: Premature end of file.
2025-09-22 23:34:19,322 [ERROR] LogOutputStream:75 - [STDERR_REDIRECT] 
2025-09-22 23:34:20,330 [ERROR] LogOutputStream:75 - [STDERR_REDIRECT] [Fatal Error] :1:1: Premature end of file.
2025-09-22 23:34:20,331 [ERROR] LogOutputStream:75 - [STDERR_REDIRECT] 
2025-09-22 23:34:21,330 [ERROR] LogOutputStream:75 - [STDERR_REDIRECT] [Fatal Error] :1:1: Premature end of file.
2025-09-22 23:34:21,331 [ERROR] LogOutputStream:75 - [STDERR_REDIRECT] 
2025-09-22 23:34:22,332 [ERROR] LogOutputStream:75 - [STDERR_REDIRECT] [Fatal Error] :1:1: Premature end of file.
2025-09-22 23:34:22,333 [ERROR] LogOutputStream:75 - [STDERR_REDIRECT] 
2025-09-22 23:34:23,332 [ERROR] LogOutputStream:75 - [STDERR_REDIRECT] [Fatal Error] :1:1: Premature end of file.
2025-09-22 23:34:23,333 [ERROR] LogOutputStream:75 - [STDERR_REDIRECT] 
2025-09-22 23:34:24,336 [ERROR] LogOutputStream:75 - [STDERR_REDIRECT] [Fatal Error] :1:1: Premature end of file.
2025-09-22 23:34:24,337 [ERROR] LogOutputStream:75 - [STDERR_REDIRECT] 
2025-09-22 23:34:25,329 [ERROR] LogOutputStream:75 - [STDERR_REDIRECT] [Fatal Error] :1:1: Premature end of file.
2025-09-22 23:34:25,329 [ERROR] LogOutputStream:75 - [STDERR_REDIRECT] 
2025-09-22 23:34:26,331 [ERROR] LogOutputStream:75 - [STDERR_REDIRECT] [Fatal Error] :1:1: Premature end of file.
2025-09-22 23:34:26,331 [ERROR] LogOutputStream:75 - [STDERR_REDIRECT] 
2025-09-22 23:34:27,333 [ERROR] LogOutputStream:75 - [STDERR_REDIRECT] [Fatal Error] :1:1: Premature end of file.
2025-09-22 23:34:27,333 [ERROR] LogOutputStream:75 - [STDERR_REDIRECT] 
2025-09-22 23:34:28,333 [ERROR] LogOutputStream:75 - [STDERR_REDIRECT] [Fatal Error] :1:1: Premature end of file.
2025-09-22 23:34:28,334 [ERROR] LogOutputStream:75 - [STDERR_REDIRECT] 
2025-09-22 23:34:29,331 [ERROR] LogOutputStream:75 - [STDERR_REDIRECT] [Fatal Error] :1:1: Premature end of file.
2025-09-22 23:34:29,331 [ERROR] LogOutputStream:75 - [STDERR_REDIRECT] 
2025-09-22 23:34:30,332 [ERROR] LogOutputStream:75 - [STDERR_REDIRECT] [Fatal Error] :1:1: Premature end of file.
2025-09-22 23:34:30,332 [ERROR] LogOutputStream:75 - [STDERR_REDIRECT] 
2025-09-22 23:34:31,331 [ERROR] LogOutputStream:75 - [STDERR_REDIRECT] [Fatal Error] :1:1: Premature end of file.
2025-09-22 23:34:31,332 [ERROR] LogOutputStream:75 - [STDERR_REDIRECT] 
2025-09-22 23:34:32,331 [ERROR] LogOutputStream:75 - [STDERR_REDIRECT] [Fatal Error] :1:1: Premature end of file.
2025-09-22 23:34:32,331 [ERROR] LogOutputStream:75 - [STDERR_REDIRECT] 
2025-09-22 23:34:33,336 [ERROR] LogOutputStream:75 - [STDERR_REDIRECT] [Fatal Error] :1:1: Premature end of file.
2025-09-22 23:34:33,336 [ERROR] LogOutputStream:75 - [STDERR_REDIRECT] 
2025-09-22 23:34:34,331 [ERROR] LogOutputStream:75 - [STDERR_REDIRECT] [Fatal Error] :1:1: Premature end of file.
2025-09-22 23:34:34,331 [ERROR] LogOutputStream:75 - [STDERR_REDIRECT] 
2025-09-22 23:34:35,328 [ERROR] LogOutputStream:75 - [STDERR_REDIRECT] [Fatal Error] :1:1: Premature end of file.
2025-09-22 23:34:35,328 [ERROR] LogOutputStream:75 - [STDERR_REDIRECT] 
2025-09-22 23:34:36,331 [ERROR] LogOutputStream:75 - [STDERR_REDIRECT] [Fatal Error] :1:1: Premature end of file.
2025-09-22 23:34:36,331 [ERROR] LogOutputStream:75 - [STDERR_REDIRECT] 
2025-09-22 23:34:37,330 [ERROR] LogOutputStream:75 - [STDERR_REDIRECT] [Fatal Error] :1:1: Premature end of file.
2025-09-22 23:34:37,331 [ERROR] LogOutputStream:75 - [STDERR_REDIRECT] 
2025-09-22 23:34:38,329 [ERROR] LogOutputStream:75 - [STDERR_REDIRECT] [Fatal Error] :1:1: Premature end of file.
2025-09-22 23:34:38,330 [ERROR] LogOutputStream:75 - [STDERR_REDIRECT] 
2025-09-22 23:34:39,331 [ERROR] LogOutputStream:75 - [STDERR_REDIRECT] [Fatal Error] :1:1: Premature end of file.
2025-09-22 23:34:39,332 [ERROR] LogOutputStream:75 - [STDERR_REDIRECT] 
2025-09-22 23:34:40,332 [ERROR] LogOutputStream:75 - [STDERR_REDIRECT] [Fatal Error] :1:1: Premature end of file.
2025-09-22 23:34:40,332 [ERROR] LogOutputStream:75 - [STDERR_REDIRECT] 
2025-09-22 23:34:41,335 [ERROR] LogOutputStream:75 - [STDERR_REDIRECT] [Fatal Error] :1:1: Premature end of file.
2025-09-22 23:34:41,335 [ERROR] LogOutputStream:75 - [STDERR_REDIRECT] 
2025-09-22 23:34:42,337 [ERROR] LogOutputStream:75 - [STDERR_REDIRECT] [Fatal Error] :1:1: Premature end of file.
2025-09-22 23:34:42,338 [ERROR] LogOutputStream:75 - [STDERR_REDIRECT] 
2025-09-22 23:34:43,335 [ERROR] LogOutputStream:75 - [STDERR_REDIRECT] [Fatal Error] :1:1: Premature end of file.
2025-09-22 23:34:43,336 [ERROR] LogOutputStream:75 - [STDERR_REDIRECT] 
2025-09-22 23:34:44,330 [ERROR] LogOutputStream:75 - [STDERR_REDIRECT] [Fatal Error] :1:1: Premature end of file.
2025-09-22 23:34:44,331 [ERROR] LogOutputStream:75 - [STDERR_REDIRECT] 
2025-09-22 23:34:45,338 [ERROR] LogOutputStream:75 - [STDERR_REDIRECT] [Fatal Error] :1:1: Premature end of file.
2025-09-22 23:34:45,338 [ERROR] LogOutputStream:75 - [STDERR_REDIRECT] 
2025-09-22 23:34:46,328 [ERROR] LogOutputStream:75 - [STDERR_REDIRECT] [Fatal Error] :1:1: Premature end of file.
2025-09-22 23:34:46,328 [ERROR] LogOutputStream:75 - [STDERR_REDIRECT] 
2025-09-22 23:34:47,330 [ERROR] LogOutputStream:75 - [STDERR_REDIRECT] [Fatal Error] :1:1: Premature end of file.
2025-09-22 23:34:47,330 [ERROR] LogOutputStream:75 - [STDERR_REDIRECT] 
2025-09-22 23:34:48,329 [ERROR] LogOutputStream:75 - [STDERR_REDIRECT] [Fatal Error] :1:1: Premature end of file.
2025-09-22 23:34:48,329 [ERROR] LogOutputStream:75 - [STDERR_REDIRECT] 
2025-09-22 23:34:49,329 [ERROR] LogOutputStream:75 - [STDERR_REDIRECT] [Fatal Error] :1:1: Premature end of file.
2025-09-22 23:34:49,329 [ERROR] LogOutputStream:75 - [STDERR_REDIRECT] 
2025-09-22 23:34:50,331 [ERROR] LogOutputStream:75 - [STDERR_REDIRECT] [Fatal Error] :1:1: Premature end of file.
2025-09-22 23:34:50,332 [ERROR] LogOutputStream:75 - [STDERR_REDIRECT] 
2025-09-22 23:34:51,331 [ERROR] LogOutputStream:75 - [STDERR_REDIRECT] [Fatal Error] :1:1: Premature end of file.
2025-09-22 23:34:51,332 [ERROR] LogOutputStream:75 - [STDERR_REDIRECT] 
2025-09-22 23:34:52,333 [ERROR] LogOutputStream:75 - [STDERR_REDIRECT] [Fatal Error] :1:1: Premature end of file.
2025-09-22 23:34:52,333 [ERROR] LogOutputStream:75 - [STDERR_REDIRECT] 
2025-09-22 23:34:53,331 [ERROR] LogOutputStream:75 - [STDERR_REDIRECT] [Fatal Error] :1:1: Premature end of file.
2025-09-22 23:34:53,331 [ERROR] LogOutputStream:75 - [STDERR_REDIRECT] 
2025-09-22 23:34:54,330 [ERROR] LogOutputStream:75 - [STDERR_REDIRECT] [Fatal Error] :1:1: Premature end of file.
2025-09-22 23:34:54,331 [ERROR] LogOutputStream:75 - [STDERR_REDIRECT] 
2025-09-22 23:34:55,339 [ERROR] LogOutputStream:75 - [STDERR_REDIRECT] [Fatal Error] :1:1: Premature end of file.
2025-09-22 23:34:55,339 [ERROR] LogOutputStream:75 - [STDERR_REDIRECT] 
2025-09-22 23:34:56,332 [ERROR] LogOutputStream:75 - [STDERR_REDIRECT] [Fatal Error] :1:1: Premature end of file.
2025-09-22 23:34:56,332 [ERROR] LogOutputStream:75 - [STDERR_REDIRECT] 
2025-09-22 23:34:57,334 [ERROR] LogOutputStream:75 - [STDERR_REDIRECT] [Fatal Error] :1:1: Premature end of file.
2025-09-22 23:34:57,334 [ERROR] LogOutputStream:75 - [STDERR_REDIRECT] 
2025-09-22 23:34:58,332 [ERROR] LogOutputStream:75 - [STDERR_REDIRECT] [Fatal Error] :1:1: Premature end of file.
2025-09-22 23:34:58,332 [ERROR] LogOutputStream:75 - [STDERR_REDIRECT] 
2025-09-22 23:34:59,329 [ERROR] LogOutputStream:75 - [STDERR_REDIRECT] [Fatal Error] :1:1: Premature end of file.
2025-09-22 23:34:59,329 [ERROR] LogOutputStream:75 - [STDERR_REDIRECT] 
2025-09-22 23:35:00,337 [ERROR] LogOutputStream:75 - [STDERR_REDIRECT] [Fatal Error] :1:1: Premature end of file.
2025-09-22 23:35:00,337 [ERROR] LogOutputStream:75 - [STDERR_REDIRECT] 
2025-09-22 23:35:01,329 [ERROR] LogOutputStream:75 - [STDERR_REDIRECT] [Fatal Error] :1:1: Premature end of file.
2025-09-22 23:35:01,330 [ERROR] LogOutputStream:75 - [STDERR_REDIRECT] 
2025-09-22 23:35:02,329 [ERROR] LogOutputStream:75 - [STDERR_REDIRECT] [Fatal Error] :1:1: Premature end of file.
2025-09-22 23:35:02,329 [ERROR] LogOutputStream:75 - [STDERR_REDIRECT] 
2025-09-22 23:35:03,333 [ERROR] LogOutputStream:75 - [STDERR_REDIRECT] [Fatal Error] :1:1: Premature end of file.
2025-09-22 23:35:03,333 [ERROR] LogOutputStream:75 - [STDERR_REDIRECT] 
2025-09-22 23:35:04,329 [ERROR] LogOutputStream:75 - [STDERR_REDIRECT] [Fatal Error] :1:1: Premature end of file.
2025-09-22 23:35:04,330 [ERROR] LogOutputStream:75 - [STDERR_REDIRECT] 
2025-09-22 23:35:05,330 [ERROR] LogOutputStream:75 - [STDERR_REDIRECT] [Fatal Error] :1:1: Premature end of file.
2025-09-22 23:35:05,331 [ERROR] LogOutputStream:75 - [STDERR_REDIRECT] 
2025-09-22 23:35:06,331 [ERROR] LogOutputStream:75 - [STDERR_REDIRECT] [Fatal Error] :1:1: Premature end of file.
2025-09-22 23:35:06,331 [ERROR] LogOutputStream:75 - [STDERR_REDIRECT] 
2025-09-22 23:35:07,330 [ERROR] LogOutputStream:75 - [STDERR_REDIRECT] [Fatal Error] :1:1: Premature end of file.
2025-09-22 23:35:07,331 [ERROR] LogOutputStream:75 - [STDERR_REDIRECT] 
2025-09-22 23:35:08,330 [ERROR] LogOutputStream:75 - [STDERR_REDIRECT] [Fatal Error] :1:1: Premature end of file.
2025-09-22 23:35:08,330 [ERROR] LogOutputStream:75 - [STDERR_REDIRECT] 
2025-09-22 23:35:09,328 [ERROR] LogOutputStream:75 - [STDERR_REDIRECT] [Fatal Error] :1:1: Premature end of file.
2025-09-22 23:35:09,329 [ERROR] LogOutputStream:75 - [STDERR_REDIRECT] 
2025-09-22 23:35:10,329 [ERROR] LogOutputStream:75 - [STDERR_REDIRECT] [Fatal Error] :1:1: Premature end of file.
2025-09-22 23:35:10,329 [ERROR] LogOutputStream:75 - [STDERR_REDIRECT] 
2025-09-22 23:35:11,330 [ERROR] LogOutputStream:75 - [STDERR_REDIRECT] [Fatal Error] :1:1: Premature end of file.
2025-09-22 23:35:11,331 [ERROR] LogOutputStream:75 - [STDERR_REDIRECT] 
2025-09-22 23:35:12,332 [ERROR] LogOutputStream:75 - [STDERR_REDIRECT] [Fatal Error] :1:1: Premature end of file.
2025-09-22 23:35:12,333 [ERROR] LogOutputStream:75 - [STDERR_REDIRECT] 
2025-09-22 23:35:13,332 [ERROR] LogOutputStream:75 - [STDERR_REDIRECT] [Fatal Error] :1:1: Premature end of file.
2025-09-22 23:35:13,332 [ERROR] LogOutputStream:75 - [STDERR_REDIRECT] 
2025-09-22 23:35:14,329 [ERROR] LogOutputStream:75 - [STDERR_REDIRECT] [Fatal Error] :1:1: Premature end of file.
2025-09-22 23:35:14,330 [ERROR] LogOutputStream:75 - [STDERR_REDIRECT] 
2025-09-22 23:35:15,333 [ERROR] LogOutputStream:75 - [STDERR_REDIRECT] [Fatal Error] :1:1: Premature end of file.
2025-09-22 23:35:15,333 [ERROR] LogOutputStream:75 - [STDERR_REDIRECT] 
2025-09-22 23:35:16,330 [ERROR] LogOutputStream:75 - [STDERR_REDIRECT] [Fatal Error] :1:1: Premature end of file.
2025-09-22 23:35:16,330 [ERROR] LogOutputStream:75 - [STDERR_REDIRECT] 
2025-09-22 23:35:17,331 [ERROR] LogOutputStream:75 - [STDERR_REDIRECT] [Fatal Error] :1:1: Premature end of file.
2025-09-22 23:35:17,331 [ERROR] LogOutputStream:75 - [STDERR_REDIRECT] 
2025-09-22 23:35:18,330 [ERROR] LogOutputStream:75 - [STDERR_REDIRECT] [Fatal Error] :1:1: Premature end of file.
2025-09-22 23:35:18,331 [ERROR] LogOutputStream:75 - [STDERR_REDIRECT] 
2025-09-22 23:35:19,328 [ERROR] LogOutputStream:75 - [STDERR_REDIRECT] [Fatal Error] :1:1: Premature end of file.
2025-09-22 23:35:19,328 [ERROR] LogOutputStream:75 - [STDERR_REDIRECT] 
2025-09-22 23:35:20,329 [ERROR] LogOutputStream:75 - [STDERR_REDIRECT] [Fatal Error] :1:1: Premature end of file.
2025-09-22 23:35:20,329 [ERROR] LogOutputStream:75 - [STDERR_REDIRECT] 
2025-09-22 23:35:21,327 [ERROR] LogOutputStream:75 - [STDERR_REDIRECT] [Fatal Error] :1:1: Premature end of file.
2025-09-22 23:35:21,327 [ERROR] LogOutputStream:75 - [STDERR_REDIRECT] 
2025-09-22 23:35:22,328 [ERROR] LogOutputStream:75 - [STDERR_REDIRECT] [Fatal Error] :1:1: Premature end of file.
2025-09-22 23:35:22,328 [ERROR] LogOutputStream:75 - [STDERR_REDIRECT] 
2025-09-22 23:35:23,330 [ERROR] LogOutputStream:75 - [STDERR_REDIRECT] [Fatal Error] :1:1: Premature end of file.
2025-09-22 23:35:23,331 [ERROR] LogOutputStream:75 - [STDERR_REDIRECT] 
2025-09-22 23:35:24,329 [ERROR] LogOutputStream:75 - [STDERR_REDIRECT] [Fatal Error] :1:1: Premature end of file.
2025-09-22 23:35:24,330 [ERROR] LogOutputStream:75 - [STDERR_REDIRECT] 
2025-09-22 23:35:25,332 [ERROR] LogOutputStream:75 - [STDERR_REDIRECT] [Fatal Error] :1:1: Premature end of file.
2025-09-22 23:35:25,333 [ERROR] LogOutputStream:75 - [STDERR_REDIRECT] 
2025-09-22 23:35:26,332 [ERROR] LogOutputStream:75 - [STDERR_REDIRECT] [Fatal Error] :1:1: Premature end of file.
2025-09-22 23:35:26,333 [ERROR] LogOutputStream:75 - [STDERR_REDIRECT] 
2025-09-22 23:35:27,329 [ERROR] LogOutputStream:75 - [STDERR_REDIRECT] [Fatal Error] :1:1: Premature end of file.
2025-09-22 23:35:27,330 [ERROR] LogOutputStream:75 - [STDERR_REDIRECT] 
2025-09-22 23:35:28,334 [ERROR] LogOutputStream:75 - [STDERR_REDIRECT] [Fatal Error] :1:1: Premature end of file.
2025-09-22 23:35:28,334 [ERROR] LogOutputStream:75 - [STDERR_REDIRECT] 
2025-09-22 23:35:29,330 [ERROR] LogOutputStream:75 - [STDERR_REDIRECT] [Fatal Error] :1:1: Premature end of file.
2025-09-22 23:35:29,330 [ERROR] LogOutputStream:75 - [STDERR_REDIRECT] 
2025-09-22 23:35:30,331 [ERROR] LogOutputStream:75 - [STDERR_REDIRECT] [Fatal Error] :1:1: Premature end of file.
2025-09-22 23:35:30,331 [ERROR] LogOutputStream:75 - [STDERR_REDIRECT] 
2025-09-22 23:35:31,331 [ERROR] LogOutputStream:75 - [STDERR_REDIRECT] [Fatal Error] :1:1: Premature end of file.
2025-09-22 23:35:31,331 [ERROR] LogOutputStream:75 - [STDERR_REDIRECT] 
2025-09-22 23:35:32,330 [ERROR] LogOutputStream:75 - [STDERR_REDIRECT] [Fatal Error] :1:1: Premature end of file.
2025-09-22 23:35:32,330 [ERROR] LogOutputStream:75 - [STDERR_REDIRECT] 
2025-09-22 23:35:33,332 [ERROR] LogOutputStream:75 - [STDERR_REDIRECT] [Fatal Error] :1:1: Premature end of file.
2025-09-22 23:35:33,332 [ERROR] LogOutputStream:75 - [STDERR_REDIRECT] 
2025-09-22 23:35:34,329 [ERROR] LogOutputStream:75 - [STDERR_REDIRECT] [Fatal Error] :1:1: Premature end of file.
2025-09-22 23:35:34,329 [ERROR] LogOutputStream:75 - [STDERR_REDIRECT] 
2025-09-22 23:35:35,330 [ERROR] LogOutputStream:75 - [STDERR_REDIRECT] [Fatal Error] :1:1: Premature end of file.
2025-09-22 23:35:35,331 [ERROR] LogOutputStream:75 - [STDERR_REDIRECT] 
2025-09-22 23:35:36,333 [ERROR] LogOutputStream:75 - [STDERR_REDIRECT] [Fatal Error] :1:1: Premature end of file.
2025-09-22 23:35:36,333 [ERROR] LogOutputStream:75 - [STDERR_REDIRECT] 
2025-09-22 23:35:37,331 [ERROR] LogOutputStream:75 - [STDERR_REDIRECT] [Fatal Error] :1:1: Premature end of file.
2025-09-22 23:35:37,331 [ERROR] LogOutputStream:75 - [STDERR_REDIRECT] 
2025-09-22 23:35:38,331 [ERROR] LogOutputStream:75 - [STDERR_REDIRECT] [Fatal Error] :1:1: Premature end of file.
2025-09-22 23:35:38,331 [ERROR] LogOutputStream:75 - [STDERR_REDIRECT] 
2025-09-22 23:35:39,330 [ERROR] LogOutputStream:75 - [STDERR_REDIRECT] [Fatal Error] :1:1: Premature end of file.
2025-09-22 23:35:39,330 [ERROR] LogOutputStream:75 - [STDERR_REDIRECT] 
2025-09-22 23:35:40,331 [ERROR] LogOutputStream:75 - [STDERR_REDIRECT] [Fatal Error] :1:1: Premature end of file.
2025-09-22 23:35:40,332 [ERROR] LogOutputStream:75 - [STDERR_REDIRECT] 
2025-09-22 23:35:41,331 [ERROR] LogOutputStream:75 - [STDERR_REDIRECT] [Fatal Error] :1:1: Premature end of file.
2025-09-22 23:35:41,332 [ERROR] LogOutputStream:75 - [STDERR_REDIRECT] 
2025-09-22 23:35:42,329 [ERROR] LogOutputStream:75 - [STDERR_REDIRECT] [Fatal Error] :1:1: Premature end of file.
2025-09-22 23:35:42,329 [ERROR] LogOutputStream:75 - [STDERR_REDIRECT] 
2025-09-22 23:35:43,330 [ERROR] LogOutputStream:75 - [STDERR_REDIRECT] [Fatal Error] :1:1: Premature end of file.
2025-09-22 23:35:43,331 [ERROR] LogOutputStream:75 - [STDERR_REDIRECT] 
2025-09-22 23:35:44,338 [ERROR] LogOutputStream:75 - [STDERR_REDIRECT] [Fatal Error] :1:1: Premature end of file.
2025-09-22 23:35:44,338 [ERROR] LogOutputStream:75 - [STDERR_REDIRECT] 
2025-09-22 23:35:45,330 [ERROR] LogOutputStream:75 - [STDERR_REDIRECT] [Fatal Error] :1:1: Premature end of file.
2025-09-22 23:35:45,330 [ERROR] LogOutputStream:75 - [STDERR_REDIRECT] 
2025-09-22 23:35:46,330 [ERROR] LogOutputStream:75 - [STDERR_REDIRECT] [Fatal Error] :1:1: Premature end of file.
2025-09-22 23:35:46,330 [ERROR] LogOutputStream:75 - [STDERR_REDIRECT] 
2025-09-22 23:35:47,415 [ERROR] LogOutputStream:75 - [STDERR_REDIRECT] [Fatal Error] :1:1: Premature end of file.
2025-09-22 23:35:47,416 [ERROR] LogOutputStream:75 - [STDERR_REDIRECT] 
2025-09-22 23:35:48,332 [ERROR] LogOutputStream:75 - [STDERR_REDIRECT] [Fatal Error] :1:1: Premature end of file.
2025-09-22 23:35:48,332 [ERROR] LogOutputStream:75 - [STDERR_REDIRECT] 
2025-09-22 23:35:49,335 [ERROR] LogOutputStream:75 - [STDERR_REDIRECT] [Fatal Error] :1:1: Premature end of file.
2025-09-22 23:35:49,335 [ERROR] LogOutputStream:75 - [STDERR_REDIRECT] 
2025-09-22 23:35:50,331 [ERROR] LogOutputStream:75 - [STDERR_REDIRECT] [Fatal Error] :1:1: Premature end of file.
2025-09-22 23:35:50,331 [ERROR] LogOutputStream:75 - [STDERR_REDIRECT] 
2025-09-22 23:35:51,335 [ERROR] LogOutputStream:75 - [STDERR_REDIRECT] [Fatal Error] :1:1: Premature end of file.
2025-09-22 23:35:51,339 [ERROR] LogOutputStream:75 - [STDERR_REDIRECT] 
2025-09-22 23:35:52,330 [ERROR] LogOutputStream:75 - [STDERR_REDIRECT] [Fatal Error] :1:1: Premature end of file.
2025-09-22 23:35:52,331 [ERROR] LogOutputStream:75 - [STDERR_REDIRECT] 
2025-09-22 23:35:53,336 [ERROR] LogOutputStream:75 - [STDERR_REDIRECT] [Fatal Error] :1:1: Premature end of file.
2025-09-22 23:35:53,336 [ERROR] LogOutputStream:75 - [STDERR_REDIRECT] 
2025-09-22 23:35:54,339 [ERROR] LogOutputStream:75 - [STDERR_REDIRECT] [Fatal Error] :1:1: Premature end of file.
2025-09-22 23:35:54,339 [ERROR] LogOutputStream:75 - [STDERR_REDIRECT] 
2025-09-22 23:35:55,337 [ERROR] LogOutputStream:75 - [STDERR_REDIRECT] [Fatal Error] :1:1: Premature end of file.
2025-09-22 23:35:55,337 [ERROR] LogOutputStream:75 - [STDERR_REDIRECT] 
2025-09-22 23:35:56,337 [ERROR] LogOutputStream:75 - [STDERR_REDIRECT] [Fatal Error] :1:1: Premature end of file.
2025-09-22 23:35:56,337 [ERROR] LogOutputStream:75 - [STDERR_REDIRECT] 
2025-09-22 23:35:57,335 [ERROR] LogOutputStream:75 - [STDERR_REDIRECT] [Fatal Error] :1:1: Premature end of file.
2025-09-22 23:35:57,335 [ERROR] LogOutputStream:75 - [STDERR_REDIRECT] 
2025-09-22 23:35:58,341 [ERROR] LogOutputStream:75 - [STDERR_REDIRECT] [Fatal Error] :1:1: Premature end of file.
2025-09-22 23:35:58,341 [ERROR] LogOutputStream:75 - [STDERR_REDIRECT] 
2025-09-22 23:35:59,332 [ERROR] LogOutputStream:75 - [STDERR_REDIRECT] [Fatal Error] :1:1: Premature end of file.
2025-09-22 23:35:59,332 [ERROR] LogOutputStream:75 - [STDERR_REDIRECT] 
2025-09-22 23:36:00,330 [ERROR] LogOutputStream:75 - [STDERR_REDIRECT] [Fatal Error] :1:1: Premature end of file.
2025-09-22 23:36:00,330 [ERROR] LogOutputStream:75 - [STDERR_REDIRECT] 
2025-09-22 23:36:01,332 [ERROR] LogOutputStream:75 - [STDERR_REDIRECT] [Fatal Error] :1:1: Premature end of file.
2025-09-22 23:36:01,333 [ERROR] LogOutputStream:75 - [STDERR_REDIRECT] 
2025-09-22 23:36:02,331 [ERROR] LogOutputStream:75 - [STDERR_REDIRECT] [Fatal Error] :1:1: Premature end of file.
2025-09-22 23:36:02,332 [ERROR] LogOutputStream:75 - [STDERR_REDIRECT] 
2025-09-22 23:36:03,340 [ERROR] LogOutputStream:75 - [STDERR_REDIRECT] [Fatal Error] :1:1: Premature end of file.
2025-09-22 23:36:03,340 [ERROR] LogOutputStream:75 - [STDERR_REDIRECT] 
2025-09-22 23:36:04,346 [ERROR] LogOutputStream:75 - [STDERR_REDIRECT] [Fatal Error] :1:1: Premature end of file.
2025-09-22 23:36:04,346 [ERROR] LogOutputStream:75 - [STDERR_REDIRECT] 
2025-09-22 23:36:05,334 [ERROR] LogOutputStream:75 - [STDERR_REDIRECT] [Fatal Error] :1:1: Premature end of file.
2025-09-22 23:36:05,335 [ERROR] LogOutputStream:75 - [STDERR_REDIRECT] 
2025-09-22 23:36:05,828 [ERROR] LogOutputStream:75 - [STDERR_REDIRECT] 
2025-09-22 23:36:59,670 [INFO] Activator:176 - 


2025-09-22 23:36:59,673 [INFO] Activator:177 - !SESSION log4j initialized
2025-09-22 23:37:07,938 [INFO] LogOutputStream:77 - [STDOUT_REDIRECT] 
2025-09-22 23:37:09,716 [INFO] ApplicationProperties:184 - Using Application install path: C:\ST\STM32CubeIDE_1.19.0\STM32CubeIDE\plugins\com.st.stm32cube.common.mx_6.15.0.202507011659
2025-09-22 23:37:09,746 [INFO] DbMcusXml:78 - Set database path to: C:\ST\STM32CubeIDE_1.19.0\STM32CubeIDE\plugins\com.st.stm32cube.common.mx_6.15.0.202507011659\\db\/mcu/
2025-09-22 23:37:09,747 [INFO] ApiDb:274 - Set plugin database path to: C:\ST\STM32CubeIDE_1.19.0\STM32CubeIDE\plugins\com.st.stm32cube.common.mx_6.15.0.202507011659\\db\/plugins/boardmanager/
2025-09-22 23:37:09,747 [WARN] ApiDb:259 - Overriding images path with different value:  => C:\ST\STM32CubeIDE_1.19.0\STM32CubeIDE\plugins\com.st.stm32cube.common.mx_6.15.0.202507011659\\db\/plugins/mcufinder/images/
2025-09-22 23:37:09,755 [INFO] ApiDb:250 - Set database path to: C:\Users\Anbu\.stmcufinder\plugins\mcufinder//mcu/
2025-09-22 23:37:09,757 [INFO] DbMcusAds:125 - Set database path to: C:\Users\Anbu\.stmcufinder\plugins\mcufinder//mcu/
2025-09-22 23:37:09,760 [INFO] CrossReferenceDbSqlite:203 - Set database path to: C:\Users\Anbu\.stmcufinder\plugins\mcufinder//mcu/cs/
2025-09-22 23:37:09,947 [INFO] RulesReader:64 - Compatibility file has been processed (317 Rules)
2025-09-22 23:37:10,097 [INFO] DbMcusXml:78 - Set database path to: C:\ST\STM32CubeIDE_1.19.0\STM32CubeIDE\plugins\com.st.stm32cube.common.mx_6.15.0.202507011659\\db\/mcu/
2025-09-22 23:37:10,097 [INFO] ApiDb:274 - Set plugin database path to: C:\ST\STM32CubeIDE_1.19.0\STM32CubeIDE\plugins\com.st.stm32cube.common.mx_6.15.0.202507011659\\db\/plugins/boardmanager/
2025-09-22 23:37:10,097 [INFO] ApiDb:261 - Set plugin images path to: C:\ST\STM32CubeIDE_1.19.0\STM32CubeIDE\plugins\com.st.stm32cube.common.mx_6.15.0.202507011659\\db\/plugins/mcufinder/images/
2025-09-22 23:37:10,098 [WARN] DbFile:41 - Overriding database path with different value: C:\Users\Anbu\.stmcufinder\plugins\mcufinder/ => C:\Users\Anbu\.stmcufinder\plugins\mcufinder
2025-09-22 23:37:10,098 [INFO] ApiDb:250 - Set database path to: C:\Users\Anbu\.stmcufinder\plugins\mcufinder//mcu/
2025-09-22 23:37:10,098 [WARN] DbFile:41 - Overriding database path with different value: C:\Users\Anbu\.stmcufinder\plugins\mcufinder/ => C:\Users\Anbu\.stmcufinder\plugins\mcufinder
2025-09-22 23:37:10,099 [INFO] DbMcusAds:125 - Set database path to: C:\Users\Anbu\.stmcufinder\plugins\mcufinder//mcu/
2025-09-22 23:37:10,099 [WARN] DbFile:41 - Overriding database path with different value: C:\Users\Anbu\.stmcufinder\plugins\mcufinder/ => C:\Users\Anbu\.stmcufinder\plugins\mcufinder
2025-09-22 23:37:10,099 [WARN] DbFile:41 - Overriding database path with different value: C:\Users\Anbu\.stmcufinder\plugins\mcufinder/ => C:\Users\Anbu\.stmcufinder\plugins\mcufinder
2025-09-22 23:37:10,099 [INFO] CrossReferenceDbSqlite:203 - Set database path to: C:\Users\Anbu\.stmcufinder\plugins\mcufinder//mcu/cs/
2025-09-22 23:37:10,208 [INFO] MainPanel:274 - HeapMemory: 268435456
2025-09-22 23:37:10,343 [INFO] DbMcusXml:78 - Set database path to: C:\ST\STM32CubeIDE_1.19.0\STM32CubeIDE\plugins\com.st.stm32cube.common.mx_6.15.0.202507011659\\db\/mcu/
2025-09-22 23:37:10,343 [INFO] ApiDb:274 - Set plugin database path to: C:\ST\STM32CubeIDE_1.19.0\STM32CubeIDE\plugins\com.st.stm32cube.common.mx_6.15.0.202507011659\\db\/plugins/boardmanager/
2025-09-22 23:37:10,344 [INFO] ApiDb:261 - Set plugin images path to: C:\ST\STM32CubeIDE_1.19.0\STM32CubeIDE\plugins\com.st.stm32cube.common.mx_6.15.0.202507011659\\db\/plugins/mcufinder/images/
2025-09-22 23:37:10,344 [WARN] DbFile:41 - Overriding database path with different value: C:\Users\Anbu\.stmcufinder\plugins\mcufinder/ => C:\Users\Anbu\.stmcufinder\plugins\mcufinder
2025-09-22 23:37:10,344 [INFO] ApiDb:250 - Set database path to: C:\Users\Anbu\.stmcufinder\plugins\mcufinder//mcu/
2025-09-22 23:37:10,344 [WARN] DbFile:41 - Overriding database path with different value: C:\Users\Anbu\.stmcufinder\plugins\mcufinder/ => C:\Users\Anbu\.stmcufinder\plugins\mcufinder
2025-09-22 23:37:10,344 [INFO] DbMcusAds:125 - Set database path to: C:\Users\Anbu\.stmcufinder\plugins\mcufinder//mcu/
2025-09-22 23:37:10,345 [WARN] DbFile:41 - Overriding database path with different value: C:\Users\Anbu\.stmcufinder\plugins\mcufinder/ => C:\Users\Anbu\.stmcufinder\plugins\mcufinder
2025-09-22 23:37:10,345 [WARN] DbFile:41 - Overriding database path with different value: C:\Users\Anbu\.stmcufinder\plugins\mcufinder/ => C:\Users\Anbu\.stmcufinder\plugins\mcufinder
2025-09-22 23:37:10,345 [INFO] CrossReferenceDbSqlite:203 - Set database path to: C:\Users\Anbu\.stmcufinder\plugins\mcufinder//mcu/cs/
2025-09-22 23:37:10,379 [INFO] ApplicationProperties:184 - Using Application install path: C:\ST\STM32CubeIDE_1.19.0\STM32CubeIDE\plugins\com.st.stm32cube.common.mx_6.15.0.202507011659
2025-09-22 23:37:10,381 [INFO] PluginManage:196 - Search for loadable plugins [exclusion list=, ]
2025-09-22 23:37:10,383 [INFO] PluginManage:310 - Check plugin analytics
2025-09-22 23:37:10,710 [INFO] AnalyticsPlugin:253 - Accepted Software Licenses: STM32CubeMX.6.15.0
2025-09-22 23:37:10,711 [INFO] AnalyticsPlugin:255 - Accepted CMSIS Pack Licenses: 
2025-09-22 23:37:10,711 [INFO] AnalyticsPlugin:257 - Accepted Firmware Licenses: 
2025-09-22 23:37:10,719 [INFO] PluginManage:359 - Loaded plugin analytics (category:tool,tabindex:-1)
2025-09-22 23:37:10,720 [INFO] PluginManage:310 - Check plugin cadmodel
2025-09-22 23:37:10,730 [INFO] CADModel:105 - Init CAD model plugin
2025-09-22 23:37:10,731 [INFO] PluginManage:359 - Loaded plugin cadmodel (category:power,tabindex:5)
2025-09-22 23:37:10,731 [INFO] PluginManage:310 - Check plugin clock
2025-09-22 23:37:10,755 [INFO] PluginManage:359 - Loaded plugin clock (category:base,tabindex:2)
2025-09-22 23:37:10,756 [INFO] PluginManage:310 - Check plugin ddr
2025-09-22 23:37:10,764 [INFO] PluginManage:359 - Loaded plugin ddr (category:tool,tabindex:6)
2025-09-22 23:37:10,765 [INFO] PluginManage:310 - Check plugin filemanager
2025-09-22 23:37:11,045 [INFO] PluginManage:359 - Loaded plugin filemanager (category:base,tabindex:10)
2025-09-22 23:37:11,046 [INFO] PluginManage:310 - Check plugin ipmanager
2025-09-22 23:37:11,057 [INFO] PluginManage:359 - Loaded plugin ipmanager (category:base,tabindex:5)
2025-09-22 23:37:11,057 [INFO] PluginManage:310 - Check plugin lpbam
2025-09-22 23:37:11,070 [INFO] PluginManage:359 - Loaded plugin lpbam (category:base,tabindex:0)
2025-09-22 23:37:11,071 [INFO] PluginManage:310 - Check plugin memorymap
2025-09-22 23:37:11,140 [INFO] PluginManage:359 - Loaded plugin memorymap (category:base,tabindex:4)
2025-09-22 23:37:11,141 [INFO] PluginManage:310 - Check plugin pinoutandconfiguration
2025-09-22 23:37:11,154 [INFO] PluginManage:359 - Loaded plugin pinoutandconfiguration (category:base,tabindex:1)
2025-09-22 23:37:11,154 [INFO] PluginManage:310 - Check plugin pinoutconfig
2025-09-22 23:37:11,292 [WARN] SupportedApi:132 - Cannot load RTOS API schema: s4s-elt-must-match.1: The content of 'definitions' must match (annotation?, (simpleType | complexType)?, (unique | key | keyref)*)). A problem was found starting at: attribute.
2025-09-22 23:37:11,469 [INFO] PluginManage:359 - Loaded plugin pinoutconfig (category:base,tabindex:0)
2025-09-22 23:37:11,469 [INFO] PluginManage:310 - Check plugin power
2025-09-22 23:37:11,479 [INFO] PluginManage:359 - Loaded plugin power (category:power,tabindex:4)
2025-09-22 23:37:11,479 [INFO] PluginManage:310 - Check plugin projectmanager
2025-09-22 23:37:11,507 [INFO] PluginManage:359 - Loaded plugin projectmanager (category:projectmanager,tabindex:4)
2025-09-22 23:37:11,508 [INFO] PluginManage:310 - Check plugin rif
2025-09-22 23:37:11,520 [INFO] PluginManage:359 - Loaded plugin rif (category:base,tabindex:3)
2025-09-22 23:37:11,520 [INFO] PluginManage:310 - Check plugin thirdparty
2025-09-22 23:37:11,718 [WARN] IntegrityCheckThread:84 - waiting for thirdparty lock release [integrity check]
2025-09-22 23:37:11,719 [INFO] IntegrityCheckThread:86 - entering critical section [integrity check]
2025-09-22 23:37:11,719 [INFO] PluginManage:359 - Loaded plugin thirdparty (category:base,tabindex:-1)
2025-09-22 23:37:11,719 [INFO] PluginManage:310 - Check plugin tools
2025-09-22 23:37:11,719 [INFO] ThirdPartyUpdaterWithRetryManager:70 - Updater plugin not ready yet. [1/15]
2025-09-22 23:37:11,725 [INFO] PluginManage:359 - Loaded plugin tools (category:base,tabindex:7)
2025-09-22 23:37:11,725 [INFO] PluginManage:310 - Check plugin tutovideos
2025-09-22 23:37:12,003 [INFO] PluginManage:359 - Loaded plugin tutovideos (category:base,tabindex:-1)
2025-09-22 23:37:12,003 [INFO] PluginManage:310 - Check plugin updater
2025-09-22 23:37:12,033 [INFO] PluginManage:359 - Loaded plugin updater (category:base,tabindex:12)
2025-09-22 23:37:12,033 [INFO] PluginManage:310 - Check plugin userauth
2025-09-22 23:37:12,037 [INFO] UserAuth:118 - Init User Auth plugin
2025-09-22 23:37:12,038 [INFO] PluginManage:359 - Loaded plugin userauth (category:base,tabindex:14)
2025-09-22 23:37:12,039 [INFO] PluginManage:283 - PluginManage : Loaded plugins [18]
2025-09-22 23:37:12,324 [INFO] PinOutPanel:1589 - setPackage(No Configuration,No Configuration)
2025-09-22 23:37:12,457 [INFO] CADModel:165 - CPN selected for project level
2025-09-22 23:37:12,458 [INFO] CADModel:114 - Register for checkConnection events
2025-09-22 23:37:12,483 [INFO] IPUIPlugin:80 - create IPUIPlugin
2025-09-22 23:37:12,483 [INFO] PluginManager:220 - loadIPPluginJar : add adc
2025-09-22 23:37:12,487 [INFO] IPUIPlugin:80 - create IPUIPlugin
2025-09-22 23:37:12,487 [INFO] PluginManager:220 - loadIPPluginJar : add aes
2025-09-22 23:37:12,490 [INFO] IPUIPlugin:80 - create IPUIPlugin
2025-09-22 23:37:12,490 [INFO] PluginManager:220 - loadIPPluginJar : add can
2025-09-22 23:37:12,493 [INFO] IPUIPlugin:80 - create IPUIPlugin
2025-09-22 23:37:12,493 [INFO] PluginManager:220 - loadIPPluginJar : add comp
2025-09-22 23:37:12,496 [INFO] IPUIPlugin:80 - create IPUIPlugin
2025-09-22 23:37:12,496 [INFO] PluginManager:220 - loadIPPluginJar : add cryp
2025-09-22 23:37:12,500 [INFO] IPUIPlugin:80 - create IPUIPlugin
2025-09-22 23:37:12,500 [INFO] PluginManager:220 - loadIPPluginJar : add ddr_ctrl_phy
2025-09-22 23:37:12,504 [INFO] IPUIPlugin:80 - create IPUIPlugin
2025-09-22 23:37:12,504 [INFO] PluginManager:220 - loadIPPluginJar : add dfsdm
2025-09-22 23:37:12,511 [INFO] IPUIPlugin:80 - create IPUIPlugin
2025-09-22 23:37:12,512 [INFO] PluginManager:220 - loadIPPluginJar : add dma
2025-09-22 23:37:12,515 [INFO] IPUIPlugin:80 - create IPUIPlugin
2025-09-22 23:37:12,515 [INFO] PluginManager:220 - loadIPPluginJar : add dma3
2025-09-22 23:37:12,519 [INFO] IPUIPlugin:80 - create IPUIPlugin
2025-09-22 23:37:12,519 [INFO] PluginManager:220 - loadIPPluginJar : add extmemmanager
2025-09-22 23:37:12,521 [INFO] IPUIPlugin:80 - create IPUIPlugin
2025-09-22 23:37:12,521 [INFO] PluginManager:220 - loadIPPluginJar : add fatfs
2025-09-22 23:37:12,527 [INFO] IPUIPlugin:80 - create IPUIPlugin
2025-09-22 23:37:12,527 [INFO] PluginManager:220 - loadIPPluginJar : add fmc
2025-09-22 23:37:12,535 [INFO] IPUIPlugin:80 - create IPUIPlugin
2025-09-22 23:37:12,536 [INFO] PluginManager:220 - loadIPPluginJar : add freertos
2025-09-22 23:37:12,537 [INFO] IPUIPlugin:80 - create IPUIPlugin
2025-09-22 23:37:12,537 [INFO] PluginManager:220 - loadIPPluginJar : add genericplugin
2025-09-22 23:37:12,540 [INFO] IPUIPlugin:80 - create IPUIPlugin
2025-09-22 23:37:12,540 [INFO] PluginManager:220 - loadIPPluginJar : add gfxmmu
2025-09-22 23:37:12,545 [INFO] IPUIPlugin:80 - create IPUIPlugin
2025-09-22 23:37:12,546 [INFO] PluginManager:220 - loadIPPluginJar : add gic
2025-09-22 23:37:12,551 [INFO] IPUIPlugin:80 - create IPUIPlugin
2025-09-22 23:37:12,551 [INFO] PluginManager:220 - loadIPPluginJar : add gpio
2025-09-22 23:37:12,554 [INFO] IPUIPlugin:80 - create IPUIPlugin
2025-09-22 23:37:12,555 [INFO] PluginManager:220 - loadIPPluginJar : add gtzc
2025-09-22 23:37:12,557 [INFO] IPUIPlugin:80 - create IPUIPlugin
2025-09-22 23:37:12,557 [INFO] PluginManager:220 - loadIPPluginJar : add hash
2025-09-22 23:37:12,560 [INFO] IPUIPlugin:80 - create IPUIPlugin
2025-09-22 23:37:12,560 [INFO] PluginManager:220 - loadIPPluginJar : add i2c
2025-09-22 23:37:12,563 [INFO] IPUIPlugin:80 - create IPUIPlugin
2025-09-22 23:37:12,563 [INFO] PluginManager:220 - loadIPPluginJar : add i2s
2025-09-22 23:37:12,568 [INFO] IPUIPlugin:80 - create IPUIPlugin
2025-09-22 23:37:12,569 [INFO] PluginManager:220 - loadIPPluginJar : add i3c
2025-09-22 23:37:12,573 [INFO] IPUIPlugin:80 - create IPUIPlugin
2025-09-22 23:37:12,573 [INFO] PluginManager:220 - loadIPPluginJar : add ipddr
2025-09-22 23:37:12,580 [INFO] IPUIPlugin:80 - create IPUIPlugin
2025-09-22 23:37:12,581 [INFO] PluginManager:220 - loadIPPluginJar : add linkedlist
2025-09-22 23:37:12,585 [INFO] IPUIPlugin:80 - create IPUIPlugin
2025-09-22 23:37:12,585 [INFO] PluginManager:220 - loadIPPluginJar : add lorawan
2025-09-22 23:37:12,587 [INFO] IPUIPlugin:80 - create IPUIPlugin
2025-09-22 23:37:12,587 [INFO] PluginManager:220 - loadIPPluginJar : add ltdc
2025-09-22 23:37:12,592 [INFO] IPUIPlugin:80 - create IPUIPlugin
2025-09-22 23:37:12,593 [INFO] PluginManager:220 - loadIPPluginJar : add mdma
2025-09-22 23:37:12,596 [INFO] IPUIPlugin:80 - create IPUIPlugin
2025-09-22 23:37:12,596 [INFO] PluginManager:220 - loadIPPluginJar : add nvic
2025-09-22 23:37:12,601 [INFO] IPUIPlugin:80 - create IPUIPlugin
2025-09-22 23:37:12,601 [INFO] PluginManager:220 - loadIPPluginJar : add opamp
2025-09-22 23:37:12,604 [INFO] IPUIPlugin:80 - create IPUIPlugin
2025-09-22 23:37:12,604 [INFO] PluginManager:220 - loadIPPluginJar : add openamp
2025-09-22 23:37:12,608 [INFO] IPUIPlugin:80 - create IPUIPlugin
2025-09-22 23:37:12,608 [INFO] PluginManager:220 - loadIPPluginJar : add pdm2pcm
2025-09-22 23:37:12,615 [INFO] IPUIPlugin:80 - create IPUIPlugin
2025-09-22 23:37:12,618 [INFO] PluginManager:220 - loadIPPluginJar : add plateformsettings
2025-09-22 23:37:12,621 [INFO] IPUIPlugin:80 - create IPUIPlugin
2025-09-22 23:37:12,621 [INFO] PluginManager:220 - loadIPPluginJar : add quadspi
2025-09-22 23:37:12,623 [INFO] IPUIPlugin:80 - create IPUIPlugin
2025-09-22 23:37:12,624 [INFO] PluginManager:220 - loadIPPluginJar : add radio
2025-09-22 23:37:12,627 [INFO] IPUIPlugin:80 - create IPUIPlugin
2025-09-22 23:37:12,627 [INFO] PluginManager:220 - loadIPPluginJar : add resmgrutility
2025-09-22 23:37:12,631 [INFO] IPUIPlugin:80 - create IPUIPlugin
2025-09-22 23:37:12,632 [INFO] PluginManager:220 - loadIPPluginJar : add sai
2025-09-22 23:37:12,635 [INFO] IPUIPlugin:80 - create IPUIPlugin
2025-09-22 23:37:12,635 [INFO] PluginManager:220 - loadIPPluginJar : add spi
2025-09-22 23:37:12,643 [INFO] IPUIPlugin:80 - create IPUIPlugin
2025-09-22 23:37:12,643 [INFO] PluginManager:220 - loadIPPluginJar : add stm32_wpan
2025-09-22 23:37:12,645 [INFO] IPUIPlugin:80 - create IPUIPlugin
2025-09-22 23:37:12,646 [INFO] PluginManager:220 - loadIPPluginJar : add tim
2025-09-22 23:37:12,655 [INFO] IPUIPlugin:80 - create IPUIPlugin
2025-09-22 23:37:12,655 [INFO] PluginManager:220 - loadIPPluginJar : add touchsensing
2025-09-22 23:37:12,660 [INFO] IPUIPlugin:80 - create IPUIPlugin
2025-09-22 23:37:12,661 [INFO] PluginManager:220 - loadIPPluginJar : add tracer_emb
2025-09-22 23:37:12,664 [INFO] IPUIPlugin:80 - create IPUIPlugin
2025-09-22 23:37:12,664 [INFO] PluginManager:220 - loadIPPluginJar : add ts
2025-09-22 23:37:12,666 [INFO] IPUIPlugin:80 - create IPUIPlugin
2025-09-22 23:37:12,668 [INFO] PluginManager:220 - loadIPPluginJar : add tsc
2025-09-22 23:37:12,670 [INFO] IPUIPlugin:80 - create IPUIPlugin
2025-09-22 23:37:12,670 [INFO] PluginManager:220 - loadIPPluginJar : add ucpd
2025-09-22 23:37:12,674 [INFO] IPUIPlugin:80 - create IPUIPlugin
2025-09-22 23:37:12,674 [INFO] PluginManager:220 - loadIPPluginJar : add usart
2025-09-22 23:37:12,680 [INFO] IPUIPlugin:80 - create IPUIPlugin
2025-09-22 23:37:12,681 [INFO] PluginManager:220 - loadIPPluginJar : add usbx
2025-09-22 23:37:12,860 [FATAL] Updater:351 - Updater called before beeing initialized
2025-09-22 23:37:12,897 [INFO] RulesReader:64 - Compatibility file has been processed (317 Rules)
2025-09-22 23:37:12,911 [INFO] RulesReader:64 - Compatibility file has been processed (317 Rules)
2025-09-22 23:37:12,928 [INFO] CADModel:165 - CPN selected for project level
2025-09-22 23:37:12,929 [INFO] CADModel:114 - Register for checkConnection events
2025-09-22 23:37:12,929 [FATAL] Updater:351 - Updater called before beeing initialized
2025-09-22 23:37:12,929 [ERROR] CADModel:125 - Updater not yet initialized, retry later 
2025-09-22 23:37:13,172 [FATAL] Updater:351 - Updater called before beeing initialized
2025-09-22 23:37:13,174 [INFO] CADModel:165 - CPN selected for project level
2025-09-22 23:37:13,175 [INFO] CADModel:114 - Register for checkConnection events
2025-09-22 23:37:13,175 [FATAL] Updater:351 - Updater called before beeing initialized
2025-09-22 23:37:13,175 [ERROR] CADModel:125 - Updater not yet initialized, retry later 
2025-09-22 23:37:13,180 [FATAL] Updater:351 - Updater called before beeing initialized
2025-09-22 23:37:13,412 [FATAL] Updater:351 - Updater called before beeing initialized
2025-09-22 23:37:13,422 [INFO] DbMcusAds:53 - JSON generation date=Tue Jul 08 13:44:23 IST 2025 (1751962463582)
2025-09-22 23:37:13,422 [FATAL] Updater:351 - Updater called before beeing initialized
2025-09-22 23:37:13,476 [WARN] DetailPanel:346 - Failed to get advertising image, set to default
2025-09-22 23:37:13,598 [FATAL] Updater:351 - Updater called before beeing initialized
2025-09-22 23:37:13,601 [FATAL] Updater:351 - Updater called before beeing initialized
2025-09-22 23:37:13,601 [FATAL] Updater:351 - Updater called before beeing initialized
2025-09-22 23:37:13,602 [WARN] DetailPanel:346 - Failed to get advertising image, set to default
2025-09-22 23:37:13,603 [FATAL] Updater:351 - Updater called before beeing initialized
2025-09-22 23:37:13,678 [ERROR] Updater:1198 - MainUpdater not yet initialized. External WinMGr cannot be set.
2025-09-22 23:37:13,680 [INFO] Updater:1134 - Updater Version found : 6.15.0
2025-09-22 23:37:13,699 [INFO] ApplicationProperties:184 - Using Application install path: C:\ST\STM32CubeIDE_1.19.0\STM32CubeIDE\plugins\com.st.stm32cube.common.mx_6.15.0.202507011659
2025-09-22 23:37:14,720 [INFO] ThirdPartyUpdaterWithRetryManager:70 - Updater plugin not ready yet. [2/15]
2025-09-22 23:37:15,276 [ERROR] LogOutputStream:75 - [STDERR_REDIRECT] Sep 22, 2025 11:37:15 PM java.util.prefs.WindowsPreferences <init>
2025-09-22 23:37:15,279 [ERROR] LogOutputStream:75 - [STDERR_REDIRECT] WARNING: Could not open/create prefs root node Software\JavaSoft\Prefs at root 0xffffffff80000002. Windows RegCreateKeyEx(...) returned error code 5.
2025-09-22 23:37:15,279 [ERROR] LogOutputStream:75 - [STDERR_REDIRECT] 
2025-09-22 23:37:16,088 [INFO] MainUpdater:2872 - connection check result : 10
2025-09-22 23:37:16,090 [INFO] MainUpdater:289 - Updater Check For Update Now.
2025-09-22 23:37:16,090 [INFO] MicroXplorer:498 - Change Database Version : DB.6.0.150
2025-09-22 23:37:16,105 [INFO] McuFinderGlobals:63 - Set McuFinder mode to 2 (CubeIDE integrated)
2025-09-22 23:37:16,106 [INFO] UserAuth:487 - Internet connection configuration mode: 1
2025-09-22 23:37:16,170 [INFO] JxBrowserEngine:152 - Initiate JxBrowser Engine with user profile folder
2025-09-22 23:37:16,349 [INFO] CheckServerUpdateThread:120 - End of CheckServer Thread
2025-09-22 23:37:17,179 [INFO] WebApp:169 - Instantiating new browser for Auth
2025-09-22 23:37:18,081 [WARN] PackLoader:240 - Cannot read IP mode file for STMicroelectronics.FP-SNS-MOTENVWB1.1.4.0
2025-09-22 23:37:18,096 [WARN] PackLoader:240 - Cannot read IP mode file for STMicroelectronics.FP-ATR-ASTRA1.2.0.2
2025-09-22 23:37:18,112 [WARN] PackLoader:240 - Cannot read IP mode file for STMicroelectronics.X-CUBE-SMBUS.2.1.0
2025-09-22 23:37:18,122 [WARN] PackLoader:240 - Cannot read IP mode file for STMicroelectronics.X-CUBE-ST60.1.0.0
2025-09-22 23:37:18,171 [WARN] PackLoader:240 - Cannot read IP mode file for STMicroelectronics.X-CUBE-AZRTOS-F7.1.1.0
2025-09-22 23:37:18,230 [WARN] PackLoader:240 - Cannot read IP mode file for Infineon.AIROC-Wi-Fi-Bluetooth-STM32.1.7.1
2025-09-22 23:37:18,272 [INFO] WebApp:463 - Apply proxy settings
2025-09-22 23:37:18,273 [INFO] WebApp:548 - Chromium requires no authentication
2025-09-22 23:37:18,280 [WARN] PackLoader:240 - Cannot read IP mode file for STMicroelectronics.X-CUBE-AZRTOS-H7.3.4.0
2025-09-22 23:37:18,297 [WARN] PackLoader:240 - Cannot read IP mode file for STMicroelectronics.X-CUBE-DISPLAY.3.0.0
2025-09-22 23:37:18,319 [WARN] PackLoader:240 - Cannot read IP mode file for STMicroelectronics.X-CUBE-NFC10.1.0.0
2025-09-22 23:37:18,330 [WARN] PackLoader:240 - Cannot read IP mode file for emotas.I-CUBE-CANOPEN.1.3.0
2025-09-22 23:37:18,339 [WARN] PackLoader:240 - Cannot read IP mode file for STMicroelectronics.FP-SNS-STBOX1.2.1.0
2025-09-22 23:37:18,344 [INFO] WebApp:491 - Direct internet connection detected
2025-09-22 23:37:18,349 [WARN] PackLoader:240 - Cannot read IP mode file for STMicroelectronics.FP-SNS-SMARTAG2.1.2.0
2025-09-22 23:37:18,356 [WARN] PackLoader:240 - Cannot read IP mode file for STMicroelectronics.FP-SNS-FLIGHT1.5.1.0
2025-09-22 23:37:18,372 [INFO] LogOutputStream:77 - [STDOUT_REDIRECT] 1 : Invalid condition id : UX_CORESTACK_Condition cause : null
2025-09-22 23:37:18,374 [INFO] LogOutputStream:77 - [STDOUT_REDIRECT] 1 : Invalid condition id : UX_CORESTACK_Condition cause : null
2025-09-22 23:37:18,377 [INFO] LogOutputStream:77 - [STDOUT_REDIRECT] 1 : Invalid condition id : UX_CORESTACK_Condition cause : null
2025-09-22 23:37:18,379 [INFO] LogOutputStream:77 - [STDOUT_REDIRECT] 1 : Invalid condition id : UX_CORESTACK_Condition cause : null
2025-09-22 23:37:18,382 [INFO] LogOutputStream:77 - [STDOUT_REDIRECT] 1 : Invalid condition id : UX_CORESTACK_Condition cause : null
2025-09-22 23:37:18,385 [WARN] PackLoader:240 - Cannot read IP mode file for STMicroelectronics.X-CUBE-AZRTOS-WL.2.0.0
2025-09-22 23:37:18,397 [WARN] PackLoader:240 - Cannot read IP mode file for STMicroelectronics.FP-SNS-MOTENV1.5.0.0
2025-09-22 23:37:18,417 [WARN] PackLoader:240 - Cannot read IP mode file for WES.I-CUBE-Cesium.1.3.0
2025-09-22 23:37:18,426 [WARN] PackLoader:240 - Cannot read IP mode file for STMicroelectronics.X-CUBE-BLE2.3.3.0
2025-09-22 23:37:18,433 [WARN] PackLoader:240 - Cannot read IP mode file for STMicroelectronics.X-CUBE-NFC9.1.0.0
2025-09-22 23:37:18,442 [WARN] PackLoader:240 - Cannot read IP mode file for wolfSSL.I-CUBE-wolfSSL.5.8.2
2025-09-22 23:37:18,449 [WARN] PackLoader:240 - Cannot read IP mode file for STMicroelectronics.X-CUBE-BLE1.7.1.0
2025-09-22 23:37:18,455 [WARN] PackLoader:240 - Cannot read IP mode file for wolfSSL.I-CUBE-wolfMQTT.1.19.2
2025-09-22 23:37:18,464 [WARN] PackLoader:240 - Cannot read IP mode file for STMicroelectronics.X-CUBE-EEPRMA1.5.2.0
2025-09-22 23:37:18,481 [WARN] PackLoader:240 - Cannot read IP mode file for STMicroelectronics.X-CUBE-AI.10.1.0
2025-09-22 23:37:18,497 [WARN] PackLoader:240 - Cannot read IP mode file for STMicroelectronics.X-CUBE-AZRTOS-G0.1.1.0
2025-09-22 23:37:18,506 [WARN] PackLoader:240 - Cannot read IP mode file for STMicroelectronics.X-CUBE-SAFEA1.1.2.2
2025-09-22 23:37:18,516 [WARN] PackLoader:240 - Cannot read IP mode file for STMicroelectronics.X-CUBE-NFC4.3.0.0
2025-09-22 23:37:18,544 [WARN] PackLoader:240 - Cannot read IP mode file for EmbeddedOffice.I-CUBE-FS-RTOS.1.0.1
2025-09-22 23:37:18,552 [WARN] PackLoader:240 - Cannot read IP mode file for STMicroelectronics.X-CUBE-WB05N.2.0.0
2025-09-22 23:37:18,558 [WARN] PackLoader:240 - Cannot read IP mode file for wolfSSL.I-CUBE-wolfTPM.3.8.0
2025-09-22 23:37:18,565 [WARN] PackLoader:240 - Cannot read IP mode file for STMicroelectronics.X-CUBE-TCPP.4.2.0
2025-09-22 23:37:18,572 [WARN] PackLoader:240 - Cannot read IP mode file for RealThread.X-CUBE-RT-Thread_Nano.4.1.1
2025-09-22 23:37:18,578 [WARN] PackLoader:240 - Cannot read IP mode file for STMicroelectronics.FP-ATR-SIGFOX1.3.2.0
2025-09-22 23:37:18,585 [WARN] PackLoader:240 - Cannot read IP mode file for ITTIA_DB.I-CUBE-ITTIADB.8.9.0
2025-09-22 23:37:18,586 [INFO] WebApp:900 - Register for checkConnection events
2025-09-22 23:37:18,586 [INFO] WebApp:463 - Apply proxy settings
2025-09-22 23:37:18,586 [INFO] WebApp:548 - Chromium requires no authentication
2025-09-22 23:37:18,587 [INFO] WebApp:491 - Direct internet connection detected
2025-09-22 23:37:18,599 [WARN] PackLoader:240 - Cannot read IP mode file for STMicroelectronics.X-CUBE-ST67W61.1.0.0
2025-09-22 23:37:18,604 [WARN] PackLoader:240 - Cannot read IP mode file for STMicroelectronics.X-CUBE-AI.10.2.0
2025-09-22 23:37:18,637 [WARN] PackLoader:240 - Cannot read IP mode file for SEGGER.I-CUBE-embOS.1.3.1
2025-09-22 23:37:18,710 [WARN] PackLoader:240 - Cannot read IP mode file for STMicroelectronics.X-CUBE-ALGOBUILD.1.4.0
2025-09-22 23:37:18,737 [INFO] WebApp:191 - Connection restablished
2025-09-22 23:37:18,769 [WARN] PackLoader:240 - Cannot read IP mode file for STMicroelectronics.X-CUBE-MEMS1.11.3.0
2025-09-22 23:37:19,022 [WARN] PackLoader:240 - Cannot read IP mode file for STMicroelectronics.X-CUBE-PM33A1.1.0.0
2025-09-22 23:37:19,040 [WARN] PackLoader:240 - Cannot read IP mode file for STMicroelectronics.X-CUBE-AZRTOS-F4.1.1.0
2025-09-22 23:37:19,051 [WARN] PackLoader:240 - Cannot read IP mode file for Avnet-IotConnect.X-CUBE-IoTC-DA16k-PMOD.1.0.0
2025-09-22 23:37:19,058 [WARN] PackLoader:240 - Cannot read IP mode file for STMicroelectronics.X-CUBE-ISPU.2.1.0
2025-09-22 23:37:19,068 [WARN] PackLoader:240 - Cannot read IP mode file for STMicroelectronics.X-CUBE-NFC12.1.0.0
2025-09-22 23:37:19,086 [WARN] PackLoader:240 - Cannot read IP mode file for STMicroelectronics.X-CUBE-AZRTOS-L5.2.0.0
2025-09-22 23:37:19,097 [WARN] PackLoader:240 - Cannot read IP mode file for STMicroelectronics.X-CUBE-NFC6.3.1.0
2025-09-22 23:37:19,106 [WARN] PackLoader:240 - Cannot read IP mode file for STMicroelectronics.X-CUBE-FREERTOS.1.3.1
2025-09-22 23:37:19,113 [WARN] PackLoader:240 - Cannot read IP mode file for STMicroelectronics.FP-SNS-STAIOTCFT.1.0.0
2025-09-22 23:37:19,126 [WARN] PackLoader:240 - Cannot read IP mode file for STMicroelectronics.X-CUBE-DPower.1.3.0
2025-09-22 23:37:19,149 [WARN] ConditionMgr:438 - getConditionDescription Invalid condition id : LAN8742 Phy interface Condition cause : null
2025-09-22 23:37:19,150 [WARN] PackLoader:240 - Cannot read IP mode file for STMicroelectronics.X-CUBE-AZRTOS-L4.2.0.0
2025-09-22 23:37:19,151 [WARN] ConditionMgr:1044 - genDependencies : Invalid condition id : LAN8742 Phy interface Condition cause : null
2025-09-22 23:37:19,152 [WARN] ConditionMgr:1044 - genDependencies : Invalid condition id : LAN8742 Phy interface Condition cause : null
2025-09-22 23:37:19,152 [WARN] ConditionMgr:1044 - genDependencies : Invalid condition id : LAN8742 Phy interface Condition cause : null
2025-09-22 23:37:19,161 [WARN] PackLoader:240 - Cannot read IP mode file for STMicroelectronics.X-CUBE-SFXS2LP1.4.0.0
2025-09-22 23:37:19,172 [WARN] PackLoader:240 - Cannot read IP mode file for STMicroelectronics.X-CUBE-BLEMGR.4.1.0
2025-09-22 23:37:19,194 [WARN] ConditionMgr:438 - getConditionDescription Invalid condition id : UX DEVICE CLASS RTOS Condition cause : null
2025-09-22 23:37:19,195 [WARN] ConditionMgr:438 - getConditionDescription Invalid condition id : UX DEVICE CLASS RTOS Condition cause : null
2025-09-22 23:37:19,198 [WARN] PackLoader:240 - Cannot read IP mode file for STMicroelectronics.X-CUBE-AZRTOS-WB.2.0.0
2025-09-22 23:37:19,199 [WARN] ConditionMgr:1044 - genDependencies : Invalid condition id : UX DEVICE CLASS RTOS Condition cause : null
2025-09-22 23:37:19,200 [WARN] ConditionMgr:1044 - genDependencies : Invalid condition id : UX DEVICE CLASS RTOS Condition cause : null
2025-09-22 23:37:19,201 [WARN] ConditionMgr:1044 - genDependencies : Invalid condition id : UX DEVICE CLASS RTOS Condition cause : null
2025-09-22 23:37:19,202 [WARN] ConditionMgr:1044 - genDependencies : Invalid condition id : UX DEVICE CLASS RTOS Condition cause : null
2025-09-22 23:37:19,202 [WARN] ConditionMgr:1044 - genDependencies : Invalid condition id : UX DEVICE CLASS RTOS Condition cause : null
2025-09-22 23:37:19,214 [WARN] PackLoader:240 - Cannot read IP mode file for STMicroelectronics.X-CUBE-GNSS1.7.0.1
2025-09-22 23:37:19,228 [WARN] PackLoader:240 - Cannot read IP mode file for STMicroelectronics.X-CUBE-TOUCHGFX.4.25.0
2025-09-22 23:37:19,236 [WARN] PackLoader:240 - Cannot read IP mode file for STMicroelectronics.FP-SNS-STBOX1.2.0.0
2025-09-22 23:37:19,251 [WARN] ConditionMgr:438 - getConditionDescription Invalid condition id : Cortex-A Device cause : null
2025-09-22 23:37:19,283 [WARN] ConditionMgr:1044 - genDependencies : Invalid condition id : Cortex-A Device cause : null
2025-09-22 23:37:19,283 [WARN] ConditionMgr:1044 - genDependencies : Invalid condition id : Cortex-A Device cause : null
2025-09-22 23:37:19,283 [WARN] ConditionMgr:1044 - genDependencies : Invalid condition id : Cortex-A Device cause : null
2025-09-22 23:37:19,296 [WARN] PackLoader:240 - Cannot read IP mode file for STMicroelectronics.X-CUBE-SUBG2.5.0.0
2025-09-22 23:37:19,327 [WARN] PackLoader:240 - Cannot read IP mode file for STMicroelectronics.X-CUBE-AZRTOS-H7RS.1.1.0
2025-09-22 23:37:19,339 [WARN] PackLoader:240 - Cannot read IP mode file for Cesanta.I-CUBE-Mongoose.7.13.0
2025-09-22 23:37:19,360 [WARN] PackLoader:240 - Cannot read IP mode file for STMicroelectronics.X-CUBE-AZRTOS-G4.2.0.0
2025-09-22 23:37:19,369 [WARN] PackLoader:240 - Cannot read IP mode file for wolfSSL.I-CUBE-wolfSSH.1.4.20
2025-09-22 23:37:19,376 [WARN] PackLoader:240 - Cannot read IP mode file for STMicroelectronics.X-CUBE-NFC7.2.0.0
2025-09-22 23:37:19,396 [WARN] PackLoader:240 - Cannot read IP mode file for STMicroelectronics.X-CUBE-IPS.3.1.0
2025-09-22 23:37:19,413 [WARN] PackLoader:240 - Cannot read IP mode file for STMicroelectronics.X-CUBE-ALS.1.0.2
2025-09-22 23:37:19,423 [WARN] PackLoader:240 - Cannot read IP mode file for STMicroelectronics.X-CUBE-STSE01.1.0.0
2025-09-22 23:37:19,433 [WARN] PackLoader:240 - Cannot read IP mode file for portGmbH.I-Cube-SoM-uGOAL.1.1.0
2025-09-22 23:37:19,448 [WARN] PackLoader:240 - Cannot read IP mode file for STMicroelectronics.X-CUBE-TOF1.3.4.3
2025-09-22 23:37:19,465 [INFO] ThirdParty:978 - Integrity check success = true
2025-09-22 23:37:19,465 [INFO] IntegrityCheckThread:100 - exiting critical section [integrity check]
2025-09-22 23:37:19,465 [INFO] IntegrityCheckThread:103 - End integrity checks thread
2025-09-22 23:37:20,392 [INFO] WebApp:225 - Starting web application
2025-09-22 23:37:20,392 [INFO] WebApp:593 - Web application path used C:\ST\STM32CubeIDE_1.19.0\STM32CubeIDE\plugins\com.st.stm32cube.common.mx_6.15.0.202507011659\db\plugins\mcufinder\reactClient1\index.html
2025-09-22 23:37:20,510 [INFO] UserAuth:487 - Internet connection configuration mode: 1
2025-09-22 23:37:20,616 [ERROR] LogOutputStream:75 - [STDERR_REDIRECT] [Fatal Error] :1:1: Premature end of file.
2025-09-22 23:37:20,617 [ERROR] LogOutputStream:75 - [STDERR_REDIRECT] 
2025-09-22 23:37:21,585 [ERROR] LogOutputStream:75 - [STDERR_REDIRECT] [Fatal Error] :1:1: Premature end of file.
2025-09-22 23:37:21,585 [ERROR] LogOutputStream:75 - [STDERR_REDIRECT] 
2025-09-22 23:37:22,595 [ERROR] LogOutputStream:75 - [STDERR_REDIRECT] [Fatal Error] :1:1: Premature end of file.
2025-09-22 23:37:22,596 [ERROR] LogOutputStream:75 - [STDERR_REDIRECT] 
2025-09-22 23:37:23,620 [ERROR] LogOutputStream:75 - [STDERR_REDIRECT] [Fatal Error] :1:1: Premature end of file.
2025-09-22 23:37:23,620 [ERROR] LogOutputStream:75 - [STDERR_REDIRECT] 
2025-09-22 23:37:24,595 [ERROR] LogOutputStream:75 - [STDERR_REDIRECT] [Fatal Error] :1:1: Premature end of file.
2025-09-22 23:37:24,595 [ERROR] LogOutputStream:75 - [STDERR_REDIRECT] 
2025-09-22 23:37:25,594 [ERROR] LogOutputStream:75 - [STDERR_REDIRECT] [Fatal Error] :1:1: Premature end of file.
2025-09-22 23:37:25,595 [ERROR] LogOutputStream:75 - [STDERR_REDIRECT] 
2025-09-22 23:37:26,604 [ERROR] LogOutputStream:75 - [STDERR_REDIRECT] [Fatal Error] :1:1: Premature end of file.
2025-09-22 23:37:26,604 [ERROR] LogOutputStream:75 - [STDERR_REDIRECT] 
2025-09-22 23:37:27,585 [ERROR] LogOutputStream:75 - [STDERR_REDIRECT] [Fatal Error] :1:1: Premature end of file.
2025-09-22 23:37:27,585 [ERROR] LogOutputStream:75 - [STDERR_REDIRECT] 
2025-09-22 23:37:28,585 [ERROR] LogOutputStream:75 - [STDERR_REDIRECT] [Fatal Error] :1:1: Premature end of file.
2025-09-22 23:37:28,585 [ERROR] LogOutputStream:75 - [STDERR_REDIRECT] 
2025-09-22 23:37:29,587 [ERROR] LogOutputStream:75 - [STDERR_REDIRECT] [Fatal Error] :1:1: Premature end of file.
2025-09-22 23:37:29,587 [ERROR] LogOutputStream:75 - [STDERR_REDIRECT] 
2025-09-22 23:37:30,587 [ERROR] LogOutputStream:75 - [STDERR_REDIRECT] [Fatal Error] :1:1: Premature end of file.
2025-09-22 23:37:30,588 [ERROR] LogOutputStream:75 - [STDERR_REDIRECT] 
2025-09-22 23:37:31,606 [ERROR] LogOutputStream:75 - [STDERR_REDIRECT] [Fatal Error] :1:1: Premature end of file.
2025-09-22 23:37:31,606 [ERROR] LogOutputStream:75 - [STDERR_REDIRECT] 
2025-09-22 23:37:32,588 [ERROR] LogOutputStream:75 - [STDERR_REDIRECT] [Fatal Error] :1:1: Premature end of file.
2025-09-22 23:37:32,588 [ERROR] LogOutputStream:75 - [STDERR_REDIRECT] 
2025-09-22 23:37:33,593 [ERROR] LogOutputStream:75 - [STDERR_REDIRECT] [Fatal Error] :1:1: Premature end of file.
2025-09-22 23:37:33,594 [ERROR] LogOutputStream:75 - [STDERR_REDIRECT] 
2025-09-22 23:37:34,596 [ERROR] LogOutputStream:75 - [STDERR_REDIRECT] [Fatal Error] :1:1: Premature end of file.
2025-09-22 23:37:34,596 [ERROR] LogOutputStream:75 - [STDERR_REDIRECT] 
2025-09-22 23:37:35,595 [ERROR] LogOutputStream:75 - [STDERR_REDIRECT] [Fatal Error] :1:1: Premature end of file.
2025-09-22 23:37:35,595 [ERROR] LogOutputStream:75 - [STDERR_REDIRECT] 
2025-09-22 23:37:36,604 [ERROR] LogOutputStream:75 - [STDERR_REDIRECT] [Fatal Error] :1:1: Premature end of file.
2025-09-22 23:37:36,605 [ERROR] LogOutputStream:75 - [STDERR_REDIRECT] 
2025-09-22 23:37:37,596 [ERROR] LogOutputStream:75 - [STDERR_REDIRECT] [Fatal Error] :1:1: Premature end of file.
2025-09-22 23:37:37,596 [ERROR] LogOutputStream:75 - [STDERR_REDIRECT] 
2025-09-22 23:37:38,594 [ERROR] LogOutputStream:75 - [STDERR_REDIRECT] [Fatal Error] :1:1: Premature end of file.
2025-09-22 23:37:38,594 [ERROR] LogOutputStream:75 - [STDERR_REDIRECT] 
2025-09-22 23:37:39,595 [ERROR] LogOutputStream:75 - [STDERR_REDIRECT] [Fatal Error] :1:1: Premature end of file.
2025-09-22 23:37:39,595 [ERROR] LogOutputStream:75 - [STDERR_REDIRECT] 
2025-09-22 23:37:40,584 [ERROR] LogOutputStream:75 - [STDERR_REDIRECT] [Fatal Error] :1:1: Premature end of file.
2025-09-22 23:37:40,585 [ERROR] LogOutputStream:75 - [STDERR_REDIRECT] 
2025-09-22 23:37:41,588 [ERROR] LogOutputStream:75 - [STDERR_REDIRECT] [Fatal Error] :1:1: Premature end of file.
2025-09-22 23:37:41,588 [ERROR] LogOutputStream:75 - [STDERR_REDIRECT] 
2025-09-22 23:37:42,581 [ERROR] LogOutputStream:75 - [STDERR_REDIRECT] [Fatal Error] :1:1: Premature end of file.
2025-09-22 23:37:42,581 [ERROR] LogOutputStream:75 - [STDERR_REDIRECT] 
2025-09-22 23:37:43,591 [ERROR] LogOutputStream:75 - [STDERR_REDIRECT] [Fatal Error] :1:1: Premature end of file.
2025-09-22 23:37:43,591 [ERROR] LogOutputStream:75 - [STDERR_REDIRECT] 
2025-09-22 23:37:44,592 [ERROR] LogOutputStream:75 - [STDERR_REDIRECT] [Fatal Error] :1:1: Premature end of file.
2025-09-22 23:37:44,592 [ERROR] LogOutputStream:75 - [STDERR_REDIRECT] 
2025-09-22 23:37:45,622 [ERROR] LogOutputStream:75 - [STDERR_REDIRECT] [Fatal Error] :1:1: Premature end of file.
2025-09-22 23:37:45,622 [ERROR] LogOutputStream:75 - [STDERR_REDIRECT] 
2025-09-22 23:37:46,599 [ERROR] LogOutputStream:75 - [STDERR_REDIRECT] [Fatal Error] :1:1: Premature end of file.
2025-09-22 23:37:46,600 [ERROR] LogOutputStream:75 - [STDERR_REDIRECT] 
2025-09-22 23:37:47,596 [ERROR] LogOutputStream:75 - [STDERR_REDIRECT] [Fatal Error] :1:1: Premature end of file.
2025-09-22 23:37:47,596 [ERROR] LogOutputStream:75 - [STDERR_REDIRECT] 
2025-09-22 23:37:48,597 [ERROR] LogOutputStream:75 - [STDERR_REDIRECT] [Fatal Error] :1:1: Premature end of file.
2025-09-22 23:37:48,597 [ERROR] LogOutputStream:75 - [STDERR_REDIRECT] 
2025-09-22 23:37:49,595 [ERROR] LogOutputStream:75 - [STDERR_REDIRECT] [Fatal Error] :1:1: Premature end of file.
2025-09-22 23:37:49,595 [ERROR] LogOutputStream:75 - [STDERR_REDIRECT] 
2025-09-22 23:37:50,586 [ERROR] LogOutputStream:75 - [STDERR_REDIRECT] [Fatal Error] :1:1: Premature end of file.
2025-09-22 23:37:50,586 [ERROR] LogOutputStream:75 - [STDERR_REDIRECT] 
2025-09-22 23:37:51,598 [ERROR] LogOutputStream:75 - [STDERR_REDIRECT] [Fatal Error] :1:1: Premature end of file.
2025-09-22 23:37:51,599 [ERROR] LogOutputStream:75 - [STDERR_REDIRECT] 
2025-09-22 23:37:52,605 [ERROR] LogOutputStream:75 - [STDERR_REDIRECT] [Fatal Error] :1:1: Premature end of file.
2025-09-22 23:37:52,605 [ERROR] LogOutputStream:75 - [STDERR_REDIRECT] 
2025-09-22 23:37:53,597 [ERROR] LogOutputStream:75 - [STDERR_REDIRECT] [Fatal Error] :1:1: Premature end of file.
2025-09-22 23:37:53,597 [ERROR] LogOutputStream:75 - [STDERR_REDIRECT] 
2025-09-22 23:37:54,593 [ERROR] LogOutputStream:75 - [STDERR_REDIRECT] [Fatal Error] :1:1: Premature end of file.
2025-09-22 23:37:54,593 [ERROR] LogOutputStream:75 - [STDERR_REDIRECT] 
2025-09-22 23:37:55,594 [ERROR] LogOutputStream:75 - [STDERR_REDIRECT] [Fatal Error] :1:1: Premature end of file.
2025-09-22 23:37:55,595 [ERROR] LogOutputStream:75 - [STDERR_REDIRECT] 
2025-09-22 23:37:56,589 [ERROR] LogOutputStream:75 - [STDERR_REDIRECT] [Fatal Error] :1:1: Premature end of file.
2025-09-22 23:37:56,589 [ERROR] LogOutputStream:75 - [STDERR_REDIRECT] 
2025-09-22 23:37:57,592 [ERROR] LogOutputStream:75 - [STDERR_REDIRECT] [Fatal Error] :1:1: Premature end of file.
2025-09-22 23:37:57,592 [ERROR] LogOutputStream:75 - [STDERR_REDIRECT] 
2025-09-22 23:37:58,599 [ERROR] LogOutputStream:75 - [STDERR_REDIRECT] [Fatal Error] :1:1: Premature end of file.
2025-09-22 23:37:58,600 [ERROR] LogOutputStream:75 - [STDERR_REDIRECT] 
2025-09-22 23:37:59,596 [ERROR] LogOutputStream:75 - [STDERR_REDIRECT] [Fatal Error] :1:1: Premature end of file.
2025-09-22 23:37:59,597 [ERROR] LogOutputStream:75 - [STDERR_REDIRECT] 
2025-09-22 23:38:00,598 [ERROR] LogOutputStream:75 - [STDERR_REDIRECT] [Fatal Error] :1:1: Premature end of file.
2025-09-22 23:38:00,598 [ERROR] LogOutputStream:75 - [STDERR_REDIRECT] 
2025-09-22 23:38:01,604 [ERROR] LogOutputStream:75 - [STDERR_REDIRECT] [Fatal Error] :1:1: Premature end of file.
2025-09-22 23:38:01,605 [ERROR] LogOutputStream:75 - [STDERR_REDIRECT] 
2025-09-22 23:38:02,601 [ERROR] LogOutputStream:75 - [STDERR_REDIRECT] [Fatal Error] :1:1: Premature end of file.
2025-09-22 23:38:02,602 [ERROR] LogOutputStream:75 - [STDERR_REDIRECT] 
2025-09-22 23:38:03,603 [ERROR] LogOutputStream:75 - [STDERR_REDIRECT] [Fatal Error] :1:1: Premature end of file.
2025-09-22 23:38:03,603 [ERROR] LogOutputStream:75 - [STDERR_REDIRECT] 
2025-09-22 23:38:04,593 [ERROR] LogOutputStream:75 - [STDERR_REDIRECT] [Fatal Error] :1:1: Premature end of file.
2025-09-22 23:38:04,593 [ERROR] LogOutputStream:75 - [STDERR_REDIRECT] 
2025-09-22 23:38:05,597 [ERROR] LogOutputStream:75 - [STDERR_REDIRECT] [Fatal Error] :1:1: Premature end of file.
2025-09-22 23:38:05,597 [ERROR] LogOutputStream:75 - [STDERR_REDIRECT] 
2025-09-22 23:38:06,610 [ERROR] LogOutputStream:75 - [STDERR_REDIRECT] [Fatal Error] :1:1: Premature end of file.
2025-09-22 23:38:06,610 [ERROR] LogOutputStream:75 - [STDERR_REDIRECT] 
2025-09-22 23:38:07,598 [ERROR] LogOutputStream:75 - [STDERR_REDIRECT] [Fatal Error] :1:1: Premature end of file.
2025-09-22 23:38:07,599 [ERROR] LogOutputStream:75 - [STDERR_REDIRECT] 
2025-09-22 23:38:08,586 [ERROR] LogOutputStream:75 - [STDERR_REDIRECT] [Fatal Error] :1:1: Premature end of file.
2025-09-22 23:38:08,586 [ERROR] LogOutputStream:75 - [STDERR_REDIRECT] 
2025-09-22 23:38:09,588 [ERROR] LogOutputStream:75 - [STDERR_REDIRECT] [Fatal Error] :1:1: Premature end of file.
2025-09-22 23:38:09,588 [ERROR] LogOutputStream:75 - [STDERR_REDIRECT] 
2025-09-22 23:38:10,585 [ERROR] LogOutputStream:75 - [STDERR_REDIRECT] [Fatal Error] :1:1: Premature end of file.
2025-09-22 23:38:10,586 [ERROR] LogOutputStream:75 - [STDERR_REDIRECT] 
2025-09-22 23:38:11,588 [ERROR] LogOutputStream:75 - [STDERR_REDIRECT] [Fatal Error] :1:1: Premature end of file.
2025-09-22 23:38:11,588 [ERROR] LogOutputStream:75 - [STDERR_REDIRECT] 
2025-09-22 23:38:12,586 [ERROR] LogOutputStream:75 - [STDERR_REDIRECT] [Fatal Error] :1:1: Premature end of file.
2025-09-22 23:38:12,586 [ERROR] LogOutputStream:75 - [STDERR_REDIRECT] 
2025-09-22 23:38:13,596 [ERROR] LogOutputStream:75 - [STDERR_REDIRECT] [Fatal Error] :1:1: Premature end of file.
2025-09-22 23:38:13,596 [ERROR] LogOutputStream:75 - [STDERR_REDIRECT] 
2025-09-22 23:38:14,595 [ERROR] LogOutputStream:75 - [STDERR_REDIRECT] [Fatal Error] :1:1: Premature end of file.
2025-09-22 23:38:14,595 [ERROR] LogOutputStream:75 - [STDERR_REDIRECT] 
2025-09-22 23:38:15,594 [ERROR] LogOutputStream:75 - [STDERR_REDIRECT] [Fatal Error] :1:1: Premature end of file.
2025-09-22 23:38:15,595 [ERROR] LogOutputStream:75 - [STDERR_REDIRECT] 
2025-09-22 23:38:16,582 [ERROR] LogOutputStream:75 - [STDERR_REDIRECT] [Fatal Error] :1:1: Premature end of file.
2025-09-22 23:38:16,582 [ERROR] LogOutputStream:75 - [STDERR_REDIRECT] 
2025-09-22 23:38:17,586 [ERROR] LogOutputStream:75 - [STDERR_REDIRECT] [Fatal Error] :1:1: Premature end of file.
2025-09-22 23:38:17,587 [ERROR] LogOutputStream:75 - [STDERR_REDIRECT] 
2025-09-22 23:38:18,598 [ERROR] LogOutputStream:75 - [STDERR_REDIRECT] [Fatal Error] :1:1: Premature end of file.
2025-09-22 23:38:18,599 [ERROR] LogOutputStream:75 - [STDERR_REDIRECT] 
2025-09-22 23:38:19,597 [ERROR] LogOutputStream:75 - [STDERR_REDIRECT] [Fatal Error] :1:1: Premature end of file.
2025-09-22 23:38:19,597 [ERROR] LogOutputStream:75 - [STDERR_REDIRECT] 
2025-09-22 23:38:20,590 [ERROR] LogOutputStream:75 - [STDERR_REDIRECT] [Fatal Error] :1:1: Premature end of file.
2025-09-22 23:38:20,590 [ERROR] LogOutputStream:75 - [STDERR_REDIRECT] 
2025-09-22 23:38:21,602 [ERROR] LogOutputStream:75 - [STDERR_REDIRECT] [Fatal Error] :1:1: Premature end of file.
2025-09-22 23:38:21,603 [ERROR] LogOutputStream:75 - [STDERR_REDIRECT] 
2025-09-22 23:38:22,604 [ERROR] LogOutputStream:75 - [STDERR_REDIRECT] [Fatal Error] :1:1: Premature end of file.
2025-09-22 23:38:22,604 [ERROR] LogOutputStream:75 - [STDERR_REDIRECT] 
2025-09-22 23:38:23,598 [ERROR] LogOutputStream:75 - [STDERR_REDIRECT] [Fatal Error] :1:1: Premature end of file.
2025-09-22 23:38:23,599 [ERROR] LogOutputStream:75 - [STDERR_REDIRECT] 
2025-09-22 23:38:24,594 [ERROR] LogOutputStream:75 - [STDERR_REDIRECT] [Fatal Error] :1:1: Premature end of file.
2025-09-22 23:38:24,594 [ERROR] LogOutputStream:75 - [STDERR_REDIRECT] 
2025-09-22 23:38:25,600 [ERROR] LogOutputStream:75 - [STDERR_REDIRECT] [Fatal Error] :1:1: Premature end of file.
2025-09-22 23:38:25,601 [ERROR] LogOutputStream:75 - [STDERR_REDIRECT] 
2025-09-22 23:38:26,585 [ERROR] LogOutputStream:75 - [STDERR_REDIRECT] [Fatal Error] :1:1: Premature end of file.
2025-09-22 23:38:26,585 [ERROR] LogOutputStream:75 - [STDERR_REDIRECT] 
2025-09-22 23:38:27,592 [ERROR] LogOutputStream:75 - [STDERR_REDIRECT] [Fatal Error] :1:1: Premature end of file.
2025-09-22 23:38:27,593 [ERROR] LogOutputStream:75 - [STDERR_REDIRECT] 
2025-09-22 23:38:28,593 [ERROR] LogOutputStream:75 - [STDERR_REDIRECT] [Fatal Error] :1:1: Premature end of file.
2025-09-22 23:38:28,593 [ERROR] LogOutputStream:75 - [STDERR_REDIRECT] 
2025-09-22 23:38:29,591 [ERROR] LogOutputStream:75 - [STDERR_REDIRECT] [Fatal Error] :1:1: Premature end of file.
2025-09-22 23:38:29,591 [ERROR] LogOutputStream:75 - [STDERR_REDIRECT] 
2025-09-22 23:38:30,606 [ERROR] LogOutputStream:75 - [STDERR_REDIRECT] [Fatal Error] :1:1: Premature end of file.
2025-09-22 23:38:30,607 [ERROR] LogOutputStream:75 - [STDERR_REDIRECT] 
2025-09-22 23:38:31,590 [ERROR] LogOutputStream:75 - [STDERR_REDIRECT] [Fatal Error] :1:1: Premature end of file.
2025-09-22 23:38:31,591 [ERROR] LogOutputStream:75 - [STDERR_REDIRECT] 
2025-09-22 23:38:32,595 [ERROR] LogOutputStream:75 - [STDERR_REDIRECT] [Fatal Error] :1:1: Premature end of file.
2025-09-22 23:38:32,595 [ERROR] LogOutputStream:75 - [STDERR_REDIRECT] 
2025-09-22 23:38:33,583 [ERROR] LogOutputStream:75 - [STDERR_REDIRECT] [Fatal Error] :1:1: Premature end of file.
2025-09-22 23:38:33,583 [ERROR] LogOutputStream:75 - [STDERR_REDIRECT] 
2025-09-22 23:38:34,594 [ERROR] LogOutputStream:75 - [STDERR_REDIRECT] [Fatal Error] :1:1: Premature end of file.
2025-09-22 23:38:34,594 [ERROR] LogOutputStream:75 - [STDERR_REDIRECT] 
2025-09-22 23:38:35,589 [ERROR] LogOutputStream:75 - [STDERR_REDIRECT] [Fatal Error] :1:1: Premature end of file.
2025-09-22 23:38:35,590 [ERROR] LogOutputStream:75 - [STDERR_REDIRECT] 
2025-09-22 23:38:36,592 [ERROR] LogOutputStream:75 - [STDERR_REDIRECT] [Fatal Error] :1:1: Premature end of file.
2025-09-22 23:38:36,593 [ERROR] LogOutputStream:75 - [STDERR_REDIRECT] 
2025-09-22 23:38:37,589 [ERROR] LogOutputStream:75 - [STDERR_REDIRECT] [Fatal Error] :1:1: Premature end of file.
2025-09-22 23:38:37,589 [ERROR] LogOutputStream:75 - [STDERR_REDIRECT] 
2025-09-22 23:38:38,584 [ERROR] LogOutputStream:75 - [STDERR_REDIRECT] [Fatal Error] :1:1: Premature end of file.
2025-09-22 23:38:38,584 [ERROR] LogOutputStream:75 - [STDERR_REDIRECT] 
2025-09-22 23:38:39,584 [ERROR] LogOutputStream:75 - [STDERR_REDIRECT] [Fatal Error] :1:1: Premature end of file.
2025-09-22 23:38:39,584 [ERROR] LogOutputStream:75 - [STDERR_REDIRECT] 
2025-09-22 23:38:40,597 [ERROR] LogOutputStream:75 - [STDERR_REDIRECT] [Fatal Error] :1:1: Premature end of file.
2025-09-22 23:38:40,597 [ERROR] LogOutputStream:75 - [STDERR_REDIRECT] 
2025-09-22 23:38:41,592 [ERROR] LogOutputStream:75 - [STDERR_REDIRECT] [Fatal Error] :1:1: Premature end of file.
2025-09-22 23:38:41,592 [ERROR] LogOutputStream:75 - [STDERR_REDIRECT] 
2025-09-22 23:38:42,597 [ERROR] LogOutputStream:75 - [STDERR_REDIRECT] [Fatal Error] :1:1: Premature end of file.
2025-09-22 23:38:42,597 [ERROR] LogOutputStream:75 - [STDERR_REDIRECT] 
2025-09-22 23:38:43,586 [ERROR] LogOutputStream:75 - [STDERR_REDIRECT] [Fatal Error] :1:1: Premature end of file.
2025-09-22 23:38:43,586 [ERROR] LogOutputStream:75 - [STDERR_REDIRECT] 
2025-09-22 23:38:44,588 [ERROR] LogOutputStream:75 - [STDERR_REDIRECT] [Fatal Error] :1:1: Premature end of file.
2025-09-22 23:38:44,588 [ERROR] LogOutputStream:75 - [STDERR_REDIRECT] 
2025-09-22 23:38:45,593 [ERROR] LogOutputStream:75 - [STDERR_REDIRECT] [Fatal Error] :1:1: Premature end of file.
2025-09-22 23:38:45,593 [ERROR] LogOutputStream:75 - [STDERR_REDIRECT] 
2025-09-22 23:38:46,594 [ERROR] LogOutputStream:75 - [STDERR_REDIRECT] [Fatal Error] :1:1: Premature end of file.
2025-09-22 23:38:46,595 [ERROR] LogOutputStream:75 - [STDERR_REDIRECT] 
2025-09-22 23:38:47,715 [ERROR] LogOutputStream:75 - [STDERR_REDIRECT] [Fatal Error] :1:1: Premature end of file.
2025-09-22 23:38:47,716 [ERROR] LogOutputStream:75 - [STDERR_REDIRECT] 
2025-09-22 23:38:48,594 [ERROR] LogOutputStream:75 - [STDERR_REDIRECT] [Fatal Error] :1:1: Premature end of file.
2025-09-22 23:38:48,595 [ERROR] LogOutputStream:75 - [STDERR_REDIRECT] 
2025-09-22 23:38:49,594 [ERROR] LogOutputStream:75 - [STDERR_REDIRECT] [Fatal Error] :1:1: Premature end of file.
2025-09-22 23:38:49,595 [ERROR] LogOutputStream:75 - [STDERR_REDIRECT] 
2025-09-22 23:38:50,598 [ERROR] LogOutputStream:75 - [STDERR_REDIRECT] [Fatal Error] :1:1: Premature end of file.
2025-09-22 23:38:50,599 [ERROR] LogOutputStream:75 - [STDERR_REDIRECT] 
2025-09-22 23:38:51,597 [ERROR] LogOutputStream:75 - [STDERR_REDIRECT] [Fatal Error] :1:1: Premature end of file.
2025-09-22 23:38:51,597 [ERROR] LogOutputStream:75 - [STDERR_REDIRECT] 
2025-09-22 23:38:52,598 [ERROR] LogOutputStream:75 - [STDERR_REDIRECT] [Fatal Error] :1:1: Premature end of file.
2025-09-22 23:38:52,598 [ERROR] LogOutputStream:75 - [STDERR_REDIRECT] 
2025-09-22 23:38:53,593 [ERROR] LogOutputStream:75 - [STDERR_REDIRECT] [Fatal Error] :1:1: Premature end of file.
2025-09-22 23:38:53,594 [ERROR] LogOutputStream:75 - [STDERR_REDIRECT] 
2025-09-22 23:38:54,597 [ERROR] LogOutputStream:75 - [STDERR_REDIRECT] [Fatal Error] :1:1: Premature end of file.
2025-09-22 23:38:54,597 [ERROR] LogOutputStream:75 - [STDERR_REDIRECT] 
2025-09-22 23:38:55,595 [ERROR] LogOutputStream:75 - [STDERR_REDIRECT] [Fatal Error] :1:1: Premature end of file.
2025-09-22 23:38:55,595 [ERROR] LogOutputStream:75 - [STDERR_REDIRECT] 
2025-09-22 23:38:56,596 [ERROR] LogOutputStream:75 - [STDERR_REDIRECT] [Fatal Error] :1:1: Premature end of file.
2025-09-22 23:38:56,596 [ERROR] LogOutputStream:75 - [STDERR_REDIRECT] 
2025-09-22 23:38:57,610 [ERROR] LogOutputStream:75 - [STDERR_REDIRECT] [Fatal Error] :1:1: Premature end of file.
2025-09-22 23:38:57,610 [ERROR] LogOutputStream:75 - [STDERR_REDIRECT] 
2025-09-22 23:38:58,596 [ERROR] LogOutputStream:75 - [STDERR_REDIRECT] [Fatal Error] :1:1: Premature end of file.
2025-09-22 23:38:58,597 [ERROR] LogOutputStream:75 - [STDERR_REDIRECT] 
2025-09-22 23:38:59,593 [ERROR] LogOutputStream:75 - [STDERR_REDIRECT] [Fatal Error] :1:1: Premature end of file.
2025-09-22 23:38:59,593 [ERROR] LogOutputStream:75 - [STDERR_REDIRECT] 
2025-09-22 23:39:00,591 [ERROR] LogOutputStream:75 - [STDERR_REDIRECT] [Fatal Error] :1:1: Premature end of file.
2025-09-22 23:39:00,592 [ERROR] LogOutputStream:75 - [STDERR_REDIRECT] 
2025-09-22 23:39:01,599 [ERROR] LogOutputStream:75 - [STDERR_REDIRECT] [Fatal Error] :1:1: Premature end of file.
2025-09-22 23:39:01,599 [ERROR] LogOutputStream:75 - [STDERR_REDIRECT] 
2025-09-22 23:39:02,607 [ERROR] LogOutputStream:75 - [STDERR_REDIRECT] [Fatal Error] :1:1: Premature end of file.
2025-09-22 23:39:02,607 [ERROR] LogOutputStream:75 - [STDERR_REDIRECT] 
2025-09-22 23:39:03,600 [ERROR] LogOutputStream:75 - [STDERR_REDIRECT] [Fatal Error] :1:1: Premature end of file.
2025-09-22 23:39:03,600 [ERROR] LogOutputStream:75 - [STDERR_REDIRECT] 
2025-09-22 23:39:04,593 [ERROR] LogOutputStream:75 - [STDERR_REDIRECT] [Fatal Error] :1:1: Premature end of file.
2025-09-22 23:39:04,593 [ERROR] LogOutputStream:75 - [STDERR_REDIRECT] 
2025-09-22 23:39:05,593 [ERROR] LogOutputStream:75 - [STDERR_REDIRECT] [Fatal Error] :1:1: Premature end of file.
2025-09-22 23:39:05,593 [ERROR] LogOutputStream:75 - [STDERR_REDIRECT] 
2025-09-22 23:39:06,596 [ERROR] LogOutputStream:75 - [STDERR_REDIRECT] [Fatal Error] :1:1: Premature end of file.
2025-09-22 23:39:06,596 [ERROR] LogOutputStream:75 - [STDERR_REDIRECT] 
2025-09-22 23:39:07,595 [ERROR] LogOutputStream:75 - [STDERR_REDIRECT] [Fatal Error] :1:1: Premature end of file.
2025-09-22 23:39:07,595 [ERROR] LogOutputStream:75 - [STDERR_REDIRECT] 
2025-09-22 23:39:08,595 [ERROR] LogOutputStream:75 - [STDERR_REDIRECT] [Fatal Error] :1:1: Premature end of file.
2025-09-22 23:39:08,595 [ERROR] LogOutputStream:75 - [STDERR_REDIRECT] 
2025-09-22 23:39:09,596 [ERROR] LogOutputStream:75 - [STDERR_REDIRECT] [Fatal Error] :1:1: Premature end of file.
2025-09-22 23:39:09,596 [ERROR] LogOutputStream:75 - [STDERR_REDIRECT] 
2025-09-22 23:39:10,602 [ERROR] LogOutputStream:75 - [STDERR_REDIRECT] [Fatal Error] :1:1: Premature end of file.
2025-09-22 23:39:10,602 [ERROR] LogOutputStream:75 - [STDERR_REDIRECT] 
2025-09-22 23:39:11,595 [ERROR] LogOutputStream:75 - [STDERR_REDIRECT] [Fatal Error] :1:1: Premature end of file.
2025-09-22 23:39:11,596 [ERROR] LogOutputStream:75 - [STDERR_REDIRECT] 
2025-09-22 23:39:12,597 [ERROR] LogOutputStream:75 - [STDERR_REDIRECT] [Fatal Error] :1:1: Premature end of file.
2025-09-22 23:39:12,598 [ERROR] LogOutputStream:75 - [STDERR_REDIRECT] 
2025-09-22 23:39:13,598 [ERROR] LogOutputStream:75 - [STDERR_REDIRECT] [Fatal Error] :1:1: Premature end of file.
2025-09-22 23:39:13,599 [ERROR] LogOutputStream:75 - [STDERR_REDIRECT] 
2025-09-22 23:39:14,592 [ERROR] LogOutputStream:75 - [STDERR_REDIRECT] [Fatal Error] :1:1: Premature end of file.
2025-09-22 23:39:14,592 [ERROR] LogOutputStream:75 - [STDERR_REDIRECT] 
2025-09-22 23:39:15,593 [ERROR] LogOutputStream:75 - [STDERR_REDIRECT] [Fatal Error] :1:1: Premature end of file.
2025-09-22 23:39:15,594 [ERROR] LogOutputStream:75 - [STDERR_REDIRECT] 
2025-09-22 23:39:16,592 [ERROR] LogOutputStream:75 - [STDERR_REDIRECT] [Fatal Error] :1:1: Premature end of file.
2025-09-22 23:39:16,593 [ERROR] LogOutputStream:75 - [STDERR_REDIRECT] 
2025-09-22 23:39:17,587 [ERROR] LogOutputStream:75 - [STDERR_REDIRECT] [Fatal Error] :1:1: Premature end of file.
2025-09-22 23:39:17,587 [ERROR] LogOutputStream:75 - [STDERR_REDIRECT] 
2025-09-22 23:39:18,594 [ERROR] LogOutputStream:75 - [STDERR_REDIRECT] [Fatal Error] :1:1: Premature end of file.
2025-09-22 23:39:18,595 [ERROR] LogOutputStream:75 - [STDERR_REDIRECT] 
2025-09-22 23:39:19,594 [ERROR] LogOutputStream:75 - [STDERR_REDIRECT] [Fatal Error] :1:1: Premature end of file.
2025-09-22 23:39:19,595 [ERROR] LogOutputStream:75 - [STDERR_REDIRECT] 
2025-09-22 23:39:20,594 [ERROR] LogOutputStream:75 - [STDERR_REDIRECT] [Fatal Error] :1:1: Premature end of file.
2025-09-22 23:39:20,594 [ERROR] LogOutputStream:75 - [STDERR_REDIRECT] 
2025-09-22 23:39:21,594 [ERROR] LogOutputStream:75 - [STDERR_REDIRECT] [Fatal Error] :1:1: Premature end of file.
2025-09-22 23:39:21,595 [ERROR] LogOutputStream:75 - [STDERR_REDIRECT] 
2025-09-22 23:39:22,596 [ERROR] LogOutputStream:75 - [STDERR_REDIRECT] [Fatal Error] :1:1: Premature end of file.
2025-09-22 23:39:22,596 [ERROR] LogOutputStream:75 - [STDERR_REDIRECT] 
2025-09-22 23:39:23,600 [ERROR] LogOutputStream:75 - [STDERR_REDIRECT] [Fatal Error] :1:1: Premature end of file.
2025-09-22 23:39:23,600 [ERROR] LogOutputStream:75 - [STDERR_REDIRECT] 
2025-09-22 23:39:24,595 [ERROR] LogOutputStream:75 - [STDERR_REDIRECT] [Fatal Error] :1:1: Premature end of file.
2025-09-22 23:39:24,596 [ERROR] LogOutputStream:75 - [STDERR_REDIRECT] 
2025-09-22 23:39:25,592 [ERROR] LogOutputStream:75 - [STDERR_REDIRECT] [Fatal Error] :1:1: Premature end of file.
2025-09-22 23:39:25,592 [ERROR] LogOutputStream:75 - [STDERR_REDIRECT] 
2025-09-22 23:39:26,591 [ERROR] LogOutputStream:75 - [STDERR_REDIRECT] [Fatal Error] :1:1: Premature end of file.
2025-09-22 23:39:26,591 [ERROR] LogOutputStream:75 - [STDERR_REDIRECT] 
2025-09-22 23:39:27,599 [ERROR] LogOutputStream:75 - [STDERR_REDIRECT] [Fatal Error] :1:1: Premature end of file.
2025-09-22 23:39:27,600 [ERROR] LogOutputStream:75 - [STDERR_REDIRECT] 
2025-09-22 23:39:28,595 [ERROR] LogOutputStream:75 - [STDERR_REDIRECT] [Fatal Error] :1:1: Premature end of file.
2025-09-22 23:39:28,596 [ERROR] LogOutputStream:75 - [STDERR_REDIRECT] 
2025-09-22 23:39:29,594 [ERROR] LogOutputStream:75 - [STDERR_REDIRECT] [Fatal Error] :1:1: Premature end of file.
2025-09-22 23:39:29,595 [ERROR] LogOutputStream:75 - [STDERR_REDIRECT] 
2025-09-22 23:39:30,598 [ERROR] LogOutputStream:75 - [STDERR_REDIRECT] [Fatal Error] :1:1: Premature end of file.
2025-09-22 23:39:30,598 [ERROR] LogOutputStream:75 - [STDERR_REDIRECT] 
2025-09-22 23:39:31,594 [ERROR] LogOutputStream:75 - [STDERR_REDIRECT] [Fatal Error] :1:1: Premature end of file.
2025-09-22 23:39:31,594 [ERROR] LogOutputStream:75 - [STDERR_REDIRECT] 
2025-09-22 23:39:32,594 [ERROR] LogOutputStream:75 - [STDERR_REDIRECT] [Fatal Error] :1:1: Premature end of file.
2025-09-22 23:39:32,594 [ERROR] LogOutputStream:75 - [STDERR_REDIRECT] 
2025-09-22 23:39:33,593 [ERROR] LogOutputStream:75 - [STDERR_REDIRECT] [Fatal Error] :1:1: Premature end of file.
2025-09-22 23:39:33,594 [ERROR] LogOutputStream:75 - [STDERR_REDIRECT] 
2025-09-22 23:39:34,594 [ERROR] LogOutputStream:75 - [STDERR_REDIRECT] [Fatal Error] :1:1: Premature end of file.
2025-09-22 23:39:34,595 [ERROR] LogOutputStream:75 - [STDERR_REDIRECT] 
2025-09-22 23:39:35,595 [ERROR] LogOutputStream:75 - [STDERR_REDIRECT] [Fatal Error] :1:1: Premature end of file.
2025-09-22 23:39:35,595 [ERROR] LogOutputStream:75 - [STDERR_REDIRECT] 
2025-09-22 23:39:36,593 [ERROR] LogOutputStream:75 - [STDERR_REDIRECT] [Fatal Error] :1:1: Premature end of file.
2025-09-22 23:39:36,593 [ERROR] LogOutputStream:75 - [STDERR_REDIRECT] 
2025-09-22 23:39:37,593 [ERROR] LogOutputStream:75 - [STDERR_REDIRECT] [Fatal Error] :1:1: Premature end of file.
2025-09-22 23:39:37,593 [ERROR] LogOutputStream:75 - [STDERR_REDIRECT] 
2025-09-22 23:39:38,592 [ERROR] LogOutputStream:75 - [STDERR_REDIRECT] [Fatal Error] :1:1: Premature end of file.
2025-09-22 23:39:38,592 [ERROR] LogOutputStream:75 - [STDERR_REDIRECT] 
2025-09-22 23:39:39,593 [ERROR] LogOutputStream:75 - [STDERR_REDIRECT] [Fatal Error] :1:1: Premature end of file.
2025-09-22 23:39:39,594 [ERROR] LogOutputStream:75 - [STDERR_REDIRECT] 
2025-09-22 23:39:40,596 [ERROR] LogOutputStream:75 - [STDERR_REDIRECT] [Fatal Error] :1:1: Premature end of file.
2025-09-22 23:39:40,596 [ERROR] LogOutputStream:75 - [STDERR_REDIRECT] 
2025-09-22 23:39:41,591 [ERROR] LogOutputStream:75 - [STDERR_REDIRECT] [Fatal Error] :1:1: Premature end of file.
2025-09-22 23:39:41,591 [ERROR] LogOutputStream:75 - [STDERR_REDIRECT] 
2025-09-22 23:39:42,595 [ERROR] LogOutputStream:75 - [STDERR_REDIRECT] [Fatal Error] :1:1: Premature end of file.
2025-09-22 23:39:42,596 [ERROR] LogOutputStream:75 - [STDERR_REDIRECT] 
2025-09-22 23:39:43,593 [ERROR] LogOutputStream:75 - [STDERR_REDIRECT] [Fatal Error] :1:1: Premature end of file.
2025-09-22 23:39:43,594 [ERROR] LogOutputStream:75 - [STDERR_REDIRECT] 
2025-09-22 23:39:44,595 [ERROR] LogOutputStream:75 - [STDERR_REDIRECT] [Fatal Error] :1:1: Premature end of file.
2025-09-22 23:39:44,596 [ERROR] LogOutputStream:75 - [STDERR_REDIRECT] 
2025-09-22 23:39:45,602 [ERROR] LogOutputStream:75 - [STDERR_REDIRECT] [Fatal Error] :1:1: Premature end of file.
2025-09-22 23:39:45,603 [ERROR] LogOutputStream:75 - [STDERR_REDIRECT] 
2025-09-22 23:39:46,594 [ERROR] LogOutputStream:75 - [STDERR_REDIRECT] [Fatal Error] :1:1: Premature end of file.
2025-09-22 23:39:46,594 [ERROR] LogOutputStream:75 - [STDERR_REDIRECT] 
2025-09-22 23:39:47,591 [ERROR] LogOutputStream:75 - [STDERR_REDIRECT] [Fatal Error] :1:1: Premature end of file.
2025-09-22 23:39:47,592 [ERROR] LogOutputStream:75 - [STDERR_REDIRECT] 
2025-09-22 23:39:48,593 [ERROR] LogOutputStream:75 - [STDERR_REDIRECT] [Fatal Error] :1:1: Premature end of file.
2025-09-22 23:39:48,594 [ERROR] LogOutputStream:75 - [STDERR_REDIRECT] 
2025-09-22 23:39:49,594 [ERROR] LogOutputStream:75 - [STDERR_REDIRECT] [Fatal Error] :1:1: Premature end of file.
2025-09-22 23:39:49,595 [ERROR] LogOutputStream:75 - [STDERR_REDIRECT] 
2025-09-22 23:39:50,594 [ERROR] LogOutputStream:75 - [STDERR_REDIRECT] [Fatal Error] :1:1: Premature end of file.
2025-09-22 23:39:50,594 [ERROR] LogOutputStream:75 - [STDERR_REDIRECT] 
2025-09-22 23:39:51,595 [ERROR] LogOutputStream:75 - [STDERR_REDIRECT] [Fatal Error] :1:1: Premature end of file.
2025-09-22 23:39:51,596 [ERROR] LogOutputStream:75 - [STDERR_REDIRECT] 
2025-09-22 23:39:52,592 [ERROR] LogOutputStream:75 - [STDERR_REDIRECT] [Fatal Error] :1:1: Premature end of file.
2025-09-22 23:39:52,592 [ERROR] LogOutputStream:75 - [STDERR_REDIRECT] 
2025-09-22 23:39:53,592 [ERROR] LogOutputStream:75 - [STDERR_REDIRECT] [Fatal Error] :1:1: Premature end of file.
2025-09-22 23:39:53,593 [ERROR] LogOutputStream:75 - [STDERR_REDIRECT] 
2025-09-22 23:39:54,597 [ERROR] LogOutputStream:75 - [STDERR_REDIRECT] [Fatal Error] :1:1: Premature end of file.
2025-09-22 23:39:54,597 [ERROR] LogOutputStream:75 - [STDERR_REDIRECT] 
2025-09-22 23:39:55,594 [ERROR] LogOutputStream:75 - [STDERR_REDIRECT] [Fatal Error] :1:1: Premature end of file.
2025-09-22 23:39:55,594 [ERROR] LogOutputStream:75 - [STDERR_REDIRECT] 
2025-09-22 23:39:56,598 [ERROR] LogOutputStream:75 - [STDERR_REDIRECT] [Fatal Error] :1:1: Premature end of file.
2025-09-22 23:39:56,599 [ERROR] LogOutputStream:75 - [STDERR_REDIRECT] 
2025-09-22 23:39:57,593 [ERROR] LogOutputStream:75 - [STDERR_REDIRECT] [Fatal Error] :1:1: Premature end of file.
2025-09-22 23:39:57,593 [ERROR] LogOutputStream:75 - [STDERR_REDIRECT] 
2025-09-22 23:39:58,596 [ERROR] LogOutputStream:75 - [STDERR_REDIRECT] [Fatal Error] :1:1: Premature end of file.
2025-09-22 23:39:58,597 [ERROR] LogOutputStream:75 - [STDERR_REDIRECT] 
2025-09-22 23:39:59,591 [ERROR] LogOutputStream:75 - [STDERR_REDIRECT] [Fatal Error] :1:1: Premature end of file.
2025-09-22 23:39:59,591 [ERROR] LogOutputStream:75 - [STDERR_REDIRECT] 
2025-09-22 23:40:00,593 [ERROR] LogOutputStream:75 - [STDERR_REDIRECT] [Fatal Error] :1:1: Premature end of file.
2025-09-22 23:40:00,593 [ERROR] LogOutputStream:75 - [STDERR_REDIRECT] 
2025-09-22 23:40:01,598 [ERROR] LogOutputStream:75 - [STDERR_REDIRECT] [Fatal Error] :1:1: Premature end of file.
2025-09-22 23:40:01,599 [ERROR] LogOutputStream:75 - [STDERR_REDIRECT] 
2025-09-22 23:40:02,596 [ERROR] LogOutputStream:75 - [STDERR_REDIRECT] [Fatal Error] :1:1: Premature end of file.
2025-09-22 23:40:02,597 [ERROR] LogOutputStream:75 - [STDERR_REDIRECT] 
2025-09-22 23:40:03,592 [ERROR] LogOutputStream:75 - [STDERR_REDIRECT] [Fatal Error] :1:1: Premature end of file.
2025-09-22 23:40:03,592 [ERROR] LogOutputStream:75 - [STDERR_REDIRECT] 
2025-09-22 23:40:04,594 [ERROR] LogOutputStream:75 - [STDERR_REDIRECT] [Fatal Error] :1:1: Premature end of file.
2025-09-22 23:40:04,594 [ERROR] LogOutputStream:75 - [STDERR_REDIRECT] 
2025-09-22 23:40:05,592 [ERROR] LogOutputStream:75 - [STDERR_REDIRECT] [Fatal Error] :1:1: Premature end of file.
2025-09-22 23:40:05,592 [ERROR] LogOutputStream:75 - [STDERR_REDIRECT] 
2025-09-22 23:40:06,595 [ERROR] LogOutputStream:75 - [STDERR_REDIRECT] [Fatal Error] :1:1: Premature end of file.
2025-09-22 23:40:06,595 [ERROR] LogOutputStream:75 - [STDERR_REDIRECT] 
2025-09-22 23:40:07,600 [ERROR] LogOutputStream:75 - [STDERR_REDIRECT] [Fatal Error] :1:1: Premature end of file.
2025-09-22 23:40:07,600 [ERROR] LogOutputStream:75 - [STDERR_REDIRECT] 
2025-09-22 23:40:08,596 [ERROR] LogOutputStream:75 - [STDERR_REDIRECT] [Fatal Error] :1:1: Premature end of file.
2025-09-22 23:40:08,596 [ERROR] LogOutputStream:75 - [STDERR_REDIRECT] 
2025-09-22 23:40:09,597 [ERROR] LogOutputStream:75 - [STDERR_REDIRECT] [Fatal Error] :1:1: Premature end of file.
2025-09-22 23:40:09,597 [ERROR] LogOutputStream:75 - [STDERR_REDIRECT] 
2025-09-22 23:40:10,594 [ERROR] LogOutputStream:75 - [STDERR_REDIRECT] [Fatal Error] :1:1: Premature end of file.
2025-09-22 23:40:10,594 [ERROR] LogOutputStream:75 - [STDERR_REDIRECT] 
2025-09-22 23:40:11,592 [ERROR] LogOutputStream:75 - [STDERR_REDIRECT] [Fatal Error] :1:1: Premature end of file.
2025-09-22 23:40:11,593 [ERROR] LogOutputStream:75 - [STDERR_REDIRECT] 
2025-09-22 23:40:12,594 [ERROR] LogOutputStream:75 - [STDERR_REDIRECT] [Fatal Error] :1:1: Premature end of file.
2025-09-22 23:40:12,594 [ERROR] LogOutputStream:75 - [STDERR_REDIRECT] 
2025-09-22 23:40:13,596 [ERROR] LogOutputStream:75 - [STDERR_REDIRECT] [Fatal Error] :1:1: Premature end of file.
2025-09-22 23:40:13,596 [ERROR] LogOutputStream:75 - [STDERR_REDIRECT] 
2025-09-22 23:40:14,596 [ERROR] LogOutputStream:75 - [STDERR_REDIRECT] [Fatal Error] :1:1: Premature end of file.
2025-09-22 23:40:14,596 [ERROR] LogOutputStream:75 - [STDERR_REDIRECT] 
2025-09-22 23:40:15,595 [ERROR] LogOutputStream:75 - [STDERR_REDIRECT] [Fatal Error] :1:1: Premature end of file.
2025-09-22 23:40:15,595 [ERROR] LogOutputStream:75 - [STDERR_REDIRECT] 
2025-09-22 23:40:16,592 [ERROR] LogOutputStream:75 - [STDERR_REDIRECT] [Fatal Error] :1:1: Premature end of file.
2025-09-22 23:40:16,592 [ERROR] LogOutputStream:75 - [STDERR_REDIRECT] 
2025-09-22 23:40:17,592 [ERROR] LogOutputStream:75 - [STDERR_REDIRECT] [Fatal Error] :1:1: Premature end of file.
2025-09-22 23:40:17,593 [ERROR] LogOutputStream:75 - [STDERR_REDIRECT] 
2025-09-22 23:40:18,595 [ERROR] LogOutputStream:75 - [STDERR_REDIRECT] [Fatal Error] :1:1: Premature end of file.
2025-09-22 23:40:18,595 [ERROR] LogOutputStream:75 - [STDERR_REDIRECT] 
2025-09-22 23:40:19,597 [ERROR] LogOutputStream:75 - [STDERR_REDIRECT] [Fatal Error] :1:1: Premature end of file.
2025-09-22 23:40:19,598 [ERROR] LogOutputStream:75 - [STDERR_REDIRECT] 
2025-09-22 23:40:20,597 [ERROR] LogOutputStream:75 - [STDERR_REDIRECT] [Fatal Error] :1:1: Premature end of file.
2025-09-22 23:40:20,597 [ERROR] LogOutputStream:75 - [STDERR_REDIRECT] 
2025-09-22 23:40:21,594 [ERROR] LogOutputStream:75 - [STDERR_REDIRECT] [Fatal Error] :1:1: Premature end of file.
2025-09-22 23:40:21,594 [ERROR] LogOutputStream:75 - [STDERR_REDIRECT] 
2025-09-22 23:40:22,594 [ERROR] LogOutputStream:75 - [STDERR_REDIRECT] [Fatal Error] :1:1: Premature end of file.
2025-09-22 23:40:22,594 [ERROR] LogOutputStream:75 - [STDERR_REDIRECT] 
2025-09-22 23:40:23,592 [ERROR] LogOutputStream:75 - [STDERR_REDIRECT] [Fatal Error] :1:1: Premature end of file.
2025-09-22 23:40:23,592 [ERROR] LogOutputStream:75 - [STDERR_REDIRECT] 
2025-09-22 23:40:24,594 [ERROR] LogOutputStream:75 - [STDERR_REDIRECT] [Fatal Error] :1:1: Premature end of file.
2025-09-22 23:40:24,594 [ERROR] LogOutputStream:75 - [STDERR_REDIRECT] 
2025-09-22 23:40:25,596 [ERROR] LogOutputStream:75 - [STDERR_REDIRECT] [Fatal Error] :1:1: Premature end of file.
2025-09-22 23:40:25,596 [ERROR] LogOutputStream:75 - [STDERR_REDIRECT] 
2025-09-22 23:40:26,594 [ERROR] LogOutputStream:75 - [STDERR_REDIRECT] [Fatal Error] :1:1: Premature end of file.
2025-09-22 23:40:26,594 [ERROR] LogOutputStream:75 - [STDERR_REDIRECT] 
2025-09-22 23:40:27,594 [ERROR] LogOutputStream:75 - [STDERR_REDIRECT] [Fatal Error] :1:1: Premature end of file.
2025-09-22 23:40:27,594 [ERROR] LogOutputStream:75 - [STDERR_REDIRECT] 
2025-09-22 23:40:28,593 [ERROR] LogOutputStream:75 - [STDERR_REDIRECT] [Fatal Error] :1:1: Premature end of file.
2025-09-22 23:40:28,593 [ERROR] LogOutputStream:75 - [STDERR_REDIRECT] 
2025-09-22 23:40:29,595 [ERROR] LogOutputStream:75 - [STDERR_REDIRECT] [Fatal Error] :1:1: Premature end of file.
2025-09-22 23:40:29,596 [ERROR] LogOutputStream:75 - [STDERR_REDIRECT] 
2025-09-22 23:40:30,592 [ERROR] LogOutputStream:75 - [STDERR_REDIRECT] [Fatal Error] :1:1: Premature end of file.
2025-09-22 23:40:30,592 [ERROR] LogOutputStream:75 - [STDERR_REDIRECT] 
2025-09-22 23:40:31,591 [ERROR] LogOutputStream:75 - [STDERR_REDIRECT] [Fatal Error] :1:1: Premature end of file.
2025-09-22 23:40:31,592 [ERROR] LogOutputStream:75 - [STDERR_REDIRECT] 
2025-09-22 23:40:32,593 [ERROR] LogOutputStream:75 - [STDERR_REDIRECT] [Fatal Error] :1:1: Premature end of file.
2025-09-22 23:40:32,593 [ERROR] LogOutputStream:75 - [STDERR_REDIRECT] 
2025-09-22 23:40:33,591 [ERROR] LogOutputStream:75 - [STDERR_REDIRECT] [Fatal Error] :1:1: Premature end of file.
2025-09-22 23:40:33,592 [ERROR] LogOutputStream:75 - [STDERR_REDIRECT] 
2025-09-22 23:40:34,593 [ERROR] LogOutputStream:75 - [STDERR_REDIRECT] [Fatal Error] :1:1: Premature end of file.
2025-09-22 23:40:34,594 [ERROR] LogOutputStream:75 - [STDERR_REDIRECT] 
2025-09-22 23:40:35,597 [ERROR] LogOutputStream:75 - [STDERR_REDIRECT] [Fatal Error] :1:1: Premature end of file.
2025-09-22 23:40:35,597 [ERROR] LogOutputStream:75 - [STDERR_REDIRECT] 
2025-09-22 23:40:36,594 [ERROR] LogOutputStream:75 - [STDERR_REDIRECT] [Fatal Error] :1:1: Premature end of file.
2025-09-22 23:40:36,594 [ERROR] LogOutputStream:75 - [STDERR_REDIRECT] 
2025-09-22 23:40:37,592 [ERROR] LogOutputStream:75 - [STDERR_REDIRECT] [Fatal Error] :1:1: Premature end of file.
2025-09-22 23:40:37,592 [ERROR] LogOutputStream:75 - [STDERR_REDIRECT] 
2025-09-22 23:40:38,595 [ERROR] LogOutputStream:75 - [STDERR_REDIRECT] [Fatal Error] :1:1: Premature end of file.
2025-09-22 23:40:38,596 [ERROR] LogOutputStream:75 - [STDERR_REDIRECT] 
2025-09-22 23:40:39,593 [ERROR] LogOutputStream:75 - [STDERR_REDIRECT] [Fatal Error] :1:1: Premature end of file.
2025-09-22 23:40:39,594 [ERROR] LogOutputStream:75 - [STDERR_REDIRECT] 
2025-09-22 23:40:40,591 [ERROR] LogOutputStream:75 - [STDERR_REDIRECT] [Fatal Error] :1:1: Premature end of file.
2025-09-22 23:40:40,591 [ERROR] LogOutputStream:75 - [STDERR_REDIRECT] 
2025-09-22 23:40:41,595 [ERROR] LogOutputStream:75 - [STDERR_REDIRECT] [Fatal Error] :1:1: Premature end of file.
2025-09-22 23:40:41,595 [ERROR] LogOutputStream:75 - [STDERR_REDIRECT] 
2025-09-22 23:40:42,591 [ERROR] LogOutputStream:75 - [STDERR_REDIRECT] [Fatal Error] :1:1: Premature end of file.
2025-09-22 23:40:42,591 [ERROR] LogOutputStream:75 - [STDERR_REDIRECT] 
2025-09-22 23:40:43,593 [ERROR] LogOutputStream:75 - [STDERR_REDIRECT] [Fatal Error] :1:1: Premature end of file.
2025-09-22 23:40:43,593 [ERROR] LogOutputStream:75 - [STDERR_REDIRECT] 
2025-09-22 23:40:44,592 [ERROR] LogOutputStream:75 - [STDERR_REDIRECT] [Fatal Error] :1:1: Premature end of file.
2025-09-22 23:40:44,592 [ERROR] LogOutputStream:75 - [STDERR_REDIRECT] 
2025-09-22 23:40:45,600 [ERROR] LogOutputStream:75 - [STDERR_REDIRECT] [Fatal Error] :1:1: Premature end of file.
2025-09-22 23:40:45,600 [ERROR] LogOutputStream:75 - [STDERR_REDIRECT] 
2025-09-22 23:40:46,597 [ERROR] LogOutputStream:75 - [STDERR_REDIRECT] [Fatal Error] :1:1: Premature end of file.
2025-09-22 23:40:46,597 [ERROR] LogOutputStream:75 - [STDERR_REDIRECT] 
2025-09-22 23:40:47,599 [ERROR] LogOutputStream:75 - [STDERR_REDIRECT] [Fatal Error] :1:1: Premature end of file.
2025-09-22 23:40:47,599 [ERROR] LogOutputStream:75 - [STDERR_REDIRECT] 
2025-09-22 23:40:48,595 [ERROR] LogOutputStream:75 - [STDERR_REDIRECT] [Fatal Error] :1:1: Premature end of file.
2025-09-22 23:40:48,595 [ERROR] LogOutputStream:75 - [STDERR_REDIRECT] 
2025-09-22 23:40:49,595 [ERROR] LogOutputStream:75 - [STDERR_REDIRECT] [Fatal Error] :1:1: Premature end of file.
2025-09-22 23:40:49,595 [ERROR] LogOutputStream:75 - [STDERR_REDIRECT] 
2025-09-22 23:40:50,593 [ERROR] LogOutputStream:75 - [STDERR_REDIRECT] [Fatal Error] :1:1: Premature end of file.
2025-09-22 23:40:50,594 [ERROR] LogOutputStream:75 - [STDERR_REDIRECT] 
2025-09-22 23:40:51,594 [ERROR] LogOutputStream:75 - [STDERR_REDIRECT] [Fatal Error] :1:1: Premature end of file.
2025-09-22 23:40:51,595 [ERROR] LogOutputStream:75 - [STDERR_REDIRECT] 
2025-09-22 23:40:52,594 [ERROR] LogOutputStream:75 - [STDERR_REDIRECT] [Fatal Error] :1:1: Premature end of file.
2025-09-22 23:40:52,594 [ERROR] LogOutputStream:75 - [STDERR_REDIRECT] 
2025-09-22 23:40:53,589 [ERROR] LogOutputStream:75 - [STDERR_REDIRECT] [Fatal Error] :1:1: Premature end of file.
2025-09-22 23:40:53,590 [ERROR] LogOutputStream:75 - [STDERR_REDIRECT] 
2025-09-22 23:40:54,593 [ERROR] LogOutputStream:75 - [STDERR_REDIRECT] [Fatal Error] :1:1: Premature end of file.
2025-09-22 23:40:54,594 [ERROR] LogOutputStream:75 - [STDERR_REDIRECT] 
2025-09-22 23:40:55,591 [ERROR] LogOutputStream:75 - [STDERR_REDIRECT] [Fatal Error] :1:1: Premature end of file.
2025-09-22 23:40:55,591 [ERROR] LogOutputStream:75 - [STDERR_REDIRECT] 
2025-09-22 23:40:56,599 [ERROR] LogOutputStream:75 - [STDERR_REDIRECT] [Fatal Error] :1:1: Premature end of file.
2025-09-22 23:40:56,599 [ERROR] LogOutputStream:75 - [STDERR_REDIRECT] 
2025-09-22 23:40:57,593 [ERROR] LogOutputStream:75 - [STDERR_REDIRECT] [Fatal Error] :1:1: Premature end of file.
2025-09-22 23:40:57,593 [ERROR] LogOutputStream:75 - [STDERR_REDIRECT] 
2025-09-22 23:40:58,594 [ERROR] LogOutputStream:75 - [STDERR_REDIRECT] [Fatal Error] :1:1: Premature end of file.
2025-09-22 23:40:58,595 [ERROR] LogOutputStream:75 - [STDERR_REDIRECT] 
2025-09-22 23:40:59,594 [ERROR] LogOutputStream:75 - [STDERR_REDIRECT] [Fatal Error] :1:1: Premature end of file.
2025-09-22 23:40:59,594 [ERROR] LogOutputStream:75 - [STDERR_REDIRECT] 
2025-09-22 23:41:00,593 [ERROR] LogOutputStream:75 - [STDERR_REDIRECT] [Fatal Error] :1:1: Premature end of file.
2025-09-22 23:41:00,594 [ERROR] LogOutputStream:75 - [STDERR_REDIRECT] 
2025-09-22 23:41:01,593 [ERROR] LogOutputStream:75 - [STDERR_REDIRECT] [Fatal Error] :1:1: Premature end of file.
2025-09-22 23:41:01,593 [ERROR] LogOutputStream:75 - [STDERR_REDIRECT] 
2025-09-22 23:41:02,591 [ERROR] LogOutputStream:75 - [STDERR_REDIRECT] [Fatal Error] :1:1: Premature end of file.
2025-09-22 23:41:02,592 [ERROR] LogOutputStream:75 - [STDERR_REDIRECT] 
2025-09-22 23:41:03,595 [ERROR] LogOutputStream:75 - [STDERR_REDIRECT] [Fatal Error] :1:1: Premature end of file.
2025-09-22 23:41:03,596 [ERROR] LogOutputStream:75 - [STDERR_REDIRECT] 
2025-09-22 23:41:04,591 [ERROR] LogOutputStream:75 - [STDERR_REDIRECT] [Fatal Error] :1:1: Premature end of file.
2025-09-22 23:41:04,591 [ERROR] LogOutputStream:75 - [STDERR_REDIRECT] 
2025-09-22 23:41:05,592 [ERROR] LogOutputStream:75 - [STDERR_REDIRECT] [Fatal Error] :1:1: Premature end of file.
2025-09-22 23:41:05,593 [ERROR] LogOutputStream:75 - [STDERR_REDIRECT] 
2025-09-22 23:41:06,597 [ERROR] LogOutputStream:75 - [STDERR_REDIRECT] [Fatal Error] :1:1: Premature end of file.
2025-09-22 23:41:06,597 [ERROR] LogOutputStream:75 - [STDERR_REDIRECT] 
2025-09-22 23:41:07,591 [ERROR] LogOutputStream:75 - [STDERR_REDIRECT] [Fatal Error] :1:1: Premature end of file.
2025-09-22 23:41:07,591 [ERROR] LogOutputStream:75 - [STDERR_REDIRECT] 
2025-09-22 23:41:08,592 [ERROR] LogOutputStream:75 - [STDERR_REDIRECT] [Fatal Error] :1:1: Premature end of file.
2025-09-22 23:41:08,593 [ERROR] LogOutputStream:75 - [STDERR_REDIRECT] 
2025-09-22 23:41:09,592 [ERROR] LogOutputStream:75 - [STDERR_REDIRECT] [Fatal Error] :1:1: Premature end of file.
2025-09-22 23:41:09,593 [ERROR] LogOutputStream:75 - [STDERR_REDIRECT] 
2025-09-22 23:41:10,597 [ERROR] LogOutputStream:75 - [STDERR_REDIRECT] [Fatal Error] :1:1: Premature end of file.
2025-09-22 23:41:10,597 [ERROR] LogOutputStream:75 - [STDERR_REDIRECT] 
2025-09-22 23:41:11,592 [ERROR] LogOutputStream:75 - [STDERR_REDIRECT] [Fatal Error] :1:1: Premature end of file.
2025-09-22 23:41:11,592 [ERROR] LogOutputStream:75 - [STDERR_REDIRECT] 
2025-09-22 23:41:12,593 [ERROR] LogOutputStream:75 - [STDERR_REDIRECT] [Fatal Error] :1:1: Premature end of file.
2025-09-22 23:41:12,594 [ERROR] LogOutputStream:75 - [STDERR_REDIRECT] 
2025-09-22 23:41:13,594 [ERROR] LogOutputStream:75 - [STDERR_REDIRECT] [Fatal Error] :1:1: Premature end of file.
2025-09-22 23:41:13,595 [ERROR] LogOutputStream:75 - [STDERR_REDIRECT] 
2025-09-22 23:41:14,593 [ERROR] LogOutputStream:75 - [STDERR_REDIRECT] [Fatal Error] :1:1: Premature end of file.
2025-09-22 23:41:14,593 [ERROR] LogOutputStream:75 - [STDERR_REDIRECT] 
2025-09-22 23:41:15,590 [ERROR] LogOutputStream:75 - [STDERR_REDIRECT] [Fatal Error] :1:1: Premature end of file.
2025-09-22 23:41:15,591 [ERROR] LogOutputStream:75 - [STDERR_REDIRECT] 
2025-09-22 23:41:16,593 [ERROR] LogOutputStream:75 - [STDERR_REDIRECT] [Fatal Error] :1:1: Premature end of file.
2025-09-22 23:41:16,593 [ERROR] LogOutputStream:75 - [STDERR_REDIRECT] 
2025-09-22 23:41:17,594 [ERROR] LogOutputStream:75 - [STDERR_REDIRECT] [Fatal Error] :1:1: Premature end of file.
2025-09-22 23:41:17,594 [ERROR] LogOutputStream:75 - [STDERR_REDIRECT] 
2025-09-22 23:41:18,591 [ERROR] LogOutputStream:75 - [STDERR_REDIRECT] [Fatal Error] :1:1: Premature end of file.
2025-09-22 23:41:18,592 [ERROR] LogOutputStream:75 - [STDERR_REDIRECT] 
2025-09-22 23:41:19,592 [ERROR] LogOutputStream:75 - [STDERR_REDIRECT] [Fatal Error] :1:1: Premature end of file.
2025-09-22 23:41:19,592 [ERROR] LogOutputStream:75 - [STDERR_REDIRECT] 
2025-09-22 23:41:20,596 [ERROR] LogOutputStream:75 - [STDERR_REDIRECT] [Fatal Error] :1:1: Premature end of file.
2025-09-22 23:41:20,596 [ERROR] LogOutputStream:75 - [STDERR_REDIRECT] 
2025-09-22 23:41:21,594 [ERROR] LogOutputStream:75 - [STDERR_REDIRECT] [Fatal Error] :1:1: Premature end of file.
2025-09-22 23:41:21,595 [ERROR] LogOutputStream:75 - [STDERR_REDIRECT] 
2025-09-22 23:41:22,595 [ERROR] LogOutputStream:75 - [STDERR_REDIRECT] [Fatal Error] :1:1: Premature end of file.
2025-09-22 23:41:22,596 [ERROR] LogOutputStream:75 - [STDERR_REDIRECT] 
2025-09-22 23:41:23,595 [ERROR] LogOutputStream:75 - [STDERR_REDIRECT] [Fatal Error] :1:1: Premature end of file.
2025-09-22 23:41:23,596 [ERROR] LogOutputStream:75 - [STDERR_REDIRECT] 
2025-09-22 23:41:24,592 [ERROR] LogOutputStream:75 - [STDERR_REDIRECT] [Fatal Error] :1:1: Premature end of file.
2025-09-22 23:41:24,592 [ERROR] LogOutputStream:75 - [STDERR_REDIRECT] 
2025-09-22 23:41:25,592 [ERROR] LogOutputStream:75 - [STDERR_REDIRECT] [Fatal Error] :1:1: Premature end of file.
2025-09-22 23:41:25,593 [ERROR] LogOutputStream:75 - [STDERR_REDIRECT] 
2025-09-22 23:41:26,594 [ERROR] LogOutputStream:75 - [STDERR_REDIRECT] [Fatal Error] :1:1: Premature end of file.
2025-09-22 23:41:26,594 [ERROR] LogOutputStream:75 - [STDERR_REDIRECT] 
2025-09-22 23:41:27,593 [ERROR] LogOutputStream:75 - [STDERR_REDIRECT] [Fatal Error] :1:1: Premature end of file.
2025-09-22 23:41:27,593 [ERROR] LogOutputStream:75 - [STDERR_REDIRECT] 
2025-09-22 23:41:28,599 [ERROR] LogOutputStream:75 - [STDERR_REDIRECT] [Fatal Error] :1:1: Premature end of file.
2025-09-22 23:41:28,599 [ERROR] LogOutputStream:75 - [STDERR_REDIRECT] 
2025-09-22 23:41:29,593 [ERROR] LogOutputStream:75 - [STDERR_REDIRECT] [Fatal Error] :1:1: Premature end of file.
2025-09-22 23:41:29,593 [ERROR] LogOutputStream:75 - [STDERR_REDIRECT] 
2025-09-22 23:41:30,593 [ERROR] LogOutputStream:75 - [STDERR_REDIRECT] [Fatal Error] :1:1: Premature end of file.
2025-09-22 23:41:30,594 [ERROR] LogOutputStream:75 - [STDERR_REDIRECT] 
2025-09-22 23:41:31,593 [ERROR] LogOutputStream:75 - [STDERR_REDIRECT] [Fatal Error] :1:1: Premature end of file.
2025-09-22 23:41:31,593 [ERROR] LogOutputStream:75 - [STDERR_REDIRECT] 
2025-09-22 23:41:32,592 [ERROR] LogOutputStream:75 - [STDERR_REDIRECT] [Fatal Error] :1:1: Premature end of file.
2025-09-22 23:41:32,592 [ERROR] LogOutputStream:75 - [STDERR_REDIRECT] 
2025-09-22 23:41:33,597 [ERROR] LogOutputStream:75 - [STDERR_REDIRECT] [Fatal Error] :1:1: Premature end of file.
2025-09-22 23:41:33,598 [ERROR] LogOutputStream:75 - [STDERR_REDIRECT] 
2025-09-22 23:41:34,596 [ERROR] LogOutputStream:75 - [STDERR_REDIRECT] [Fatal Error] :1:1: Premature end of file.
2025-09-22 23:41:34,596 [ERROR] LogOutputStream:75 - [STDERR_REDIRECT] 
2025-09-22 23:41:35,594 [ERROR] LogOutputStream:75 - [STDERR_REDIRECT] [Fatal Error] :1:1: Premature end of file.
2025-09-22 23:41:35,594 [ERROR] LogOutputStream:75 - [STDERR_REDIRECT] 
2025-09-22 23:41:36,594 [ERROR] LogOutputStream:75 - [STDERR_REDIRECT] [Fatal Error] :1:1: Premature end of file.
2025-09-22 23:41:36,595 [ERROR] LogOutputStream:75 - [STDERR_REDIRECT] 
2025-09-22 23:41:37,596 [ERROR] LogOutputStream:75 - [STDERR_REDIRECT] [Fatal Error] :1:1: Premature end of file.
2025-09-22 23:41:37,597 [ERROR] LogOutputStream:75 - [STDERR_REDIRECT] 
2025-09-22 23:41:38,591 [ERROR] LogOutputStream:75 - [STDERR_REDIRECT] [Fatal Error] :1:1: Premature end of file.
2025-09-22 23:41:38,592 [ERROR] LogOutputStream:75 - [STDERR_REDIRECT] 
2025-09-22 23:41:39,590 [ERROR] LogOutputStream:75 - [STDERR_REDIRECT] [Fatal Error] :1:1: Premature end of file.
2025-09-22 23:41:39,591 [ERROR] LogOutputStream:75 - [STDERR_REDIRECT] 
2025-09-22 23:41:40,593 [ERROR] LogOutputStream:75 - [STDERR_REDIRECT] [Fatal Error] :1:1: Premature end of file.
2025-09-22 23:41:40,593 [ERROR] LogOutputStream:75 - [STDERR_REDIRECT] 
2025-09-22 23:41:41,591 [ERROR] LogOutputStream:75 - [STDERR_REDIRECT] [Fatal Error] :1:1: Premature end of file.
2025-09-22 23:41:41,591 [ERROR] LogOutputStream:75 - [STDERR_REDIRECT] 
2025-09-22 23:41:42,592 [ERROR] LogOutputStream:75 - [STDERR_REDIRECT] [Fatal Error] :1:1: Premature end of file.
2025-09-22 23:41:42,592 [ERROR] LogOutputStream:75 - [STDERR_REDIRECT] 
2025-09-22 23:41:43,595 [ERROR] LogOutputStream:75 - [STDERR_REDIRECT] [Fatal Error] :1:1: Premature end of file.
2025-09-22 23:41:43,595 [ERROR] LogOutputStream:75 - [STDERR_REDIRECT] 
2025-09-22 23:41:44,593 [ERROR] LogOutputStream:75 - [STDERR_REDIRECT] [Fatal Error] :1:1: Premature end of file.
2025-09-22 23:41:44,593 [ERROR] LogOutputStream:75 - [STDERR_REDIRECT] 
2025-09-22 23:41:45,596 [ERROR] LogOutputStream:75 - [STDERR_REDIRECT] [Fatal Error] :1:1: Premature end of file.
2025-09-22 23:41:45,596 [ERROR] LogOutputStream:75 - [STDERR_REDIRECT] 
2025-09-22 23:41:46,593 [ERROR] LogOutputStream:75 - [STDERR_REDIRECT] [Fatal Error] :1:1: Premature end of file.
2025-09-22 23:41:46,593 [ERROR] LogOutputStream:75 - [STDERR_REDIRECT] 
2025-09-22 23:41:47,593 [ERROR] LogOutputStream:75 - [STDERR_REDIRECT] [Fatal Error] :1:1: Premature end of file.
2025-09-22 23:41:47,593 [ERROR] LogOutputStream:75 - [STDERR_REDIRECT] 
2025-09-22 23:41:48,595 [ERROR] LogOutputStream:75 - [STDERR_REDIRECT] [Fatal Error] :1:1: Premature end of file.
2025-09-22 23:41:48,595 [ERROR] LogOutputStream:75 - [STDERR_REDIRECT] 
2025-09-22 23:41:49,589 [ERROR] LogOutputStream:75 - [STDERR_REDIRECT] [Fatal Error] :1:1: Premature end of file.
2025-09-22 23:41:49,589 [ERROR] LogOutputStream:75 - [STDERR_REDIRECT] 
2025-09-22 23:41:50,594 [ERROR] LogOutputStream:75 - [STDERR_REDIRECT] [Fatal Error] :1:1: Premature end of file.
2025-09-22 23:41:50,594 [ERROR] LogOutputStream:75 - [STDERR_REDIRECT] 
2025-09-22 23:41:51,598 [ERROR] LogOutputStream:75 - [STDERR_REDIRECT] [Fatal Error] :1:1: Premature end of file.
2025-09-22 23:41:51,598 [ERROR] LogOutputStream:75 - [STDERR_REDIRECT] 
2025-09-22 23:41:52,593 [ERROR] LogOutputStream:75 - [STDERR_REDIRECT] [Fatal Error] :1:1: Premature end of file.
2025-09-22 23:41:52,594 [ERROR] LogOutputStream:75 - [STDERR_REDIRECT] 
2025-09-22 23:41:53,593 [ERROR] LogOutputStream:75 - [STDERR_REDIRECT] [Fatal Error] :1:1: Premature end of file.
2025-09-22 23:41:53,593 [ERROR] LogOutputStream:75 - [STDERR_REDIRECT] 
2025-09-22 23:41:54,593 [ERROR] LogOutputStream:75 - [STDERR_REDIRECT] [Fatal Error] :1:1: Premature end of file.
2025-09-22 23:41:54,593 [ERROR] LogOutputStream:75 - [STDERR_REDIRECT] 
2025-09-22 23:41:55,594 [ERROR] LogOutputStream:75 - [STDERR_REDIRECT] [Fatal Error] :1:1: Premature end of file.
2025-09-22 23:41:55,594 [ERROR] LogOutputStream:75 - [STDERR_REDIRECT] 
2025-09-22 23:41:56,613 [ERROR] LogOutputStream:75 - [STDERR_REDIRECT] [Fatal Error] :1:1: Premature end of file.
2025-09-22 23:41:56,614 [ERROR] LogOutputStream:75 - [STDERR_REDIRECT] 
2025-09-22 23:41:57,603 [ERROR] LogOutputStream:75 - [STDERR_REDIRECT] [Fatal Error] :1:1: Premature end of file.
2025-09-22 23:41:57,603 [ERROR] LogOutputStream:75 - [STDERR_REDIRECT] 
2025-09-22 23:41:58,596 [ERROR] LogOutputStream:75 - [STDERR_REDIRECT] [Fatal Error] :1:1: Premature end of file.
2025-09-22 23:41:58,596 [ERROR] LogOutputStream:75 - [STDERR_REDIRECT] 
2025-09-22 23:41:59,593 [ERROR] LogOutputStream:75 - [STDERR_REDIRECT] [Fatal Error] :1:1: Premature end of file.
2025-09-22 23:41:59,594 [ERROR] LogOutputStream:75 - [STDERR_REDIRECT] 
2025-09-22 23:42:00,596 [ERROR] LogOutputStream:75 - [STDERR_REDIRECT] [Fatal Error] :1:1: Premature end of file.
2025-09-22 23:42:00,596 [ERROR] LogOutputStream:75 - [STDERR_REDIRECT] 
2025-09-22 23:42:01,594 [ERROR] LogOutputStream:75 - [STDERR_REDIRECT] [Fatal Error] :1:1: Premature end of file.
2025-09-22 23:42:01,594 [ERROR] LogOutputStream:75 - [STDERR_REDIRECT] 
2025-09-22 23:42:02,593 [ERROR] LogOutputStream:75 - [STDERR_REDIRECT] [Fatal Error] :1:1: Premature end of file.
2025-09-22 23:42:02,593 [ERROR] LogOutputStream:75 - [STDERR_REDIRECT] 
2025-09-22 23:42:03,595 [ERROR] LogOutputStream:75 - [STDERR_REDIRECT] [Fatal Error] :1:1: Premature end of file.
2025-09-22 23:42:03,595 [ERROR] LogOutputStream:75 - [STDERR_REDIRECT] 
2025-09-22 23:42:04,594 [ERROR] LogOutputStream:75 - [STDERR_REDIRECT] [Fatal Error] :1:1: Premature end of file.
2025-09-22 23:42:04,594 [ERROR] LogOutputStream:75 - [STDERR_REDIRECT] 
2025-09-22 23:42:05,597 [ERROR] LogOutputStream:75 - [STDERR_REDIRECT] [Fatal Error] :1:1: Premature end of file.
2025-09-22 23:42:05,597 [ERROR] LogOutputStream:75 - [STDERR_REDIRECT] 
2025-09-22 23:42:06,594 [ERROR] LogOutputStream:75 - [STDERR_REDIRECT] [Fatal Error] :1:1: Premature end of file.
2025-09-22 23:42:06,594 [ERROR] LogOutputStream:75 - [STDERR_REDIRECT] 
2025-09-22 23:42:07,594 [ERROR] LogOutputStream:75 - [STDERR_REDIRECT] [Fatal Error] :1:1: Premature end of file.
2025-09-22 23:42:07,594 [ERROR] LogOutputStream:75 - [STDERR_REDIRECT] 
2025-09-22 23:42:08,595 [ERROR] LogOutputStream:75 - [STDERR_REDIRECT] [Fatal Error] :1:1: Premature end of file.
2025-09-22 23:42:08,596 [ERROR] LogOutputStream:75 - [STDERR_REDIRECT] 
2025-09-22 23:42:09,594 [ERROR] LogOutputStream:75 - [STDERR_REDIRECT] [Fatal Error] :1:1: Premature end of file.
2025-09-22 23:42:09,595 [ERROR] LogOutputStream:75 - [STDERR_REDIRECT] 
2025-09-22 23:42:10,592 [ERROR] LogOutputStream:75 - [STDERR_REDIRECT] [Fatal Error] :1:1: Premature end of file.
2025-09-22 23:42:10,592 [ERROR] LogOutputStream:75 - [STDERR_REDIRECT] 
2025-09-22 23:42:11,595 [ERROR] LogOutputStream:75 - [STDERR_REDIRECT] [Fatal Error] :1:1: Premature end of file.
2025-09-22 23:42:11,595 [ERROR] LogOutputStream:75 - [STDERR_REDIRECT] 
2025-09-22 23:42:12,593 [ERROR] LogOutputStream:75 - [STDERR_REDIRECT] [Fatal Error] :1:1: Premature end of file.
2025-09-22 23:42:12,593 [ERROR] LogOutputStream:75 - [STDERR_REDIRECT] 
2025-09-22 23:42:13,591 [ERROR] LogOutputStream:75 - [STDERR_REDIRECT] [Fatal Error] :1:1: Premature end of file.
2025-09-22 23:42:13,591 [ERROR] LogOutputStream:75 - [STDERR_REDIRECT] 
2025-09-22 23:42:14,592 [ERROR] LogOutputStream:75 - [STDERR_REDIRECT] [Fatal Error] :1:1: Premature end of file.
2025-09-22 23:42:14,592 [ERROR] LogOutputStream:75 - [STDERR_REDIRECT] 
2025-09-22 23:42:15,594 [ERROR] LogOutputStream:75 - [STDERR_REDIRECT] [Fatal Error] :1:1: Premature end of file.
2025-09-22 23:42:15,594 [ERROR] LogOutputStream:75 - [STDERR_REDIRECT] 
2025-09-22 23:42:16,593 [ERROR] LogOutputStream:75 - [STDERR_REDIRECT] [Fatal Error] :1:1: Premature end of file.
2025-09-22 23:42:16,594 [ERROR] LogOutputStream:75 - [STDERR_REDIRECT] 
2025-09-22 23:42:17,592 [ERROR] LogOutputStream:75 - [STDERR_REDIRECT] [Fatal Error] :1:1: Premature end of file.
2025-09-22 23:42:17,593 [ERROR] LogOutputStream:75 - [STDERR_REDIRECT] 
2025-09-22 23:42:18,595 [ERROR] LogOutputStream:75 - [STDERR_REDIRECT] [Fatal Error] :1:1: Premature end of file.
2025-09-22 23:42:18,596 [ERROR] LogOutputStream:75 - [STDERR_REDIRECT] 
2025-09-22 23:42:19,596 [ERROR] LogOutputStream:75 - [STDERR_REDIRECT] [Fatal Error] :1:1: Premature end of file.
2025-09-22 23:42:19,596 [ERROR] LogOutputStream:75 - [STDERR_REDIRECT] 
2025-09-22 23:42:20,593 [ERROR] LogOutputStream:75 - [STDERR_REDIRECT] [Fatal Error] :1:1: Premature end of file.
2025-09-22 23:42:20,593 [ERROR] LogOutputStream:75 - [STDERR_REDIRECT] 
2025-09-22 23:42:21,594 [ERROR] LogOutputStream:75 - [STDERR_REDIRECT] [Fatal Error] :1:1: Premature end of file.
2025-09-22 23:42:21,595 [ERROR] LogOutputStream:75 - [STDERR_REDIRECT] 
2025-09-22 23:42:22,597 [ERROR] LogOutputStream:75 - [STDERR_REDIRECT] [Fatal Error] :1:1: Premature end of file.
2025-09-22 23:42:22,597 [ERROR] LogOutputStream:75 - [STDERR_REDIRECT] 
2025-09-22 23:42:23,596 [ERROR] LogOutputStream:75 - [STDERR_REDIRECT] [Fatal Error] :1:1: Premature end of file.
2025-09-22 23:42:23,597 [ERROR] LogOutputStream:75 - [STDERR_REDIRECT] 
2025-09-22 23:42:24,594 [ERROR] LogOutputStream:75 - [STDERR_REDIRECT] [Fatal Error] :1:1: Premature end of file.
2025-09-22 23:42:24,595 [ERROR] LogOutputStream:75 - [STDERR_REDIRECT] 
2025-09-22 23:42:25,591 [ERROR] LogOutputStream:75 - [STDERR_REDIRECT] [Fatal Error] :1:1: Premature end of file.
2025-09-22 23:42:25,591 [ERROR] LogOutputStream:75 - [STDERR_REDIRECT] 
2025-09-22 23:42:26,595 [ERROR] LogOutputStream:75 - [STDERR_REDIRECT] [Fatal Error] :1:1: Premature end of file.
2025-09-22 23:42:26,595 [ERROR] LogOutputStream:75 - [STDERR_REDIRECT] 
2025-09-22 23:42:27,592 [ERROR] LogOutputStream:75 - [STDERR_REDIRECT] [Fatal Error] :1:1: Premature end of file.
2025-09-22 23:42:27,593 [ERROR] LogOutputStream:75 - [STDERR_REDIRECT] 
2025-09-22 23:42:28,592 [ERROR] LogOutputStream:75 - [STDERR_REDIRECT] [Fatal Error] :1:1: Premature end of file.
2025-09-22 23:42:28,593 [ERROR] LogOutputStream:75 - [STDERR_REDIRECT] 
2025-09-22 23:42:29,596 [ERROR] LogOutputStream:75 - [STDERR_REDIRECT] [Fatal Error] :1:1: Premature end of file.
2025-09-22 23:42:29,596 [ERROR] LogOutputStream:75 - [STDERR_REDIRECT] 
2025-09-22 23:42:30,596 [ERROR] LogOutputStream:75 - [STDERR_REDIRECT] [Fatal Error] :1:1: Premature end of file.
2025-09-22 23:42:30,596 [ERROR] LogOutputStream:75 - [STDERR_REDIRECT] 
2025-09-22 23:42:31,597 [ERROR] LogOutputStream:75 - [STDERR_REDIRECT] [Fatal Error] :1:1: Premature end of file.
2025-09-22 23:42:31,597 [ERROR] LogOutputStream:75 - [STDERR_REDIRECT] 
2025-09-22 23:42:32,595 [ERROR] LogOutputStream:75 - [STDERR_REDIRECT] [Fatal Error] :1:1: Premature end of file.
2025-09-22 23:42:32,595 [ERROR] LogOutputStream:75 - [STDERR_REDIRECT] 
2025-09-22 23:42:33,593 [ERROR] LogOutputStream:75 - [STDERR_REDIRECT] [Fatal Error] :1:1: Premature end of file.
2025-09-22 23:42:33,593 [ERROR] LogOutputStream:75 - [STDERR_REDIRECT] 
2025-09-22 23:42:34,596 [ERROR] LogOutputStream:75 - [STDERR_REDIRECT] [Fatal Error] :1:1: Premature end of file.
2025-09-22 23:42:34,597 [ERROR] LogOutputStream:75 - [STDERR_REDIRECT] 
2025-09-22 23:42:35,592 [ERROR] LogOutputStream:75 - [STDERR_REDIRECT] [Fatal Error] :1:1: Premature end of file.
2025-09-22 23:42:35,592 [ERROR] LogOutputStream:75 - [STDERR_REDIRECT] 
2025-09-22 23:42:36,593 [ERROR] LogOutputStream:75 - [STDERR_REDIRECT] [Fatal Error] :1:1: Premature end of file.
2025-09-22 23:42:36,593 [ERROR] LogOutputStream:75 - [STDERR_REDIRECT] 
2025-09-22 23:42:37,595 [ERROR] LogOutputStream:75 - [STDERR_REDIRECT] [Fatal Error] :1:1: Premature end of file.
2025-09-22 23:42:37,595 [ERROR] LogOutputStream:75 - [STDERR_REDIRECT] 
2025-09-22 23:42:38,597 [ERROR] LogOutputStream:75 - [STDERR_REDIRECT] [Fatal Error] :1:1: Premature end of file.
2025-09-22 23:42:38,597 [ERROR] LogOutputStream:75 - [STDERR_REDIRECT] 
2025-09-22 23:42:39,599 [ERROR] LogOutputStream:75 - [STDERR_REDIRECT] [Fatal Error] :1:1: Premature end of file.
2025-09-22 23:42:39,600 [ERROR] LogOutputStream:75 - [STDERR_REDIRECT] 
2025-09-22 23:42:40,595 [ERROR] LogOutputStream:75 - [STDERR_REDIRECT] [Fatal Error] :1:1: Premature end of file.
2025-09-22 23:42:40,595 [ERROR] LogOutputStream:75 - [STDERR_REDIRECT] 
2025-09-22 23:42:41,597 [ERROR] LogOutputStream:75 - [STDERR_REDIRECT] [Fatal Error] :1:1: Premature end of file.
2025-09-22 23:42:41,597 [ERROR] LogOutputStream:75 - [STDERR_REDIRECT] 
2025-09-22 23:42:42,592 [ERROR] LogOutputStream:75 - [STDERR_REDIRECT] [Fatal Error] :1:1: Premature end of file.
2025-09-22 23:42:42,592 [ERROR] LogOutputStream:75 - [STDERR_REDIRECT] 
2025-09-22 23:42:43,591 [ERROR] LogOutputStream:75 - [STDERR_REDIRECT] [Fatal Error] :1:1: Premature end of file.
2025-09-22 23:42:43,592 [ERROR] LogOutputStream:75 - [STDERR_REDIRECT] 
2025-09-22 23:42:44,593 [ERROR] LogOutputStream:75 - [STDERR_REDIRECT] [Fatal Error] :1:1: Premature end of file.
2025-09-22 23:42:44,593 [ERROR] LogOutputStream:75 - [STDERR_REDIRECT] 
2025-09-22 23:42:45,595 [ERROR] LogOutputStream:75 - [STDERR_REDIRECT] [Fatal Error] :1:1: Premature end of file.
2025-09-22 23:42:45,595 [ERROR] LogOutputStream:75 - [STDERR_REDIRECT] 
2025-09-22 23:42:46,593 [ERROR] LogOutputStream:75 - [STDERR_REDIRECT] [Fatal Error] :1:1: Premature end of file.
2025-09-22 23:42:46,593 [ERROR] LogOutputStream:75 - [STDERR_REDIRECT] 
2025-09-22 23:42:47,593 [ERROR] LogOutputStream:75 - [STDERR_REDIRECT] [Fatal Error] :1:1: Premature end of file.
2025-09-22 23:42:47,594 [ERROR] LogOutputStream:75 - [STDERR_REDIRECT] 
2025-09-22 23:42:48,595 [ERROR] LogOutputStream:75 - [STDERR_REDIRECT] [Fatal Error] :1:1: Premature end of file.
2025-09-22 23:42:48,595 [ERROR] LogOutputStream:75 - [STDERR_REDIRECT] 
2025-09-22 23:42:49,595 [ERROR] LogOutputStream:75 - [STDERR_REDIRECT] [Fatal Error] :1:1: Premature end of file.
2025-09-22 23:42:49,595 [ERROR] LogOutputStream:75 - [STDERR_REDIRECT] 
2025-09-22 23:42:50,599 [ERROR] LogOutputStream:75 - [STDERR_REDIRECT] [Fatal Error] :1:1: Premature end of file.
2025-09-22 23:42:50,599 [ERROR] LogOutputStream:75 - [STDERR_REDIRECT] 
2025-09-22 23:42:51,596 [ERROR] LogOutputStream:75 - [STDERR_REDIRECT] [Fatal Error] :1:1: Premature end of file.
2025-09-22 23:42:51,597 [ERROR] LogOutputStream:75 - [STDERR_REDIRECT] 
2025-09-22 23:42:52,600 [ERROR] LogOutputStream:75 - [STDERR_REDIRECT] [Fatal Error] :1:1: Premature end of file.
2025-09-22 23:42:52,600 [ERROR] LogOutputStream:75 - [STDERR_REDIRECT] 
2025-09-22 23:42:53,594 [ERROR] LogOutputStream:75 - [STDERR_REDIRECT] [Fatal Error] :1:1: Premature end of file.
2025-09-22 23:42:53,594 [ERROR] LogOutputStream:75 - [STDERR_REDIRECT] 
2025-09-22 23:42:54,594 [ERROR] LogOutputStream:75 - [STDERR_REDIRECT] [Fatal Error] :1:1: Premature end of file.
2025-09-22 23:42:54,594 [ERROR] LogOutputStream:75 - [STDERR_REDIRECT] 
2025-09-22 23:42:55,595 [ERROR] LogOutputStream:75 - [STDERR_REDIRECT] [Fatal Error] :1:1: Premature end of file.
2025-09-22 23:42:55,595 [ERROR] LogOutputStream:75 - [STDERR_REDIRECT] 
2025-09-22 23:42:56,594 [ERROR] LogOutputStream:75 - [STDERR_REDIRECT] [Fatal Error] :1:1: Premature end of file.
2025-09-22 23:42:56,595 [ERROR] LogOutputStream:75 - [STDERR_REDIRECT] 
2025-09-22 23:42:57,600 [ERROR] LogOutputStream:75 - [STDERR_REDIRECT] [Fatal Error] :1:1: Premature end of file.
2025-09-22 23:42:57,600 [ERROR] LogOutputStream:75 - [STDERR_REDIRECT] 
2025-09-22 23:42:58,593 [ERROR] LogOutputStream:75 - [STDERR_REDIRECT] [Fatal Error] :1:1: Premature end of file.
2025-09-22 23:42:58,593 [ERROR] LogOutputStream:75 - [STDERR_REDIRECT] 
2025-09-22 23:42:59,593 [ERROR] LogOutputStream:75 - [STDERR_REDIRECT] [Fatal Error] :1:1: Premature end of file.
2025-09-22 23:42:59,593 [ERROR] LogOutputStream:75 - [STDERR_REDIRECT] 
2025-09-22 23:43:00,594 [ERROR] LogOutputStream:75 - [STDERR_REDIRECT] [Fatal Error] :1:1: Premature end of file.
2025-09-22 23:43:00,594 [ERROR] LogOutputStream:75 - [STDERR_REDIRECT] 
2025-09-22 23:43:01,595 [ERROR] LogOutputStream:75 - [STDERR_REDIRECT] [Fatal Error] :1:1: Premature end of file.
2025-09-22 23:43:01,596 [ERROR] LogOutputStream:75 - [STDERR_REDIRECT] 
2025-09-22 23:43:02,592 [ERROR] LogOutputStream:75 - [STDERR_REDIRECT] [Fatal Error] :1:1: Premature end of file.
2025-09-22 23:43:02,592 [ERROR] LogOutputStream:75 - [STDERR_REDIRECT] 
2025-09-22 23:43:03,594 [ERROR] LogOutputStream:75 - [STDERR_REDIRECT] [Fatal Error] :1:1: Premature end of file.
2025-09-22 23:43:03,594 [ERROR] LogOutputStream:75 - [STDERR_REDIRECT] 
2025-09-22 23:43:04,594 [ERROR] LogOutputStream:75 - [STDERR_REDIRECT] [Fatal Error] :1:1: Premature end of file.
2025-09-22 23:43:04,594 [ERROR] LogOutputStream:75 - [STDERR_REDIRECT] 
2025-09-22 23:43:05,593 [ERROR] LogOutputStream:75 - [STDERR_REDIRECT] [Fatal Error] :1:1: Premature end of file.
2025-09-22 23:43:05,593 [ERROR] LogOutputStream:75 - [STDERR_REDIRECT] 
2025-09-22 23:43:06,592 [ERROR] LogOutputStream:75 - [STDERR_REDIRECT] [Fatal Error] :1:1: Premature end of file.
2025-09-22 23:43:06,593 [ERROR] LogOutputStream:75 - [STDERR_REDIRECT] 
2025-09-22 23:43:07,593 [ERROR] LogOutputStream:75 - [STDERR_REDIRECT] [Fatal Error] :1:1: Premature end of file.
2025-09-22 23:43:07,593 [ERROR] LogOutputStream:75 - [STDERR_REDIRECT] 
2025-09-22 23:43:08,591 [ERROR] LogOutputStream:75 - [STDERR_REDIRECT] [Fatal Error] :1:1: Premature end of file.
2025-09-22 23:43:08,591 [ERROR] LogOutputStream:75 - [STDERR_REDIRECT] 
2025-09-22 23:43:09,592 [ERROR] LogOutputStream:75 - [STDERR_REDIRECT] [Fatal Error] :1:1: Premature end of file.
2025-09-22 23:43:09,592 [ERROR] LogOutputStream:75 - [STDERR_REDIRECT] 
2025-09-22 23:43:10,599 [ERROR] LogOutputStream:75 - [STDERR_REDIRECT] [Fatal Error] :1:1: Premature end of file.
2025-09-22 23:43:10,599 [ERROR] LogOutputStream:75 - [STDERR_REDIRECT] 
2025-09-22 23:43:11,594 [ERROR] LogOutputStream:75 - [STDERR_REDIRECT] [Fatal Error] :1:1: Premature end of file.
2025-09-22 23:43:11,594 [ERROR] LogOutputStream:75 - [STDERR_REDIRECT] 
2025-09-22 23:43:12,593 [ERROR] LogOutputStream:75 - [STDERR_REDIRECT] [Fatal Error] :1:1: Premature end of file.
2025-09-22 23:43:12,593 [ERROR] LogOutputStream:75 - [STDERR_REDIRECT] 
2025-09-22 23:43:13,593 [ERROR] LogOutputStream:75 - [STDERR_REDIRECT] [Fatal Error] :1:1: Premature end of file.
2025-09-22 23:43:13,593 [ERROR] LogOutputStream:75 - [STDERR_REDIRECT] 
2025-09-22 23:43:14,592 [ERROR] LogOutputStream:75 - [STDERR_REDIRECT] [Fatal Error] :1:1: Premature end of file.
2025-09-22 23:43:14,592 [ERROR] LogOutputStream:75 - [STDERR_REDIRECT] 
2025-09-22 23:43:15,595 [ERROR] LogOutputStream:75 - [STDERR_REDIRECT] [Fatal Error] :1:1: Premature end of file.
2025-09-22 23:43:15,596 [ERROR] LogOutputStream:75 - [STDERR_REDIRECT] 
2025-09-22 23:43:16,596 [ERROR] LogOutputStream:75 - [STDERR_REDIRECT] [Fatal Error] :1:1: Premature end of file.
2025-09-22 23:43:16,597 [ERROR] LogOutputStream:75 - [STDERR_REDIRECT] 
2025-09-22 23:43:17,596 [ERROR] LogOutputStream:75 - [STDERR_REDIRECT] [Fatal Error] :1:1: Premature end of file.
2025-09-22 23:43:17,596 [ERROR] LogOutputStream:75 - [STDERR_REDIRECT] 
2025-09-22 23:43:18,594 [ERROR] LogOutputStream:75 - [STDERR_REDIRECT] [Fatal Error] :1:1: Premature end of file.
2025-09-22 23:43:18,594 [ERROR] LogOutputStream:75 - [STDERR_REDIRECT] 
2025-09-22 23:43:19,595 [ERROR] LogOutputStream:75 - [STDERR_REDIRECT] [Fatal Error] :1:1: Premature end of file.
2025-09-22 23:43:19,595 [ERROR] LogOutputStream:75 - [STDERR_REDIRECT] 
2025-09-22 23:43:20,599 [ERROR] LogOutputStream:75 - [STDERR_REDIRECT] [Fatal Error] :1:1: Premature end of file.
2025-09-22 23:43:20,599 [ERROR] LogOutputStream:75 - [STDERR_REDIRECT] 
2025-09-22 23:43:21,598 [ERROR] LogOutputStream:75 - [STDERR_REDIRECT] [Fatal Error] :1:1: Premature end of file.
2025-09-22 23:43:21,598 [ERROR] LogOutputStream:75 - [STDERR_REDIRECT] 
2025-09-22 23:43:22,601 [ERROR] LogOutputStream:75 - [STDERR_REDIRECT] [Fatal Error] :1:1: Premature end of file.
2025-09-22 23:43:22,602 [ERROR] LogOutputStream:75 - [STDERR_REDIRECT] 
2025-09-22 23:43:23,589 [ERROR] LogOutputStream:75 - [STDERR_REDIRECT] [Fatal Error] :1:1: Premature end of file.
2025-09-22 23:43:23,589 [ERROR] LogOutputStream:75 - [STDERR_REDIRECT] 
2025-09-22 23:43:24,584 [ERROR] LogOutputStream:75 - [STDERR_REDIRECT] [Fatal Error] :1:1: Premature end of file.
2025-09-22 23:43:24,584 [ERROR] LogOutputStream:75 - [STDERR_REDIRECT] 
2025-09-22 23:43:25,595 [ERROR] LogOutputStream:75 - [STDERR_REDIRECT] [Fatal Error] :1:1: Premature end of file.
2025-09-22 23:43:25,596 [ERROR] LogOutputStream:75 - [STDERR_REDIRECT] 
2025-09-22 23:43:26,597 [ERROR] LogOutputStream:75 - [STDERR_REDIRECT] [Fatal Error] :1:1: Premature end of file.
2025-09-22 23:43:26,597 [ERROR] LogOutputStream:75 - [STDERR_REDIRECT] 
2025-09-22 23:43:27,602 [ERROR] LogOutputStream:75 - [STDERR_REDIRECT] [Fatal Error] :1:1: Premature end of file.
2025-09-22 23:43:27,602 [ERROR] LogOutputStream:75 - [STDERR_REDIRECT] 
2025-09-22 23:43:28,596 [ERROR] LogOutputStream:75 - [STDERR_REDIRECT] [Fatal Error] :1:1: Premature end of file.
2025-09-22 23:43:28,596 [ERROR] LogOutputStream:75 - [STDERR_REDIRECT] 
2025-09-22 23:43:29,595 [ERROR] LogOutputStream:75 - [STDERR_REDIRECT] [Fatal Error] :1:1: Premature end of file.
2025-09-22 23:43:29,597 [ERROR] LogOutputStream:75 - [STDERR_REDIRECT] 
2025-09-22 23:43:30,591 [ERROR] LogOutputStream:75 - [STDERR_REDIRECT] [Fatal Error] :1:1: Premature end of file.
2025-09-22 23:43:30,592 [ERROR] LogOutputStream:75 - [STDERR_REDIRECT] 
2025-09-22 23:43:31,592 [ERROR] LogOutputStream:75 - [STDERR_REDIRECT] [Fatal Error] :1:1: Premature end of file.
2025-09-22 23:43:31,592 [ERROR] LogOutputStream:75 - [STDERR_REDIRECT] 
2025-09-22 23:43:32,591 [ERROR] LogOutputStream:75 - [STDERR_REDIRECT] [Fatal Error] :1:1: Premature end of file.
2025-09-22 23:43:32,591 [ERROR] LogOutputStream:75 - [STDERR_REDIRECT] 
2025-09-22 23:43:33,596 [ERROR] LogOutputStream:75 - [STDERR_REDIRECT] [Fatal Error] :1:1: Premature end of file.
2025-09-22 23:43:33,596 [ERROR] LogOutputStream:75 - [STDERR_REDIRECT] 
2025-09-22 23:43:34,595 [ERROR] LogOutputStream:75 - [STDERR_REDIRECT] [Fatal Error] :1:1: Premature end of file.
2025-09-22 23:43:34,595 [ERROR] LogOutputStream:75 - [STDERR_REDIRECT] 
2025-09-22 23:43:35,600 [ERROR] LogOutputStream:75 - [STDERR_REDIRECT] [Fatal Error] :1:1: Premature end of file.
2025-09-22 23:43:35,600 [ERROR] LogOutputStream:75 - [STDERR_REDIRECT] 
2025-09-22 23:43:36,584 [ERROR] LogOutputStream:75 - [STDERR_REDIRECT] [Fatal Error] :1:1: Premature end of file.
2025-09-22 23:43:36,585 [ERROR] LogOutputStream:75 - [STDERR_REDIRECT] 
2025-09-22 23:43:37,594 [ERROR] LogOutputStream:75 - [STDERR_REDIRECT] [Fatal Error] :1:1: Premature end of file.
2025-09-22 23:43:37,594 [ERROR] LogOutputStream:75 - [STDERR_REDIRECT] 
2025-09-22 23:43:38,596 [ERROR] LogOutputStream:75 - [STDERR_REDIRECT] [Fatal Error] :1:1: Premature end of file.
2025-09-22 23:43:38,596 [ERROR] LogOutputStream:75 - [STDERR_REDIRECT] 
2025-09-22 23:43:39,593 [ERROR] LogOutputStream:75 - [STDERR_REDIRECT] [Fatal Error] :1:1: Premature end of file.
2025-09-22 23:43:39,594 [ERROR] LogOutputStream:75 - [STDERR_REDIRECT] 
2025-09-22 23:43:40,595 [ERROR] LogOutputStream:75 - [STDERR_REDIRECT] [Fatal Error] :1:1: Premature end of file.
2025-09-22 23:43:40,595 [ERROR] LogOutputStream:75 - [STDERR_REDIRECT] 
2025-09-22 23:43:41,595 [ERROR] LogOutputStream:75 - [STDERR_REDIRECT] [Fatal Error] :1:1: Premature end of file.
2025-09-22 23:43:41,595 [ERROR] LogOutputStream:75 - [STDERR_REDIRECT] 
2025-09-22 23:43:42,592 [ERROR] LogOutputStream:75 - [STDERR_REDIRECT] [Fatal Error] :1:1: Premature end of file.
2025-09-22 23:43:42,592 [ERROR] LogOutputStream:75 - [STDERR_REDIRECT] 
2025-09-22 23:43:43,599 [ERROR] LogOutputStream:75 - [STDERR_REDIRECT] [Fatal Error] :1:1: Premature end of file.
2025-09-22 23:43:43,599 [ERROR] LogOutputStream:75 - [STDERR_REDIRECT] 
2025-09-22 23:43:44,592 [ERROR] LogOutputStream:75 - [STDERR_REDIRECT] [Fatal Error] :1:1: Premature end of file.
2025-09-22 23:43:44,592 [ERROR] LogOutputStream:75 - [STDERR_REDIRECT] 
2025-09-22 23:43:45,593 [ERROR] LogOutputStream:75 - [STDERR_REDIRECT] [Fatal Error] :1:1: Premature end of file.
2025-09-22 23:43:45,593 [ERROR] LogOutputStream:75 - [STDERR_REDIRECT] 
2025-09-22 23:43:46,593 [ERROR] LogOutputStream:75 - [STDERR_REDIRECT] [Fatal Error] :1:1: Premature end of file.
2025-09-22 23:43:46,593 [ERROR] LogOutputStream:75 - [STDERR_REDIRECT] 
2025-09-22 23:43:47,592 [ERROR] LogOutputStream:75 - [STDERR_REDIRECT] [Fatal Error] :1:1: Premature end of file.
2025-09-22 23:43:47,593 [ERROR] LogOutputStream:75 - [STDERR_REDIRECT] 
2025-09-22 23:43:48,594 [ERROR] LogOutputStream:75 - [STDERR_REDIRECT] [Fatal Error] :1:1: Premature end of file.
2025-09-22 23:43:48,594 [ERROR] LogOutputStream:75 - [STDERR_REDIRECT] 
2025-09-22 23:43:49,598 [ERROR] LogOutputStream:75 - [STDERR_REDIRECT] [Fatal Error] :1:1: Premature end of file.
2025-09-22 23:43:49,598 [ERROR] LogOutputStream:75 - [STDERR_REDIRECT] 
2025-09-22 23:43:50,595 [ERROR] LogOutputStream:75 - [STDERR_REDIRECT] [Fatal Error] :1:1: Premature end of file.
2025-09-22 23:43:50,596 [ERROR] LogOutputStream:75 - [STDERR_REDIRECT] 
2025-09-22 23:43:51,597 [ERROR] LogOutputStream:75 - [STDERR_REDIRECT] [Fatal Error] :1:1: Premature end of file.
2025-09-22 23:43:51,597 [ERROR] LogOutputStream:75 - [STDERR_REDIRECT] 
2025-09-22 23:43:52,595 [ERROR] LogOutputStream:75 - [STDERR_REDIRECT] [Fatal Error] :1:1: Premature end of file.
2025-09-22 23:43:52,595 [ERROR] LogOutputStream:75 - [STDERR_REDIRECT] 
2025-09-22 23:43:53,594 [ERROR] LogOutputStream:75 - [STDERR_REDIRECT] [Fatal Error] :1:1: Premature end of file.
2025-09-22 23:43:53,594 [ERROR] LogOutputStream:75 - [STDERR_REDIRECT] 
2025-09-22 23:43:54,596 [ERROR] LogOutputStream:75 - [STDERR_REDIRECT] [Fatal Error] :1:1: Premature end of file.
2025-09-22 23:43:54,596 [ERROR] LogOutputStream:75 - [STDERR_REDIRECT] 
2025-09-22 23:43:55,595 [ERROR] LogOutputStream:75 - [STDERR_REDIRECT] [Fatal Error] :1:1: Premature end of file.
2025-09-22 23:43:55,596 [ERROR] LogOutputStream:75 - [STDERR_REDIRECT] 
2025-09-22 23:43:56,595 [ERROR] LogOutputStream:75 - [STDERR_REDIRECT] [Fatal Error] :1:1: Premature end of file.
2025-09-22 23:43:56,595 [ERROR] LogOutputStream:75 - [STDERR_REDIRECT] 
2025-09-22 23:43:57,595 [ERROR] LogOutputStream:75 - [STDERR_REDIRECT] [Fatal Error] :1:1: Premature end of file.
2025-09-22 23:43:57,595 [ERROR] LogOutputStream:75 - [STDERR_REDIRECT] 
2025-09-22 23:43:58,596 [ERROR] LogOutputStream:75 - [STDERR_REDIRECT] [Fatal Error] :1:1: Premature end of file.
2025-09-22 23:43:58,596 [ERROR] LogOutputStream:75 - [STDERR_REDIRECT] 
2025-09-22 23:43:59,595 [ERROR] LogOutputStream:75 - [STDERR_REDIRECT] [Fatal Error] :1:1: Premature end of file.
2025-09-22 23:43:59,595 [ERROR] LogOutputStream:75 - [STDERR_REDIRECT] 
2025-09-22 23:44:00,594 [ERROR] LogOutputStream:75 - [STDERR_REDIRECT] [Fatal Error] :1:1: Premature end of file.
2025-09-22 23:44:00,594 [ERROR] LogOutputStream:75 - [STDERR_REDIRECT] 
2025-09-22 23:44:01,593 [ERROR] LogOutputStream:75 - [STDERR_REDIRECT] [Fatal Error] :1:1: Premature end of file.
2025-09-22 23:44:01,593 [ERROR] LogOutputStream:75 - [STDERR_REDIRECT] 
2025-09-22 23:44:02,595 [ERROR] LogOutputStream:75 - [STDERR_REDIRECT] [Fatal Error] :1:1: Premature end of file.
2025-09-22 23:44:02,595 [ERROR] LogOutputStream:75 - [STDERR_REDIRECT] 
2025-09-22 23:44:03,591 [ERROR] LogOutputStream:75 - [STDERR_REDIRECT] [Fatal Error] :1:1: Premature end of file.
2025-09-22 23:44:03,591 [ERROR] LogOutputStream:75 - [STDERR_REDIRECT] 
2025-09-22 23:44:04,593 [ERROR] LogOutputStream:75 - [STDERR_REDIRECT] [Fatal Error] :1:1: Premature end of file.
2025-09-22 23:44:04,593 [ERROR] LogOutputStream:75 - [STDERR_REDIRECT] 
2025-09-22 23:44:05,593 [ERROR] LogOutputStream:75 - [STDERR_REDIRECT] [Fatal Error] :1:1: Premature end of file.
2025-09-22 23:44:05,593 [ERROR] LogOutputStream:75 - [STDERR_REDIRECT] 
2025-09-22 23:44:06,593 [ERROR] LogOutputStream:75 - [STDERR_REDIRECT] [Fatal Error] :1:1: Premature end of file.
2025-09-22 23:44:06,593 [ERROR] LogOutputStream:75 - [STDERR_REDIRECT] 
2025-09-22 23:44:07,594 [ERROR] LogOutputStream:75 - [STDERR_REDIRECT] [Fatal Error] :1:1: Premature end of file.
2025-09-22 23:44:07,594 [ERROR] LogOutputStream:75 - [STDERR_REDIRECT] 
2025-09-22 23:44:08,594 [ERROR] LogOutputStream:75 - [STDERR_REDIRECT] [Fatal Error] :1:1: Premature end of file.
2025-09-22 23:44:08,594 [ERROR] LogOutputStream:75 - [STDERR_REDIRECT] 
2025-09-22 23:44:09,595 [ERROR] LogOutputStream:75 - [STDERR_REDIRECT] [Fatal Error] :1:1: Premature end of file.
2025-09-22 23:44:09,595 [ERROR] LogOutputStream:75 - [STDERR_REDIRECT] 
2025-09-22 23:44:10,592 [ERROR] LogOutputStream:75 - [STDERR_REDIRECT] [Fatal Error] :1:1: Premature end of file.
2025-09-22 23:44:10,593 [ERROR] LogOutputStream:75 - [STDERR_REDIRECT] 
2025-09-22 23:44:11,595 [ERROR] LogOutputStream:75 - [STDERR_REDIRECT] [Fatal Error] :1:1: Premature end of file.
2025-09-22 23:44:11,595 [ERROR] LogOutputStream:75 - [STDERR_REDIRECT] 
2025-09-22 23:44:12,618 [ERROR] LogOutputStream:75 - [STDERR_REDIRECT] [Fatal Error] :1:1: Premature end of file.
2025-09-22 23:44:12,618 [ERROR] LogOutputStream:75 - [STDERR_REDIRECT] 
2025-09-22 23:44:13,620 [ERROR] LogOutputStream:75 - [STDERR_REDIRECT] [Fatal Error] :1:1: Premature end of file.
2025-09-22 23:44:13,620 [ERROR] LogOutputStream:75 - [STDERR_REDIRECT] 
2025-09-22 23:44:14,590 [ERROR] LogOutputStream:75 - [STDERR_REDIRECT] [Fatal Error] :1:1: Premature end of file.
2025-09-22 23:44:14,591 [ERROR] LogOutputStream:75 - [STDERR_REDIRECT] 
2025-09-22 23:44:15,586 [ERROR] LogOutputStream:75 - [STDERR_REDIRECT] [Fatal Error] :1:1: Premature end of file.
2025-09-22 23:44:15,586 [ERROR] LogOutputStream:75 - [STDERR_REDIRECT] 
2025-09-22 23:44:16,595 [ERROR] LogOutputStream:75 - [STDERR_REDIRECT] [Fatal Error] :1:1: Premature end of file.
2025-09-22 23:44:16,596 [ERROR] LogOutputStream:75 - [STDERR_REDIRECT] 
2025-09-22 23:44:17,586 [ERROR] LogOutputStream:75 - [STDERR_REDIRECT] [Fatal Error] :1:1: Premature end of file.
2025-09-22 23:44:17,586 [ERROR] LogOutputStream:75 - [STDERR_REDIRECT] 
2025-09-22 23:44:18,593 [ERROR] LogOutputStream:75 - [STDERR_REDIRECT] [Fatal Error] :1:1: Premature end of file.
2025-09-22 23:44:18,593 [ERROR] LogOutputStream:75 - [STDERR_REDIRECT] 
2025-09-22 23:44:19,597 [ERROR] LogOutputStream:75 - [STDERR_REDIRECT] [Fatal Error] :1:1: Premature end of file.
2025-09-22 23:44:19,597 [ERROR] LogOutputStream:75 - [STDERR_REDIRECT] 
2025-09-22 23:44:20,596 [ERROR] LogOutputStream:75 - [STDERR_REDIRECT] [Fatal Error] :1:1: Premature end of file.
2025-09-22 23:44:20,596 [ERROR] LogOutputStream:75 - [STDERR_REDIRECT] 
2025-09-22 23:44:21,591 [ERROR] LogOutputStream:75 - [STDERR_REDIRECT] [Fatal Error] :1:1: Premature end of file.
2025-09-22 23:44:21,591 [ERROR] LogOutputStream:75 - [STDERR_REDIRECT] 
2025-09-22 23:44:22,597 [ERROR] LogOutputStream:75 - [STDERR_REDIRECT] [Fatal Error] :1:1: Premature end of file.
2025-09-22 23:44:22,597 [ERROR] LogOutputStream:75 - [STDERR_REDIRECT] 
2025-09-22 23:44:23,599 [ERROR] LogOutputStream:75 - [STDERR_REDIRECT] [Fatal Error] :1:1: Premature end of file.
2025-09-22 23:44:23,600 [ERROR] LogOutputStream:75 - [STDERR_REDIRECT] 
2025-09-22 23:44:24,585 [ERROR] LogOutputStream:75 - [STDERR_REDIRECT] [Fatal Error] :1:1: Premature end of file.
2025-09-22 23:44:24,585 [ERROR] LogOutputStream:75 - [STDERR_REDIRECT] 
2025-09-22 23:44:25,583 [ERROR] LogOutputStream:75 - [STDERR_REDIRECT] [Fatal Error] :1:1: Premature end of file.
2025-09-22 23:44:25,584 [ERROR] LogOutputStream:75 - [STDERR_REDIRECT] 
2025-09-22 23:44:26,594 [ERROR] LogOutputStream:75 - [STDERR_REDIRECT] [Fatal Error] :1:1: Premature end of file.
2025-09-22 23:44:26,595 [ERROR] LogOutputStream:75 - [STDERR_REDIRECT] 
2025-09-22 23:44:27,610 [ERROR] LogOutputStream:75 - [STDERR_REDIRECT] [Fatal Error] :1:1: Premature end of file.
2025-09-22 23:44:27,610 [ERROR] LogOutputStream:75 - [STDERR_REDIRECT] 
2025-09-22 23:44:28,600 [ERROR] LogOutputStream:75 - [STDERR_REDIRECT] [Fatal Error] :1:1: Premature end of file.
2025-09-22 23:44:28,600 [ERROR] LogOutputStream:75 - [STDERR_REDIRECT] 
2025-09-22 23:44:29,602 [ERROR] LogOutputStream:75 - [STDERR_REDIRECT] [Fatal Error] :1:1: Premature end of file.
2025-09-22 23:44:29,602 [ERROR] LogOutputStream:75 - [STDERR_REDIRECT] 
2025-09-22 23:44:30,592 [ERROR] LogOutputStream:75 - [STDERR_REDIRECT] [Fatal Error] :1:1: Premature end of file.
2025-09-22 23:44:30,592 [ERROR] LogOutputStream:75 - [STDERR_REDIRECT] 
2025-09-22 23:44:31,602 [ERROR] LogOutputStream:75 - [STDERR_REDIRECT] [Fatal Error] :1:1: Premature end of file.
2025-09-22 23:44:31,602 [ERROR] LogOutputStream:75 - [STDERR_REDIRECT] 
2025-09-22 23:44:32,592 [ERROR] LogOutputStream:75 - [STDERR_REDIRECT] [Fatal Error] :1:1: Premature end of file.
2025-09-22 23:44:32,592 [ERROR] LogOutputStream:75 - [STDERR_REDIRECT] 
2025-09-22 23:44:33,593 [ERROR] LogOutputStream:75 - [STDERR_REDIRECT] [Fatal Error] :1:1: Premature end of file.
2025-09-22 23:44:33,593 [ERROR] LogOutputStream:75 - [STDERR_REDIRECT] 
2025-09-22 23:44:34,593 [ERROR] LogOutputStream:75 - [STDERR_REDIRECT] [Fatal Error] :1:1: Premature end of file.
2025-09-22 23:44:34,593 [ERROR] LogOutputStream:75 - [STDERR_REDIRECT] 
2025-09-22 23:44:35,615 [ERROR] LogOutputStream:75 - [STDERR_REDIRECT] [Fatal Error] :1:1: Premature end of file.
2025-09-22 23:44:35,615 [ERROR] LogOutputStream:75 - [STDERR_REDIRECT] 
2025-09-22 23:44:36,584 [ERROR] LogOutputStream:75 - [STDERR_REDIRECT] [Fatal Error] :1:1: Premature end of file.
2025-09-22 23:44:36,584 [ERROR] LogOutputStream:75 - [STDERR_REDIRECT] 
2025-09-22 23:44:37,593 [ERROR] LogOutputStream:75 - [STDERR_REDIRECT] [Fatal Error] :1:1: Premature end of file.
2025-09-22 23:44:37,594 [ERROR] LogOutputStream:75 - [STDERR_REDIRECT] 
2025-09-22 23:44:38,595 [ERROR] LogOutputStream:75 - [STDERR_REDIRECT] [Fatal Error] :1:1: Premature end of file.
2025-09-22 23:44:38,596 [ERROR] LogOutputStream:75 - [STDERR_REDIRECT] 
2025-09-22 23:44:39,591 [ERROR] LogOutputStream:75 - [STDERR_REDIRECT] [Fatal Error] :1:1: Premature end of file.
2025-09-22 23:44:39,591 [ERROR] LogOutputStream:75 - [STDERR_REDIRECT] 
2025-09-22 23:44:40,598 [ERROR] LogOutputStream:75 - [STDERR_REDIRECT] [Fatal Error] :1:1: Premature end of file.
2025-09-22 23:44:40,598 [ERROR] LogOutputStream:75 - [STDERR_REDIRECT] 
2025-09-22 23:44:41,630 [ERROR] LogOutputStream:75 - [STDERR_REDIRECT] [Fatal Error] :1:1: Premature end of file.
2025-09-22 23:44:41,630 [ERROR] LogOutputStream:75 - [STDERR_REDIRECT] 
2025-09-22 23:44:42,603 [ERROR] LogOutputStream:75 - [STDERR_REDIRECT] [Fatal Error] :1:1: Premature end of file.
2025-09-22 23:44:42,603 [ERROR] LogOutputStream:75 - [STDERR_REDIRECT] 
2025-09-22 23:44:43,597 [ERROR] LogOutputStream:75 - [STDERR_REDIRECT] [Fatal Error] :1:1: Premature end of file.
2025-09-22 23:44:43,598 [ERROR] LogOutputStream:75 - [STDERR_REDIRECT] 
2025-09-22 23:44:44,596 [ERROR] LogOutputStream:75 - [STDERR_REDIRECT] [Fatal Error] :1:1: Premature end of file.
2025-09-22 23:44:44,596 [ERROR] LogOutputStream:75 - [STDERR_REDIRECT] 
2025-09-22 23:44:45,600 [ERROR] LogOutputStream:75 - [STDERR_REDIRECT] [Fatal Error] :1:1: Premature end of file.
2025-09-22 23:44:45,600 [ERROR] LogOutputStream:75 - [STDERR_REDIRECT] 
2025-09-22 23:44:46,592 [ERROR] LogOutputStream:75 - [STDERR_REDIRECT] [Fatal Error] :1:1: Premature end of file.
2025-09-22 23:44:46,593 [ERROR] LogOutputStream:75 - [STDERR_REDIRECT] 
2025-09-22 23:44:47,594 [ERROR] LogOutputStream:75 - [STDERR_REDIRECT] [Fatal Error] :1:1: Premature end of file.
2025-09-22 23:44:47,595 [ERROR] LogOutputStream:75 - [STDERR_REDIRECT] 
2025-09-22 23:44:48,593 [ERROR] LogOutputStream:75 - [STDERR_REDIRECT] [Fatal Error] :1:1: Premature end of file.
2025-09-22 23:44:48,594 [ERROR] LogOutputStream:75 - [STDERR_REDIRECT] 
2025-09-22 23:44:49,600 [ERROR] LogOutputStream:75 - [STDERR_REDIRECT] [Fatal Error] :1:1: Premature end of file.
2025-09-22 23:44:49,600 [ERROR] LogOutputStream:75 - [STDERR_REDIRECT] 
2025-09-22 23:44:50,592 [ERROR] LogOutputStream:75 - [STDERR_REDIRECT] [Fatal Error] :1:1: Premature end of file.
2025-09-22 23:44:50,592 [ERROR] LogOutputStream:75 - [STDERR_REDIRECT] 
2025-09-22 23:44:51,590 [ERROR] LogOutputStream:75 - [STDERR_REDIRECT] [Fatal Error] :1:1: Premature end of file.
2025-09-22 23:44:51,591 [ERROR] LogOutputStream:75 - [STDERR_REDIRECT] 
2025-09-22 23:44:52,592 [ERROR] LogOutputStream:75 - [STDERR_REDIRECT] [Fatal Error] :1:1: Premature end of file.
2025-09-22 23:44:52,593 [ERROR] LogOutputStream:75 - [STDERR_REDIRECT] 
2025-09-22 23:44:53,594 [ERROR] LogOutputStream:75 - [STDERR_REDIRECT] [Fatal Error] :1:1: Premature end of file.
2025-09-22 23:44:53,595 [ERROR] LogOutputStream:75 - [STDERR_REDIRECT] 
2025-09-22 23:44:54,593 [ERROR] LogOutputStream:75 - [STDERR_REDIRECT] [Fatal Error] :1:1: Premature end of file.
2025-09-22 23:44:54,594 [ERROR] LogOutputStream:75 - [STDERR_REDIRECT] 
2025-09-22 23:44:55,594 [ERROR] LogOutputStream:75 - [STDERR_REDIRECT] [Fatal Error] :1:1: Premature end of file.
2025-09-22 23:44:55,594 [ERROR] LogOutputStream:75 - [STDERR_REDIRECT] 
2025-09-22 23:44:56,596 [ERROR] LogOutputStream:75 - [STDERR_REDIRECT] [Fatal Error] :1:1: Premature end of file.
2025-09-22 23:44:56,596 [ERROR] LogOutputStream:75 - [STDERR_REDIRECT] 
2025-09-22 23:44:57,593 [ERROR] LogOutputStream:75 - [STDERR_REDIRECT] [Fatal Error] :1:1: Premature end of file.
2025-09-22 23:44:57,593 [ERROR] LogOutputStream:75 - [STDERR_REDIRECT] 
2025-09-22 23:44:58,596 [ERROR] LogOutputStream:75 - [STDERR_REDIRECT] [Fatal Error] :1:1: Premature end of file.
2025-09-22 23:44:58,596 [ERROR] LogOutputStream:75 - [STDERR_REDIRECT] 
2025-09-22 23:44:59,590 [ERROR] LogOutputStream:75 - [STDERR_REDIRECT] [Fatal Error] :1:1: Premature end of file.
2025-09-22 23:44:59,590 [ERROR] LogOutputStream:75 - [STDERR_REDIRECT] 
2025-09-22 23:45:00,591 [ERROR] LogOutputStream:75 - [STDERR_REDIRECT] [Fatal Error] :1:1: Premature end of file.
2025-09-22 23:45:00,591 [ERROR] LogOutputStream:75 - [STDERR_REDIRECT] 
2025-09-22 23:45:01,594 [ERROR] LogOutputStream:75 - [STDERR_REDIRECT] [Fatal Error] :1:1: Premature end of file.
2025-09-22 23:45:01,595 [ERROR] LogOutputStream:75 - [STDERR_REDIRECT] 
2025-09-22 23:45:02,595 [ERROR] LogOutputStream:75 - [STDERR_REDIRECT] [Fatal Error] :1:1: Premature end of file.
2025-09-22 23:45:02,595 [ERROR] LogOutputStream:75 - [STDERR_REDIRECT] 
2025-09-22 23:45:03,591 [ERROR] LogOutputStream:75 - [STDERR_REDIRECT] [Fatal Error] :1:1: Premature end of file.
2025-09-22 23:45:03,592 [ERROR] LogOutputStream:75 - [STDERR_REDIRECT] 
2025-09-22 23:45:04,593 [ERROR] LogOutputStream:75 - [STDERR_REDIRECT] [Fatal Error] :1:1: Premature end of file.
2025-09-22 23:45:04,593 [ERROR] LogOutputStream:75 - [STDERR_REDIRECT] 
2025-09-22 23:45:05,592 [ERROR] LogOutputStream:75 - [STDERR_REDIRECT] [Fatal Error] :1:1: Premature end of file.
2025-09-22 23:45:05,592 [ERROR] LogOutputStream:75 - [STDERR_REDIRECT] 
2025-09-22 23:45:06,591 [ERROR] LogOutputStream:75 - [STDERR_REDIRECT] [Fatal Error] :1:1: Premature end of file.
2025-09-22 23:45:06,591 [ERROR] LogOutputStream:75 - [STDERR_REDIRECT] 
2025-09-22 23:45:07,593 [ERROR] LogOutputStream:75 - [STDERR_REDIRECT] [Fatal Error] :1:1: Premature end of file.
2025-09-22 23:45:07,593 [ERROR] LogOutputStream:75 - [STDERR_REDIRECT] 
2025-09-22 23:45:08,595 [ERROR] LogOutputStream:75 - [STDERR_REDIRECT] [Fatal Error] :1:1: Premature end of file.
2025-09-22 23:45:08,595 [ERROR] LogOutputStream:75 - [STDERR_REDIRECT] 
2025-09-22 23:45:09,594 [ERROR] LogOutputStream:75 - [STDERR_REDIRECT] [Fatal Error] :1:1: Premature end of file.
2025-09-22 23:45:09,594 [ERROR] LogOutputStream:75 - [STDERR_REDIRECT] 
2025-09-22 23:45:10,596 [ERROR] LogOutputStream:75 - [STDERR_REDIRECT] [Fatal Error] :1:1: Premature end of file.
2025-09-22 23:45:10,596 [ERROR] LogOutputStream:75 - [STDERR_REDIRECT] 
2025-09-22 23:45:11,593 [ERROR] LogOutputStream:75 - [STDERR_REDIRECT] [Fatal Error] :1:1: Premature end of file.
2025-09-22 23:45:11,593 [ERROR] LogOutputStream:75 - [STDERR_REDIRECT] 
2025-09-22 23:45:12,590 [ERROR] LogOutputStream:75 - [STDERR_REDIRECT] [Fatal Error] :1:1: Premature end of file.
2025-09-22 23:45:12,590 [ERROR] LogOutputStream:75 - [STDERR_REDIRECT] 
2025-09-22 23:45:13,594 [ERROR] LogOutputStream:75 - [STDERR_REDIRECT] [Fatal Error] :1:1: Premature end of file.
2025-09-22 23:45:13,595 [ERROR] LogOutputStream:75 - [STDERR_REDIRECT] 
2025-09-22 23:45:14,622 [ERROR] LogOutputStream:75 - [STDERR_REDIRECT] [Fatal Error] :1:1: Premature end of file.
2025-09-22 23:45:14,623 [ERROR] LogOutputStream:75 - [STDERR_REDIRECT] 
2025-09-22 23:45:15,591 [ERROR] LogOutputStream:75 - [STDERR_REDIRECT] [Fatal Error] :1:1: Premature end of file.
2025-09-22 23:45:15,592 [ERROR] LogOutputStream:75 - [STDERR_REDIRECT] 
2025-09-22 23:45:16,594 [ERROR] LogOutputStream:75 - [STDERR_REDIRECT] [Fatal Error] :1:1: Premature end of file.
2025-09-22 23:45:16,594 [ERROR] LogOutputStream:75 - [STDERR_REDIRECT] 
2025-09-22 23:45:17,594 [ERROR] LogOutputStream:75 - [STDERR_REDIRECT] [Fatal Error] :1:1: Premature end of file.
2025-09-22 23:45:17,594 [ERROR] LogOutputStream:75 - [STDERR_REDIRECT] 
2025-09-22 23:45:18,595 [ERROR] LogOutputStream:75 - [STDERR_REDIRECT] [Fatal Error] :1:1: Premature end of file.
2025-09-22 23:45:18,595 [ERROR] LogOutputStream:75 - [STDERR_REDIRECT] 
2025-09-22 23:45:19,595 [ERROR] LogOutputStream:75 - [STDERR_REDIRECT] [Fatal Error] :1:1: Premature end of file.
2025-09-22 23:45:19,595 [ERROR] LogOutputStream:75 - [STDERR_REDIRECT] 
2025-09-22 23:45:20,594 [ERROR] LogOutputStream:75 - [STDERR_REDIRECT] [Fatal Error] :1:1: Premature end of file.
2025-09-22 23:45:20,594 [ERROR] LogOutputStream:75 - [STDERR_REDIRECT] 
2025-09-22 23:45:21,596 [ERROR] LogOutputStream:75 - [STDERR_REDIRECT] [Fatal Error] :1:1: Premature end of file.
2025-09-22 23:45:21,596 [ERROR] LogOutputStream:75 - [STDERR_REDIRECT] 
2025-09-22 23:45:22,591 [ERROR] LogOutputStream:75 - [STDERR_REDIRECT] [Fatal Error] :1:1: Premature end of file.
2025-09-22 23:45:22,591 [ERROR] LogOutputStream:75 - [STDERR_REDIRECT] 
2025-09-22 23:45:23,592 [ERROR] LogOutputStream:75 - [STDERR_REDIRECT] [Fatal Error] :1:1: Premature end of file.
2025-09-22 23:45:23,592 [ERROR] LogOutputStream:75 - [STDERR_REDIRECT] 
2025-09-22 23:45:24,592 [ERROR] LogOutputStream:75 - [STDERR_REDIRECT] [Fatal Error] :1:1: Premature end of file.
2025-09-22 23:45:24,592 [ERROR] LogOutputStream:75 - [STDERR_REDIRECT] 
2025-09-22 23:45:25,593 [ERROR] LogOutputStream:75 - [STDERR_REDIRECT] [Fatal Error] :1:1: Premature end of file.
2025-09-22 23:45:25,593 [ERROR] LogOutputStream:75 - [STDERR_REDIRECT] 
2025-09-22 23:45:26,592 [ERROR] LogOutputStream:75 - [STDERR_REDIRECT] [Fatal Error] :1:1: Premature end of file.
2025-09-22 23:45:26,593 [ERROR] LogOutputStream:75 - [STDERR_REDIRECT] 
2025-09-22 23:45:27,592 [ERROR] LogOutputStream:75 - [STDERR_REDIRECT] [Fatal Error] :1:1: Premature end of file.
2025-09-22 23:45:27,592 [ERROR] LogOutputStream:75 - [STDERR_REDIRECT] 
2025-09-22 23:45:28,595 [ERROR] LogOutputStream:75 - [STDERR_REDIRECT] [Fatal Error] :1:1: Premature end of file.
2025-09-22 23:45:28,595 [ERROR] LogOutputStream:75 - [STDERR_REDIRECT] 
2025-09-22 23:45:29,592 [ERROR] LogOutputStream:75 - [STDERR_REDIRECT] [Fatal Error] :1:1: Premature end of file.
2025-09-22 23:45:29,592 [ERROR] LogOutputStream:75 - [STDERR_REDIRECT] 
2025-09-22 23:45:30,590 [ERROR] LogOutputStream:75 - [STDERR_REDIRECT] [Fatal Error] :1:1: Premature end of file.
2025-09-22 23:45:30,591 [ERROR] LogOutputStream:75 - [STDERR_REDIRECT] 
2025-09-22 23:45:31,591 [ERROR] LogOutputStream:75 - [STDERR_REDIRECT] [Fatal Error] :1:1: Premature end of file.
2025-09-22 23:45:31,591 [ERROR] LogOutputStream:75 - [STDERR_REDIRECT] 
2025-09-22 23:45:32,594 [ERROR] LogOutputStream:75 - [STDERR_REDIRECT] [Fatal Error] :1:1: Premature end of file.
2025-09-22 23:45:32,595 [ERROR] LogOutputStream:75 - [STDERR_REDIRECT] 
2025-09-22 23:45:33,592 [ERROR] LogOutputStream:75 - [STDERR_REDIRECT] [Fatal Error] :1:1: Premature end of file.
2025-09-22 23:45:33,592 [ERROR] LogOutputStream:75 - [STDERR_REDIRECT] 
2025-09-22 23:45:34,596 [ERROR] LogOutputStream:75 - [STDERR_REDIRECT] [Fatal Error] :1:1: Premature end of file.
2025-09-22 23:45:34,596 [ERROR] LogOutputStream:75 - [STDERR_REDIRECT] 
2025-09-22 23:45:35,592 [ERROR] LogOutputStream:75 - [STDERR_REDIRECT] [Fatal Error] :1:1: Premature end of file.
2025-09-22 23:45:35,592 [ERROR] LogOutputStream:75 - [STDERR_REDIRECT] 
2025-09-22 23:45:36,597 [ERROR] LogOutputStream:75 - [STDERR_REDIRECT] [Fatal Error] :1:1: Premature end of file.
2025-09-22 23:45:36,598 [ERROR] LogOutputStream:75 - [STDERR_REDIRECT] 
2025-09-22 23:45:37,596 [ERROR] LogOutputStream:75 - [STDERR_REDIRECT] [Fatal Error] :1:1: Premature end of file.
2025-09-22 23:45:37,596 [ERROR] LogOutputStream:75 - [STDERR_REDIRECT] 
2025-09-22 23:45:38,594 [ERROR] LogOutputStream:75 - [STDERR_REDIRECT] [Fatal Error] :1:1: Premature end of file.
2025-09-22 23:45:38,594 [ERROR] LogOutputStream:75 - [STDERR_REDIRECT] 
2025-09-22 23:45:39,592 [ERROR] LogOutputStream:75 - [STDERR_REDIRECT] [Fatal Error] :1:1: Premature end of file.
2025-09-22 23:45:39,592 [ERROR] LogOutputStream:75 - [STDERR_REDIRECT] 
2025-09-22 23:45:40,592 [ERROR] LogOutputStream:75 - [STDERR_REDIRECT] [Fatal Error] :1:1: Premature end of file.
2025-09-22 23:45:40,592 [ERROR] LogOutputStream:75 - [STDERR_REDIRECT] 
2025-09-22 23:45:41,591 [ERROR] LogOutputStream:75 - [STDERR_REDIRECT] [Fatal Error] :1:1: Premature end of file.
2025-09-22 23:45:41,592 [ERROR] LogOutputStream:75 - [STDERR_REDIRECT] 
2025-09-22 23:45:42,596 [ERROR] LogOutputStream:75 - [STDERR_REDIRECT] [Fatal Error] :1:1: Premature end of file.
2025-09-22 23:45:42,596 [ERROR] LogOutputStream:75 - [STDERR_REDIRECT] 
2025-09-22 23:45:43,594 [ERROR] LogOutputStream:75 - [STDERR_REDIRECT] [Fatal Error] :1:1: Premature end of file.
2025-09-22 23:45:43,595 [ERROR] LogOutputStream:75 - [STDERR_REDIRECT] 
2025-09-22 23:45:44,602 [ERROR] LogOutputStream:75 - [STDERR_REDIRECT] [Fatal Error] :1:1: Premature end of file.
2025-09-22 23:45:44,602 [ERROR] LogOutputStream:75 - [STDERR_REDIRECT] 
2025-09-22 23:45:45,591 [ERROR] LogOutputStream:75 - [STDERR_REDIRECT] [Fatal Error] :1:1: Premature end of file.
2025-09-22 23:45:45,591 [ERROR] LogOutputStream:75 - [STDERR_REDIRECT] 
2025-09-22 23:45:46,597 [ERROR] LogOutputStream:75 - [STDERR_REDIRECT] [Fatal Error] :1:1: Premature end of file.
2025-09-22 23:45:46,597 [ERROR] LogOutputStream:75 - [STDERR_REDIRECT] 
2025-09-22 23:45:47,595 [ERROR] LogOutputStream:75 - [STDERR_REDIRECT] [Fatal Error] :1:1: Premature end of file.
2025-09-22 23:45:47,595 [ERROR] LogOutputStream:75 - [STDERR_REDIRECT] 
2025-09-22 23:45:48,595 [ERROR] LogOutputStream:75 - [STDERR_REDIRECT] [Fatal Error] :1:1: Premature end of file.
2025-09-22 23:45:48,595 [ERROR] LogOutputStream:75 - [STDERR_REDIRECT] 
2025-09-22 23:45:49,597 [ERROR] LogOutputStream:75 - [STDERR_REDIRECT] [Fatal Error] :1:1: Premature end of file.
2025-09-22 23:45:49,597 [ERROR] LogOutputStream:75 - [STDERR_REDIRECT] 
2025-09-22 23:45:50,604 [ERROR] LogOutputStream:75 - [STDERR_REDIRECT] [Fatal Error] :1:1: Premature end of file.
2025-09-22 23:45:50,605 [ERROR] LogOutputStream:75 - [STDERR_REDIRECT] 
2025-09-22 23:45:51,596 [ERROR] LogOutputStream:75 - [STDERR_REDIRECT] [Fatal Error] :1:1: Premature end of file.
2025-09-22 23:45:51,597 [ERROR] LogOutputStream:75 - [STDERR_REDIRECT] 
2025-09-22 23:45:52,597 [ERROR] LogOutputStream:75 - [STDERR_REDIRECT] [Fatal Error] :1:1: Premature end of file.
2025-09-22 23:45:52,598 [ERROR] LogOutputStream:75 - [STDERR_REDIRECT] 
2025-09-22 23:45:53,597 [ERROR] LogOutputStream:75 - [STDERR_REDIRECT] [Fatal Error] :1:1: Premature end of file.
2025-09-22 23:45:53,597 [ERROR] LogOutputStream:75 - [STDERR_REDIRECT] 
2025-09-22 23:45:54,597 [ERROR] LogOutputStream:75 - [STDERR_REDIRECT] [Fatal Error] :1:1: Premature end of file.
2025-09-22 23:45:54,597 [ERROR] LogOutputStream:75 - [STDERR_REDIRECT] 
2025-09-22 23:45:55,598 [ERROR] LogOutputStream:75 - [STDERR_REDIRECT] [Fatal Error] :1:1: Premature end of file.
2025-09-22 23:45:55,598 [ERROR] LogOutputStream:75 - [STDERR_REDIRECT] 
2025-09-22 23:45:56,598 [ERROR] LogOutputStream:75 - [STDERR_REDIRECT] [Fatal Error] :1:1: Premature end of file.
2025-09-22 23:45:56,599 [ERROR] LogOutputStream:75 - [STDERR_REDIRECT] 
2025-09-22 23:45:57,600 [ERROR] LogOutputStream:75 - [STDERR_REDIRECT] [Fatal Error] :1:1: Premature end of file.
2025-09-22 23:45:57,600 [ERROR] LogOutputStream:75 - [STDERR_REDIRECT] 
2025-09-22 23:45:58,596 [ERROR] LogOutputStream:75 - [STDERR_REDIRECT] [Fatal Error] :1:1: Premature end of file.
2025-09-22 23:45:58,596 [ERROR] LogOutputStream:75 - [STDERR_REDIRECT] 
2025-09-22 23:45:59,593 [ERROR] LogOutputStream:75 - [STDERR_REDIRECT] [Fatal Error] :1:1: Premature end of file.
2025-09-22 23:45:59,593 [ERROR] LogOutputStream:75 - [STDERR_REDIRECT] 
2025-09-22 23:46:00,593 [ERROR] LogOutputStream:75 - [STDERR_REDIRECT] [Fatal Error] :1:1: Premature end of file.
2025-09-22 23:46:00,593 [ERROR] LogOutputStream:75 - [STDERR_REDIRECT] 
2025-09-22 23:46:01,591 [ERROR] LogOutputStream:75 - [STDERR_REDIRECT] [Fatal Error] :1:1: Premature end of file.
2025-09-22 23:46:01,591 [ERROR] LogOutputStream:75 - [STDERR_REDIRECT] 
2025-09-22 23:46:02,592 [ERROR] LogOutputStream:75 - [STDERR_REDIRECT] [Fatal Error] :1:1: Premature end of file.
2025-09-22 23:46:02,592 [ERROR] LogOutputStream:75 - [STDERR_REDIRECT] 
2025-09-22 23:46:03,593 [ERROR] LogOutputStream:75 - [STDERR_REDIRECT] [Fatal Error] :1:1: Premature end of file.
2025-09-22 23:46:03,594 [ERROR] LogOutputStream:75 - [STDERR_REDIRECT] 
2025-09-22 23:46:04,591 [ERROR] LogOutputStream:75 - [STDERR_REDIRECT] [Fatal Error] :1:1: Premature end of file.
2025-09-22 23:46:04,591 [ERROR] LogOutputStream:75 - [STDERR_REDIRECT] 
2025-09-22 23:46:05,593 [ERROR] LogOutputStream:75 - [STDERR_REDIRECT] [Fatal Error] :1:1: Premature end of file.
2025-09-22 23:46:05,594 [ERROR] LogOutputStream:75 - [STDERR_REDIRECT] 
2025-09-22 23:46:06,595 [ERROR] LogOutputStream:75 - [STDERR_REDIRECT] [Fatal Error] :1:1: Premature end of file.
2025-09-22 23:46:06,596 [ERROR] LogOutputStream:75 - [STDERR_REDIRECT] 
2025-09-22 23:46:07,595 [ERROR] LogOutputStream:75 - [STDERR_REDIRECT] [Fatal Error] :1:1: Premature end of file.
2025-09-22 23:46:07,595 [ERROR] LogOutputStream:75 - [STDERR_REDIRECT] 
2025-09-22 23:46:08,596 [ERROR] LogOutputStream:75 - [STDERR_REDIRECT] [Fatal Error] :1:1: Premature end of file.
2025-09-22 23:46:08,596 [ERROR] LogOutputStream:75 - [STDERR_REDIRECT] 
2025-09-22 23:46:09,595 [ERROR] LogOutputStream:75 - [STDERR_REDIRECT] [Fatal Error] :1:1: Premature end of file.
2025-09-22 23:46:09,595 [ERROR] LogOutputStream:75 - [STDERR_REDIRECT] 
2025-09-22 23:46:10,595 [ERROR] LogOutputStream:75 - [STDERR_REDIRECT] [Fatal Error] :1:1: Premature end of file.
2025-09-22 23:46:10,595 [ERROR] LogOutputStream:75 - [STDERR_REDIRECT] 
2025-09-22 23:46:11,594 [ERROR] LogOutputStream:75 - [STDERR_REDIRECT] [Fatal Error] :1:1: Premature end of file.
2025-09-22 23:46:11,594 [ERROR] LogOutputStream:75 - [STDERR_REDIRECT] 
2025-09-22 23:46:12,592 [ERROR] LogOutputStream:75 - [STDERR_REDIRECT] [Fatal Error] :1:1: Premature end of file.
2025-09-22 23:46:12,592 [ERROR] LogOutputStream:75 - [STDERR_REDIRECT] 
2025-09-22 23:46:13,593 [ERROR] LogOutputStream:75 - [STDERR_REDIRECT] [Fatal Error] :1:1: Premature end of file.
2025-09-22 23:46:13,593 [ERROR] LogOutputStream:75 - [STDERR_REDIRECT] 
2025-09-22 23:46:14,596 [ERROR] LogOutputStream:75 - [STDERR_REDIRECT] [Fatal Error] :1:1: Premature end of file.
2025-09-22 23:46:14,596 [ERROR] LogOutputStream:75 - [STDERR_REDIRECT] 
2025-09-22 23:46:15,592 [ERROR] LogOutputStream:75 - [STDERR_REDIRECT] [Fatal Error] :1:1: Premature end of file.
2025-09-22 23:46:15,593 [ERROR] LogOutputStream:75 - [STDERR_REDIRECT] 
2025-09-22 23:46:16,595 [ERROR] LogOutputStream:75 - [STDERR_REDIRECT] [Fatal Error] :1:1: Premature end of file.
2025-09-22 23:46:16,595 [ERROR] LogOutputStream:75 - [STDERR_REDIRECT] 
2025-09-22 23:46:17,592 [ERROR] LogOutputStream:75 - [STDERR_REDIRECT] [Fatal Error] :1:1: Premature end of file.
2025-09-22 23:46:17,593 [ERROR] LogOutputStream:75 - [STDERR_REDIRECT] 
2025-09-22 23:46:18,590 [ERROR] LogOutputStream:75 - [STDERR_REDIRECT] [Fatal Error] :1:1: Premature end of file.
2025-09-22 23:46:18,590 [ERROR] LogOutputStream:75 - [STDERR_REDIRECT] 
2025-09-22 23:46:19,595 [ERROR] LogOutputStream:75 - [STDERR_REDIRECT] [Fatal Error] :1:1: Premature end of file.
2025-09-22 23:46:19,596 [ERROR] LogOutputStream:75 - [STDERR_REDIRECT] 
2025-09-22 23:46:20,590 [ERROR] LogOutputStream:75 - [STDERR_REDIRECT] [Fatal Error] :1:1: Premature end of file.
2025-09-22 23:46:20,591 [ERROR] LogOutputStream:75 - [STDERR_REDIRECT] 
2025-09-22 23:46:21,594 [ERROR] LogOutputStream:75 - [STDERR_REDIRECT] [Fatal Error] :1:1: Premature end of file.
2025-09-22 23:46:21,594 [ERROR] LogOutputStream:75 - [STDERR_REDIRECT] 
2025-09-22 23:46:22,595 [ERROR] LogOutputStream:75 - [STDERR_REDIRECT] [Fatal Error] :1:1: Premature end of file.
2025-09-22 23:46:22,595 [ERROR] LogOutputStream:75 - [STDERR_REDIRECT] 
2025-09-22 23:46:23,596 [ERROR] LogOutputStream:75 - [STDERR_REDIRECT] [Fatal Error] :1:1: Premature end of file.
2025-09-22 23:46:23,596 [ERROR] LogOutputStream:75 - [STDERR_REDIRECT] 
2025-09-22 23:46:24,592 [ERROR] LogOutputStream:75 - [STDERR_REDIRECT] [Fatal Error] :1:1: Premature end of file.
2025-09-22 23:46:24,592 [ERROR] LogOutputStream:75 - [STDERR_REDIRECT] 
2025-09-22 23:46:25,592 [ERROR] LogOutputStream:75 - [STDERR_REDIRECT] [Fatal Error] :1:1: Premature end of file.
2025-09-22 23:46:25,592 [ERROR] LogOutputStream:75 - [STDERR_REDIRECT] 
2025-09-22 23:46:26,592 [ERROR] LogOutputStream:75 - [STDERR_REDIRECT] [Fatal Error] :1:1: Premature end of file.
2025-09-22 23:46:26,592 [ERROR] LogOutputStream:75 - [STDERR_REDIRECT] 
2025-09-22 23:46:27,594 [ERROR] LogOutputStream:75 - [STDERR_REDIRECT] [Fatal Error] :1:1: Premature end of file.
2025-09-22 23:46:27,595 [ERROR] LogOutputStream:75 - [STDERR_REDIRECT] 
2025-09-22 23:46:28,596 [ERROR] LogOutputStream:75 - [STDERR_REDIRECT] [Fatal Error] :1:1: Premature end of file.
2025-09-22 23:46:28,597 [ERROR] LogOutputStream:75 - [STDERR_REDIRECT] 
2025-09-22 23:46:29,599 [ERROR] LogOutputStream:75 - [STDERR_REDIRECT] [Fatal Error] :1:1: Premature end of file.
2025-09-22 23:46:29,599 [ERROR] LogOutputStream:75 - [STDERR_REDIRECT] 
2025-09-22 23:46:30,599 [ERROR] LogOutputStream:75 - [STDERR_REDIRECT] [Fatal Error] :1:1: Premature end of file.
2025-09-22 23:46:30,599 [ERROR] LogOutputStream:75 - [STDERR_REDIRECT] 
2025-09-22 23:46:31,598 [ERROR] LogOutputStream:75 - [STDERR_REDIRECT] [Fatal Error] :1:1: Premature end of file.
2025-09-22 23:46:31,599 [ERROR] LogOutputStream:75 - [STDERR_REDIRECT] 
2025-09-22 23:46:32,592 [ERROR] LogOutputStream:75 - [STDERR_REDIRECT] [Fatal Error] :1:1: Premature end of file.
2025-09-22 23:46:32,593 [ERROR] LogOutputStream:75 - [STDERR_REDIRECT] 
2025-09-22 23:46:33,594 [ERROR] LogOutputStream:75 - [STDERR_REDIRECT] [Fatal Error] :1:1: Premature end of file.
2025-09-22 23:46:33,594 [ERROR] LogOutputStream:75 - [STDERR_REDIRECT] 
2025-09-22 23:46:34,595 [ERROR] LogOutputStream:75 - [STDERR_REDIRECT] [Fatal Error] :1:1: Premature end of file.
2025-09-22 23:46:34,595 [ERROR] LogOutputStream:75 - [STDERR_REDIRECT] 
2025-09-22 23:46:35,593 [ERROR] LogOutputStream:75 - [STDERR_REDIRECT] [Fatal Error] :1:1: Premature end of file.
2025-09-22 23:46:35,594 [ERROR] LogOutputStream:75 - [STDERR_REDIRECT] 
2025-09-22 23:46:36,592 [ERROR] LogOutputStream:75 - [STDERR_REDIRECT] [Fatal Error] :1:1: Premature end of file.
2025-09-22 23:46:36,592 [ERROR] LogOutputStream:75 - [STDERR_REDIRECT] 
2025-09-22 23:46:37,591 [ERROR] LogOutputStream:75 - [STDERR_REDIRECT] [Fatal Error] :1:1: Premature end of file.
2025-09-22 23:46:37,592 [ERROR] LogOutputStream:75 - [STDERR_REDIRECT] 
2025-09-22 23:46:38,595 [ERROR] LogOutputStream:75 - [STDERR_REDIRECT] [Fatal Error] :1:1: Premature end of file.
2025-09-22 23:46:38,595 [ERROR] LogOutputStream:75 - [STDERR_REDIRECT] 
2025-09-22 23:46:39,595 [ERROR] LogOutputStream:75 - [STDERR_REDIRECT] [Fatal Error] :1:1: Premature end of file.
2025-09-22 23:46:39,595 [ERROR] LogOutputStream:75 - [STDERR_REDIRECT] 
2025-09-22 23:46:40,593 [ERROR] LogOutputStream:75 - [STDERR_REDIRECT] [Fatal Error] :1:1: Premature end of file.
2025-09-22 23:46:40,594 [ERROR] LogOutputStream:75 - [STDERR_REDIRECT] 
2025-09-22 23:46:41,593 [ERROR] LogOutputStream:75 - [STDERR_REDIRECT] [Fatal Error] :1:1: Premature end of file.
2025-09-22 23:46:41,594 [ERROR] LogOutputStream:75 - [STDERR_REDIRECT] 
2025-09-22 23:46:42,591 [ERROR] LogOutputStream:75 - [STDERR_REDIRECT] [Fatal Error] :1:1: Premature end of file.
2025-09-22 23:46:42,591 [ERROR] LogOutputStream:75 - [STDERR_REDIRECT] 
2025-09-22 23:46:43,598 [ERROR] LogOutputStream:75 - [STDERR_REDIRECT] [Fatal Error] :1:1: Premature end of file.
2025-09-22 23:46:43,598 [ERROR] LogOutputStream:75 - [STDERR_REDIRECT] 
2025-09-22 23:46:44,593 [ERROR] LogOutputStream:75 - [STDERR_REDIRECT] [Fatal Error] :1:1: Premature end of file.
2025-09-22 23:46:44,593 [ERROR] LogOutputStream:75 - [STDERR_REDIRECT] 
2025-09-22 23:46:45,594 [ERROR] LogOutputStream:75 - [STDERR_REDIRECT] [Fatal Error] :1:1: Premature end of file.
2025-09-22 23:46:45,594 [ERROR] LogOutputStream:75 - [STDERR_REDIRECT] 
2025-09-22 23:46:46,595 [ERROR] LogOutputStream:75 - [STDERR_REDIRECT] [Fatal Error] :1:1: Premature end of file.
2025-09-22 23:46:46,595 [ERROR] LogOutputStream:75 - [STDERR_REDIRECT] 
2025-09-22 23:46:47,596 [ERROR] LogOutputStream:75 - [STDERR_REDIRECT] [Fatal Error] :1:1: Premature end of file.
2025-09-22 23:46:47,596 [ERROR] LogOutputStream:75 - [STDERR_REDIRECT] 
2025-09-22 23:46:48,592 [ERROR] LogOutputStream:75 - [STDERR_REDIRECT] [Fatal Error] :1:1: Premature end of file.
2025-09-22 23:46:48,592 [ERROR] LogOutputStream:75 - [STDERR_REDIRECT] 
2025-09-22 23:46:49,593 [ERROR] LogOutputStream:75 - [STDERR_REDIRECT] [Fatal Error] :1:1: Premature end of file.
2025-09-22 23:46:49,593 [ERROR] LogOutputStream:75 - [STDERR_REDIRECT] 
2025-09-22 23:46:50,592 [ERROR] LogOutputStream:75 - [STDERR_REDIRECT] [Fatal Error] :1:1: Premature end of file.
2025-09-22 23:46:50,592 [ERROR] LogOutputStream:75 - [STDERR_REDIRECT] 
2025-09-22 23:46:51,596 [ERROR] LogOutputStream:75 - [STDERR_REDIRECT] [Fatal Error] :1:1: Premature end of file.
2025-09-22 23:46:51,596 [ERROR] LogOutputStream:75 - [STDERR_REDIRECT] 
2025-09-22 23:46:52,598 [ERROR] LogOutputStream:75 - [STDERR_REDIRECT] [Fatal Error] :1:1: Premature end of file.
2025-09-22 23:46:52,599 [ERROR] LogOutputStream:75 - [STDERR_REDIRECT] 
2025-09-22 23:46:53,590 [ERROR] LogOutputStream:75 - [STDERR_REDIRECT] [Fatal Error] :1:1: Premature end of file.
2025-09-22 23:46:53,590 [ERROR] LogOutputStream:75 - [STDERR_REDIRECT] 
2025-09-22 23:46:54,590 [ERROR] LogOutputStream:75 - [STDERR_REDIRECT] [Fatal Error] :1:1: Premature end of file.
2025-09-22 23:46:54,591 [ERROR] LogOutputStream:75 - [STDERR_REDIRECT] 
2025-09-22 23:46:55,592 [ERROR] LogOutputStream:75 - [STDERR_REDIRECT] [Fatal Error] :1:1: Premature end of file.
2025-09-22 23:46:55,592 [ERROR] LogOutputStream:75 - [STDERR_REDIRECT] 
2025-09-22 23:46:56,592 [ERROR] LogOutputStream:75 - [STDERR_REDIRECT] [Fatal Error] :1:1: Premature end of file.
2025-09-22 23:46:56,592 [ERROR] LogOutputStream:75 - [STDERR_REDIRECT] 
2025-09-22 23:46:57,611 [ERROR] LogOutputStream:75 - [STDERR_REDIRECT] [Fatal Error] :1:1: Premature end of file.
2025-09-22 23:46:57,611 [ERROR] LogOutputStream:75 - [STDERR_REDIRECT] 
2025-09-22 23:46:58,595 [ERROR] LogOutputStream:75 - [STDERR_REDIRECT] [Fatal Error] :1:1: Premature end of file.
2025-09-22 23:46:58,595 [ERROR] LogOutputStream:75 - [STDERR_REDIRECT] 
2025-09-22 23:46:59,594 [ERROR] LogOutputStream:75 - [STDERR_REDIRECT] [Fatal Error] :1:1: Premature end of file.
2025-09-22 23:46:59,595 [ERROR] LogOutputStream:75 - [STDERR_REDIRECT] 
2025-09-22 23:47:00,594 [ERROR] LogOutputStream:75 - [STDERR_REDIRECT] [Fatal Error] :1:1: Premature end of file.
2025-09-22 23:47:00,595 [ERROR] LogOutputStream:75 - [STDERR_REDIRECT] 
2025-09-22 23:47:01,594 [ERROR] LogOutputStream:75 - [STDERR_REDIRECT] [Fatal Error] :1:1: Premature end of file.
2025-09-22 23:47:01,595 [ERROR] LogOutputStream:75 - [STDERR_REDIRECT] 
2025-09-22 23:47:02,594 [ERROR] LogOutputStream:75 - [STDERR_REDIRECT] [Fatal Error] :1:1: Premature end of file.
2025-09-22 23:47:02,594 [ERROR] LogOutputStream:75 - [STDERR_REDIRECT] 
2025-09-22 23:47:03,591 [ERROR] LogOutputStream:75 - [STDERR_REDIRECT] [Fatal Error] :1:1: Premature end of file.
2025-09-22 23:47:03,591 [ERROR] LogOutputStream:75 - [STDERR_REDIRECT] 
2025-09-22 23:47:04,597 [ERROR] LogOutputStream:75 - [STDERR_REDIRECT] [Fatal Error] :1:1: Premature end of file.
2025-09-22 23:47:04,597 [ERROR] LogOutputStream:75 - [STDERR_REDIRECT] 
2025-09-22 23:47:05,591 [ERROR] LogOutputStream:75 - [STDERR_REDIRECT] [Fatal Error] :1:1: Premature end of file.
2025-09-22 23:47:05,591 [ERROR] LogOutputStream:75 - [STDERR_REDIRECT] 
2025-09-22 23:47:06,594 [ERROR] LogOutputStream:75 - [STDERR_REDIRECT] [Fatal Error] :1:1: Premature end of file.
2025-09-22 23:47:06,594 [ERROR] LogOutputStream:75 - [STDERR_REDIRECT] 
2025-09-22 23:47:07,594 [ERROR] LogOutputStream:75 - [STDERR_REDIRECT] [Fatal Error] :1:1: Premature end of file.
2025-09-22 23:47:07,594 [ERROR] LogOutputStream:75 - [STDERR_REDIRECT] 
2025-09-22 23:47:08,594 [ERROR] LogOutputStream:75 - [STDERR_REDIRECT] [Fatal Error] :1:1: Premature end of file.
2025-09-22 23:47:08,594 [ERROR] LogOutputStream:75 - [STDERR_REDIRECT] 
2025-09-22 23:47:09,594 [ERROR] LogOutputStream:75 - [STDERR_REDIRECT] [Fatal Error] :1:1: Premature end of file.
2025-09-22 23:47:09,594 [ERROR] LogOutputStream:75 - [STDERR_REDIRECT] 
2025-09-22 23:47:10,593 [ERROR] LogOutputStream:75 - [STDERR_REDIRECT] [Fatal Error] :1:1: Premature end of file.
2025-09-22 23:47:10,593 [ERROR] LogOutputStream:75 - [STDERR_REDIRECT] 
2025-09-22 23:47:11,592 [ERROR] LogOutputStream:75 - [STDERR_REDIRECT] [Fatal Error] :1:1: Premature end of file.
2025-09-22 23:47:11,593 [ERROR] LogOutputStream:75 - [STDERR_REDIRECT] 
2025-09-22 23:47:12,597 [ERROR] LogOutputStream:75 - [STDERR_REDIRECT] [Fatal Error] :1:1: Premature end of file.
2025-09-22 23:47:12,597 [ERROR] LogOutputStream:75 - [STDERR_REDIRECT] 
2025-09-22 23:47:13,597 [ERROR] LogOutputStream:75 - [STDERR_REDIRECT] [Fatal Error] :1:1: Premature end of file.
2025-09-22 23:47:13,597 [ERROR] LogOutputStream:75 - [STDERR_REDIRECT] 
2025-09-22 23:47:14,595 [ERROR] LogOutputStream:75 - [STDERR_REDIRECT] [Fatal Error] :1:1: Premature end of file.
2025-09-22 23:47:14,596 [ERROR] LogOutputStream:75 - [STDERR_REDIRECT] 
2025-09-22 23:47:15,589 [ERROR] LogOutputStream:75 - [STDERR_REDIRECT] [Fatal Error] :1:1: Premature end of file.
2025-09-22 23:47:15,590 [ERROR] LogOutputStream:75 - [STDERR_REDIRECT] 
2025-09-22 23:47:16,593 [ERROR] LogOutputStream:75 - [STDERR_REDIRECT] [Fatal Error] :1:1: Premature end of file.
2025-09-22 23:47:16,593 [ERROR] LogOutputStream:75 - [STDERR_REDIRECT] 
2025-09-22 23:47:17,591 [ERROR] LogOutputStream:75 - [STDERR_REDIRECT] [Fatal Error] :1:1: Premature end of file.
2025-09-22 23:47:17,592 [ERROR] LogOutputStream:75 - [STDERR_REDIRECT] 
2025-09-22 23:47:18,596 [ERROR] LogOutputStream:75 - [STDERR_REDIRECT] [Fatal Error] :1:1: Premature end of file.
2025-09-22 23:47:18,596 [ERROR] LogOutputStream:75 - [STDERR_REDIRECT] 
2025-09-22 23:47:19,594 [ERROR] LogOutputStream:75 - [STDERR_REDIRECT] [Fatal Error] :1:1: Premature end of file.
2025-09-22 23:47:19,594 [ERROR] LogOutputStream:75 - [STDERR_REDIRECT] 
2025-09-22 23:47:20,592 [ERROR] LogOutputStream:75 - [STDERR_REDIRECT] [Fatal Error] :1:1: Premature end of file.
2025-09-22 23:47:20,593 [ERROR] LogOutputStream:75 - [STDERR_REDIRECT] 
2025-09-22 23:47:21,594 [ERROR] LogOutputStream:75 - [STDERR_REDIRECT] [Fatal Error] :1:1: Premature end of file.
2025-09-22 23:47:21,595 [ERROR] LogOutputStream:75 - [STDERR_REDIRECT] 
2025-09-22 23:47:22,592 [ERROR] LogOutputStream:75 - [STDERR_REDIRECT] [Fatal Error] :1:1: Premature end of file.
2025-09-22 23:47:22,592 [ERROR] LogOutputStream:75 - [STDERR_REDIRECT] 
2025-09-22 23:47:23,595 [ERROR] LogOutputStream:75 - [STDERR_REDIRECT] [Fatal Error] :1:1: Premature end of file.
2025-09-22 23:47:23,595 [ERROR] LogOutputStream:75 - [STDERR_REDIRECT] 
2025-09-22 23:47:24,597 [ERROR] LogOutputStream:75 - [STDERR_REDIRECT] [Fatal Error] :1:1: Premature end of file.
2025-09-22 23:47:24,597 [ERROR] LogOutputStream:75 - [STDERR_REDIRECT] 
2025-09-22 23:47:25,595 [ERROR] LogOutputStream:75 - [STDERR_REDIRECT] [Fatal Error] :1:1: Premature end of file.
2025-09-22 23:47:25,596 [ERROR] LogOutputStream:75 - [STDERR_REDIRECT] 
2025-09-22 23:47:26,591 [ERROR] LogOutputStream:75 - [STDERR_REDIRECT] [Fatal Error] :1:1: Premature end of file.
2025-09-22 23:47:26,591 [ERROR] LogOutputStream:75 - [STDERR_REDIRECT] 
2025-09-22 23:47:27,591 [ERROR] LogOutputStream:75 - [STDERR_REDIRECT] [Fatal Error] :1:1: Premature end of file.
2025-09-22 23:47:27,591 [ERROR] LogOutputStream:75 - [STDERR_REDIRECT] 
2025-09-22 23:47:28,592 [ERROR] LogOutputStream:75 - [STDERR_REDIRECT] [Fatal Error] :1:1: Premature end of file.
2025-09-22 23:47:28,592 [ERROR] LogOutputStream:75 - [STDERR_REDIRECT] 
2025-09-22 23:47:29,591 [ERROR] LogOutputStream:75 - [STDERR_REDIRECT] [Fatal Error] :1:1: Premature end of file.
2025-09-22 23:47:29,592 [ERROR] LogOutputStream:75 - [STDERR_REDIRECT] 
2025-09-22 23:47:30,593 [ERROR] LogOutputStream:75 - [STDERR_REDIRECT] [Fatal Error] :1:1: Premature end of file.
2025-09-22 23:47:30,593 [ERROR] LogOutputStream:75 - [STDERR_REDIRECT] 
2025-09-22 23:47:31,595 [ERROR] LogOutputStream:75 - [STDERR_REDIRECT] [Fatal Error] :1:1: Premature end of file.
2025-09-22 23:47:31,596 [ERROR] LogOutputStream:75 - [STDERR_REDIRECT] 
2025-09-22 23:47:32,595 [ERROR] LogOutputStream:75 - [STDERR_REDIRECT] [Fatal Error] :1:1: Premature end of file.
2025-09-22 23:47:32,595 [ERROR] LogOutputStream:75 - [STDERR_REDIRECT] 
2025-09-22 23:47:33,592 [ERROR] LogOutputStream:75 - [STDERR_REDIRECT] [Fatal Error] :1:1: Premature end of file.
2025-09-22 23:47:33,592 [ERROR] LogOutputStream:75 - [STDERR_REDIRECT] 
2025-09-22 23:47:34,593 [ERROR] LogOutputStream:75 - [STDERR_REDIRECT] [Fatal Error] :1:1: Premature end of file.
2025-09-22 23:47:34,593 [ERROR] LogOutputStream:75 - [STDERR_REDIRECT] 
2025-09-22 23:47:35,699 [ERROR] LogOutputStream:75 - [STDERR_REDIRECT] [Fatal Error] :1:1: Premature end of file.
2025-09-22 23:47:35,701 [ERROR] LogOutputStream:75 - [STDERR_REDIRECT] 
2025-09-22 23:47:36,597 [ERROR] LogOutputStream:75 - [STDERR_REDIRECT] [Fatal Error] :1:1: Premature end of file.
2025-09-22 23:47:36,597 [ERROR] LogOutputStream:75 - [STDERR_REDIRECT] 
2025-09-22 23:47:37,594 [ERROR] LogOutputStream:75 - [STDERR_REDIRECT] [Fatal Error] :1:1: Premature end of file.
2025-09-22 23:47:37,594 [ERROR] LogOutputStream:75 - [STDERR_REDIRECT] 
2025-09-22 23:47:38,596 [ERROR] LogOutputStream:75 - [STDERR_REDIRECT] [Fatal Error] :1:1: Premature end of file.
2025-09-22 23:47:38,596 [ERROR] LogOutputStream:75 - [STDERR_REDIRECT] 
2025-09-22 23:47:39,592 [ERROR] LogOutputStream:75 - [STDERR_REDIRECT] [Fatal Error] :1:1: Premature end of file.
2025-09-22 23:47:39,592 [ERROR] LogOutputStream:75 - [STDERR_REDIRECT] 
2025-09-22 23:47:40,592 [ERROR] LogOutputStream:75 - [STDERR_REDIRECT] [Fatal Error] :1:1: Premature end of file.
2025-09-22 23:47:40,593 [ERROR] LogOutputStream:75 - [STDERR_REDIRECT] 
2025-09-22 23:47:41,596 [ERROR] LogOutputStream:75 - [STDERR_REDIRECT] [Fatal Error] :1:1: Premature end of file.
2025-09-22 23:47:41,596 [ERROR] LogOutputStream:75 - [STDERR_REDIRECT] 
2025-09-22 23:47:42,596 [ERROR] LogOutputStream:75 - [STDERR_REDIRECT] [Fatal Error] :1:1: Premature end of file.
2025-09-22 23:47:42,596 [ERROR] LogOutputStream:75 - [STDERR_REDIRECT] 
2025-09-22 23:47:43,594 [ERROR] LogOutputStream:75 - [STDERR_REDIRECT] [Fatal Error] :1:1: Premature end of file.
2025-09-22 23:47:43,594 [ERROR] LogOutputStream:75 - [STDERR_REDIRECT] 
2025-09-22 23:47:44,597 [ERROR] LogOutputStream:75 - [STDERR_REDIRECT] [Fatal Error] :1:1: Premature end of file.
2025-09-22 23:47:44,597 [ERROR] LogOutputStream:75 - [STDERR_REDIRECT] 
2025-09-22 23:47:45,592 [ERROR] LogOutputStream:75 - [STDERR_REDIRECT] [Fatal Error] :1:1: Premature end of file.
2025-09-22 23:47:45,592 [ERROR] LogOutputStream:75 - [STDERR_REDIRECT] 
2025-09-22 23:47:46,596 [ERROR] LogOutputStream:75 - [STDERR_REDIRECT] [Fatal Error] :1:1: Premature end of file.
2025-09-22 23:47:46,596 [ERROR] LogOutputStream:75 - [STDERR_REDIRECT] 
2025-09-22 23:47:47,593 [ERROR] LogOutputStream:75 - [STDERR_REDIRECT] [Fatal Error] :1:1: Premature end of file.
2025-09-22 23:47:47,593 [ERROR] LogOutputStream:75 - [STDERR_REDIRECT] 
2025-09-22 23:47:48,593 [ERROR] LogOutputStream:75 - [STDERR_REDIRECT] [Fatal Error] :1:1: Premature end of file.
2025-09-22 23:47:48,593 [ERROR] LogOutputStream:75 - [STDERR_REDIRECT] 
2025-09-22 23:47:49,594 [ERROR] LogOutputStream:75 - [STDERR_REDIRECT] [Fatal Error] :1:1: Premature end of file.
2025-09-22 23:47:49,594 [ERROR] LogOutputStream:75 - [STDERR_REDIRECT] 
2025-09-22 23:47:50,590 [ERROR] LogOutputStream:75 - [STDERR_REDIRECT] [Fatal Error] :1:1: Premature end of file.
2025-09-22 23:47:50,590 [ERROR] LogOutputStream:75 - [STDERR_REDIRECT] 
2025-09-22 23:47:51,591 [ERROR] LogOutputStream:75 - [STDERR_REDIRECT] [Fatal Error] :1:1: Premature end of file.
2025-09-22 23:47:51,591 [ERROR] LogOutputStream:75 - [STDERR_REDIRECT] 
2025-09-22 23:47:52,595 [ERROR] LogOutputStream:75 - [STDERR_REDIRECT] [Fatal Error] :1:1: Premature end of file.
2025-09-22 23:47:52,595 [ERROR] LogOutputStream:75 - [STDERR_REDIRECT] 
2025-09-22 23:47:53,595 [ERROR] LogOutputStream:75 - [STDERR_REDIRECT] [Fatal Error] :1:1: Premature end of file.
2025-09-22 23:47:53,596 [ERROR] LogOutputStream:75 - [STDERR_REDIRECT] 
2025-09-22 23:47:54,598 [ERROR] LogOutputStream:75 - [STDERR_REDIRECT] [Fatal Error] :1:1: Premature end of file.
2025-09-22 23:47:54,598 [ERROR] LogOutputStream:75 - [STDERR_REDIRECT] 
2025-09-22 23:47:55,591 [ERROR] LogOutputStream:75 - [STDERR_REDIRECT] [Fatal Error] :1:1: Premature end of file.
2025-09-22 23:47:55,592 [ERROR] LogOutputStream:75 - [STDERR_REDIRECT] 
2025-09-22 23:47:56,594 [ERROR] LogOutputStream:75 - [STDERR_REDIRECT] [Fatal Error] :1:1: Premature end of file.
2025-09-22 23:47:56,594 [ERROR] LogOutputStream:75 - [STDERR_REDIRECT] 
2025-09-22 23:47:57,594 [ERROR] LogOutputStream:75 - [STDERR_REDIRECT] [Fatal Error] :1:1: Premature end of file.
2025-09-22 23:47:57,594 [ERROR] LogOutputStream:75 - [STDERR_REDIRECT] 
2025-09-22 23:47:58,592 [ERROR] LogOutputStream:75 - [STDERR_REDIRECT] [Fatal Error] :1:1: Premature end of file.
2025-09-22 23:47:58,593 [ERROR] LogOutputStream:75 - [STDERR_REDIRECT] 
2025-09-22 23:47:59,591 [ERROR] LogOutputStream:75 - [STDERR_REDIRECT] [Fatal Error] :1:1: Premature end of file.
2025-09-22 23:47:59,592 [ERROR] LogOutputStream:75 - [STDERR_REDIRECT] 
2025-09-22 23:48:00,598 [ERROR] LogOutputStream:75 - [STDERR_REDIRECT] [Fatal Error] :1:1: Premature end of file.
2025-09-22 23:48:00,598 [ERROR] LogOutputStream:75 - [STDERR_REDIRECT] 
2025-09-22 23:48:01,592 [ERROR] LogOutputStream:75 - [STDERR_REDIRECT] [Fatal Error] :1:1: Premature end of file.
2025-09-22 23:48:01,592 [ERROR] LogOutputStream:75 - [STDERR_REDIRECT] 
2025-09-22 23:48:02,591 [ERROR] LogOutputStream:75 - [STDERR_REDIRECT] [Fatal Error] :1:1: Premature end of file.
2025-09-22 23:48:02,591 [ERROR] LogOutputStream:75 - [STDERR_REDIRECT] 
2025-09-22 23:48:03,593 [ERROR] LogOutputStream:75 - [STDERR_REDIRECT] [Fatal Error] :1:1: Premature end of file.
2025-09-22 23:48:03,593 [ERROR] LogOutputStream:75 - [STDERR_REDIRECT] 
2025-09-22 23:48:04,593 [ERROR] LogOutputStream:75 - [STDERR_REDIRECT] [Fatal Error] :1:1: Premature end of file.
2025-09-22 23:48:04,594 [ERROR] LogOutputStream:75 - [STDERR_REDIRECT] 
2025-09-22 23:48:05,597 [ERROR] LogOutputStream:75 - [STDERR_REDIRECT] [Fatal Error] :1:1: Premature end of file.
2025-09-22 23:48:05,597 [ERROR] LogOutputStream:75 - [STDERR_REDIRECT] 
2025-09-22 23:48:06,593 [ERROR] LogOutputStream:75 - [STDERR_REDIRECT] [Fatal Error] :1:1: Premature end of file.
2025-09-22 23:48:06,593 [ERROR] LogOutputStream:75 - [STDERR_REDIRECT] 
2025-09-22 23:48:07,592 [ERROR] LogOutputStream:75 - [STDERR_REDIRECT] [Fatal Error] :1:1: Premature end of file.
2025-09-22 23:48:07,593 [ERROR] LogOutputStream:75 - [STDERR_REDIRECT] 
2025-09-22 23:48:08,593 [ERROR] LogOutputStream:75 - [STDERR_REDIRECT] [Fatal Error] :1:1: Premature end of file.
2025-09-22 23:48:08,593 [ERROR] LogOutputStream:75 - [STDERR_REDIRECT] 
2025-09-22 23:48:09,594 [ERROR] LogOutputStream:75 - [STDERR_REDIRECT] [Fatal Error] :1:1: Premature end of file.
2025-09-22 23:48:09,594 [ERROR] LogOutputStream:75 - [STDERR_REDIRECT] 
2025-09-22 23:48:10,594 [ERROR] LogOutputStream:75 - [STDERR_REDIRECT] [Fatal Error] :1:1: Premature end of file.
2025-09-22 23:48:10,595 [ERROR] LogOutputStream:75 - [STDERR_REDIRECT] 
2025-09-22 23:48:11,590 [ERROR] LogOutputStream:75 - [STDERR_REDIRECT] [Fatal Error] :1:1: Premature end of file.
2025-09-22 23:48:11,590 [ERROR] LogOutputStream:75 - [STDERR_REDIRECT] 
2025-09-22 23:48:12,591 [ERROR] LogOutputStream:75 - [STDERR_REDIRECT] [Fatal Error] :1:1: Premature end of file.
2025-09-22 23:48:12,592 [ERROR] LogOutputStream:75 - [STDERR_REDIRECT] 
2025-09-22 23:48:13,592 [ERROR] LogOutputStream:75 - [STDERR_REDIRECT] [Fatal Error] :1:1: Premature end of file.
2025-09-22 23:48:13,592 [ERROR] LogOutputStream:75 - [STDERR_REDIRECT] 
2025-09-22 23:48:14,594 [ERROR] LogOutputStream:75 - [STDERR_REDIRECT] [Fatal Error] :1:1: Premature end of file.
2025-09-22 23:48:14,594 [ERROR] LogOutputStream:75 - [STDERR_REDIRECT] 
2025-09-22 23:48:15,597 [ERROR] LogOutputStream:75 - [STDERR_REDIRECT] [Fatal Error] :1:1: Premature end of file.
2025-09-22 23:48:15,597 [ERROR] LogOutputStream:75 - [STDERR_REDIRECT] 
2025-09-22 23:48:16,599 [ERROR] LogOutputStream:75 - [STDERR_REDIRECT] [Fatal Error] :1:1: Premature end of file.
2025-09-22 23:48:16,600 [ERROR] LogOutputStream:75 - [STDERR_REDIRECT] 
2025-09-22 23:48:17,595 [ERROR] LogOutputStream:75 - [STDERR_REDIRECT] [Fatal Error] :1:1: Premature end of file.
2025-09-22 23:48:17,595 [ERROR] LogOutputStream:75 - [STDERR_REDIRECT] 
2025-09-22 23:48:18,598 [ERROR] LogOutputStream:75 - [STDERR_REDIRECT] [Fatal Error] :1:1: Premature end of file.
2025-09-22 23:48:18,599 [ERROR] LogOutputStream:75 - [STDERR_REDIRECT] 
2025-09-22 23:48:19,596 [ERROR] LogOutputStream:75 - [STDERR_REDIRECT] [Fatal Error] :1:1: Premature end of file.
2025-09-22 23:48:19,596 [ERROR] LogOutputStream:75 - [STDERR_REDIRECT] 
2025-09-22 23:48:20,617 [ERROR] LogOutputStream:75 - [STDERR_REDIRECT] [Fatal Error] :1:1: Premature end of file.
2025-09-22 23:48:20,618 [ERROR] LogOutputStream:75 - [STDERR_REDIRECT] 
2025-09-22 23:48:21,590 [ERROR] LogOutputStream:75 - [STDERR_REDIRECT] [Fatal Error] :1:1: Premature end of file.
2025-09-22 23:48:21,590 [ERROR] LogOutputStream:75 - [STDERR_REDIRECT] 
2025-09-22 23:48:22,592 [ERROR] LogOutputStream:75 - [STDERR_REDIRECT] [Fatal Error] :1:1: Premature end of file.
2025-09-22 23:48:22,592 [ERROR] LogOutputStream:75 - [STDERR_REDIRECT] 
2025-09-22 23:48:23,593 [ERROR] LogOutputStream:75 - [STDERR_REDIRECT] [Fatal Error] :1:1: Premature end of file.
2025-09-22 23:48:23,593 [ERROR] LogOutputStream:75 - [STDERR_REDIRECT] 
2025-09-22 23:48:24,591 [ERROR] LogOutputStream:75 - [STDERR_REDIRECT] [Fatal Error] :1:1: Premature end of file.
2025-09-22 23:48:24,592 [ERROR] LogOutputStream:75 - [STDERR_REDIRECT] 
2025-09-22 23:48:25,593 [ERROR] LogOutputStream:75 - [STDERR_REDIRECT] [Fatal Error] :1:1: Premature end of file.
2025-09-22 23:48:25,593 [ERROR] LogOutputStream:75 - [STDERR_REDIRECT] 
2025-09-22 23:48:26,602 [ERROR] LogOutputStream:75 - [STDERR_REDIRECT] [Fatal Error] :1:1: Premature end of file.
2025-09-22 23:48:26,602 [ERROR] LogOutputStream:75 - [STDERR_REDIRECT] 
2025-09-22 23:48:27,593 [ERROR] LogOutputStream:75 - [STDERR_REDIRECT] [Fatal Error] :1:1: Premature end of file.
2025-09-22 23:48:27,593 [ERROR] LogOutputStream:75 - [STDERR_REDIRECT] 
2025-09-22 23:48:28,594 [ERROR] LogOutputStream:75 - [STDERR_REDIRECT] [Fatal Error] :1:1: Premature end of file.
2025-09-22 23:48:28,594 [ERROR] LogOutputStream:75 - [STDERR_REDIRECT] 
2025-09-22 23:48:29,595 [ERROR] LogOutputStream:75 - [STDERR_REDIRECT] [Fatal Error] :1:1: Premature end of file.
2025-09-22 23:48:29,595 [ERROR] LogOutputStream:75 - [STDERR_REDIRECT] 
2025-09-22 23:48:30,593 [ERROR] LogOutputStream:75 - [STDERR_REDIRECT] [Fatal Error] :1:1: Premature end of file.
2025-09-22 23:48:30,594 [ERROR] LogOutputStream:75 - [STDERR_REDIRECT] 
2025-09-22 23:48:31,593 [ERROR] LogOutputStream:75 - [STDERR_REDIRECT] [Fatal Error] :1:1: Premature end of file.
2025-09-22 23:48:31,593 [ERROR] LogOutputStream:75 - [STDERR_REDIRECT] 
2025-09-22 23:48:32,613 [ERROR] LogOutputStream:75 - [STDERR_REDIRECT] [Fatal Error] :1:1: Premature end of file.
2025-09-22 23:48:32,613 [ERROR] LogOutputStream:75 - [STDERR_REDIRECT] 
2025-09-22 23:48:33,594 [ERROR] LogOutputStream:75 - [STDERR_REDIRECT] [Fatal Error] :1:1: Premature end of file.
2025-09-22 23:48:33,594 [ERROR] LogOutputStream:75 - [STDERR_REDIRECT] 
2025-09-22 23:48:34,590 [ERROR] LogOutputStream:75 - [STDERR_REDIRECT] [Fatal Error] :1:1: Premature end of file.
2025-09-22 23:48:34,591 [ERROR] LogOutputStream:75 - [STDERR_REDIRECT] 
2025-09-22 23:48:35,594 [ERROR] LogOutputStream:75 - [STDERR_REDIRECT] [Fatal Error] :1:1: Premature end of file.
2025-09-22 23:48:35,594 [ERROR] LogOutputStream:75 - [STDERR_REDIRECT] 
2025-09-22 23:48:36,592 [ERROR] LogOutputStream:75 - [STDERR_REDIRECT] [Fatal Error] :1:1: Premature end of file.
2025-09-22 23:48:36,592 [ERROR] LogOutputStream:75 - [STDERR_REDIRECT] 
2025-09-22 23:48:37,593 [ERROR] LogOutputStream:75 - [STDERR_REDIRECT] [Fatal Error] :1:1: Premature end of file.
2025-09-22 23:48:37,593 [ERROR] LogOutputStream:75 - [STDERR_REDIRECT] 
2025-09-22 23:48:38,595 [ERROR] LogOutputStream:75 - [STDERR_REDIRECT] [Fatal Error] :1:1: Premature end of file.
2025-09-22 23:48:38,595 [ERROR] LogOutputStream:75 - [STDERR_REDIRECT] 
2025-09-22 23:48:39,593 [ERROR] LogOutputStream:75 - [STDERR_REDIRECT] [Fatal Error] :1:1: Premature end of file.
2025-09-22 23:48:39,593 [ERROR] LogOutputStream:75 - [STDERR_REDIRECT] 
2025-09-22 23:48:40,593 [ERROR] LogOutputStream:75 - [STDERR_REDIRECT] [Fatal Error] :1:1: Premature end of file.
2025-09-22 23:48:40,593 [ERROR] LogOutputStream:75 - [STDERR_REDIRECT] 
2025-09-22 23:48:41,592 [ERROR] LogOutputStream:75 - [STDERR_REDIRECT] [Fatal Error] :1:1: Premature end of file.
2025-09-22 23:48:41,592 [ERROR] LogOutputStream:75 - [STDERR_REDIRECT] 
2025-09-22 23:48:42,595 [ERROR] LogOutputStream:75 - [STDERR_REDIRECT] [Fatal Error] :1:1: Premature end of file.
2025-09-22 23:48:42,595 [ERROR] LogOutputStream:75 - [STDERR_REDIRECT] 
2025-09-22 23:48:43,593 [ERROR] LogOutputStream:75 - [STDERR_REDIRECT] [Fatal Error] :1:1: Premature end of file.
2025-09-22 23:48:43,593 [ERROR] LogOutputStream:75 - [STDERR_REDIRECT] 
2025-09-22 23:48:44,595 [ERROR] LogOutputStream:75 - [STDERR_REDIRECT] [Fatal Error] :1:1: Premature end of file.
2025-09-22 23:48:44,596 [ERROR] LogOutputStream:75 - [STDERR_REDIRECT] 
2025-09-22 23:48:45,594 [ERROR] LogOutputStream:75 - [STDERR_REDIRECT] [Fatal Error] :1:1: Premature end of file.
2025-09-22 23:48:45,594 [ERROR] LogOutputStream:75 - [STDERR_REDIRECT] 
2025-09-22 23:48:46,593 [ERROR] LogOutputStream:75 - [STDERR_REDIRECT] [Fatal Error] :1:1: Premature end of file.
2025-09-22 23:48:46,593 [ERROR] LogOutputStream:75 - [STDERR_REDIRECT] 
2025-09-22 23:48:47,594 [ERROR] LogOutputStream:75 - [STDERR_REDIRECT] [Fatal Error] :1:1: Premature end of file.
2025-09-22 23:48:47,594 [ERROR] LogOutputStream:75 - [STDERR_REDIRECT] 
2025-09-22 23:48:48,593 [ERROR] LogOutputStream:75 - [STDERR_REDIRECT] [Fatal Error] :1:1: Premature end of file.
2025-09-22 23:48:48,594 [ERROR] LogOutputStream:75 - [STDERR_REDIRECT] 
2025-09-22 23:48:49,592 [ERROR] LogOutputStream:75 - [STDERR_REDIRECT] [Fatal Error] :1:1: Premature end of file.
2025-09-22 23:48:49,593 [ERROR] LogOutputStream:75 - [STDERR_REDIRECT] 
2025-09-22 23:48:50,597 [ERROR] LogOutputStream:75 - [STDERR_REDIRECT] [Fatal Error] :1:1: Premature end of file.
2025-09-22 23:48:50,597 [ERROR] LogOutputStream:75 - [STDERR_REDIRECT] 
2025-09-22 23:48:51,594 [ERROR] LogOutputStream:75 - [STDERR_REDIRECT] [Fatal Error] :1:1: Premature end of file.
2025-09-22 23:48:51,594 [ERROR] LogOutputStream:75 - [STDERR_REDIRECT] 
2025-09-22 23:48:52,598 [ERROR] LogOutputStream:75 - [STDERR_REDIRECT] [Fatal Error] :1:1: Premature end of file.
2025-09-22 23:48:52,598 [ERROR] LogOutputStream:75 - [STDERR_REDIRECT] 
2025-09-22 23:48:53,595 [ERROR] LogOutputStream:75 - [STDERR_REDIRECT] [Fatal Error] :1:1: Premature end of file.
2025-09-22 23:48:53,595 [ERROR] LogOutputStream:75 - [STDERR_REDIRECT] 
2025-09-22 23:48:54,597 [ERROR] LogOutputStream:75 - [STDERR_REDIRECT] [Fatal Error] :1:1: Premature end of file.
2025-09-22 23:48:54,597 [ERROR] LogOutputStream:75 - [STDERR_REDIRECT] 
2025-09-22 23:48:55,596 [ERROR] LogOutputStream:75 - [STDERR_REDIRECT] [Fatal Error] :1:1: Premature end of file.
2025-09-22 23:48:55,596 [ERROR] LogOutputStream:75 - [STDERR_REDIRECT] 
2025-09-22 23:48:56,592 [ERROR] LogOutputStream:75 - [STDERR_REDIRECT] [Fatal Error] :1:1: Premature end of file.
2025-09-22 23:48:56,592 [ERROR] LogOutputStream:75 - [STDERR_REDIRECT] 
2025-09-22 23:48:57,593 [ERROR] LogOutputStream:75 - [STDERR_REDIRECT] [Fatal Error] :1:1: Premature end of file.
2025-09-22 23:48:57,593 [ERROR] LogOutputStream:75 - [STDERR_REDIRECT] 
2025-09-22 23:48:58,594 [ERROR] LogOutputStream:75 - [STDERR_REDIRECT] [Fatal Error] :1:1: Premature end of file.
2025-09-22 23:48:58,594 [ERROR] LogOutputStream:75 - [STDERR_REDIRECT] 
2025-09-22 23:48:59,595 [ERROR] LogOutputStream:75 - [STDERR_REDIRECT] [Fatal Error] :1:1: Premature end of file.
2025-09-22 23:48:59,595 [ERROR] LogOutputStream:75 - [STDERR_REDIRECT] 
2025-09-22 23:49:00,595 [ERROR] LogOutputStream:75 - [STDERR_REDIRECT] [Fatal Error] :1:1: Premature end of file.
2025-09-22 23:49:00,596 [ERROR] LogOutputStream:75 - [STDERR_REDIRECT] 
2025-09-22 23:49:01,595 [ERROR] LogOutputStream:75 - [STDERR_REDIRECT] [Fatal Error] :1:1: Premature end of file.
2025-09-22 23:49:01,596 [ERROR] LogOutputStream:75 - [STDERR_REDIRECT] 
2025-09-22 23:49:02,595 [ERROR] LogOutputStream:75 - [STDERR_REDIRECT] [Fatal Error] :1:1: Premature end of file.
2025-09-22 23:49:02,595 [ERROR] LogOutputStream:75 - [STDERR_REDIRECT] 
2025-09-22 23:49:03,592 [ERROR] LogOutputStream:75 - [STDERR_REDIRECT] [Fatal Error] :1:1: Premature end of file.
2025-09-22 23:49:03,592 [ERROR] LogOutputStream:75 - [STDERR_REDIRECT] 
2025-09-22 23:49:04,593 [ERROR] LogOutputStream:75 - [STDERR_REDIRECT] [Fatal Error] :1:1: Premature end of file.
2025-09-22 23:49:04,594 [ERROR] LogOutputStream:75 - [STDERR_REDIRECT] 
2025-09-22 23:49:05,592 [ERROR] LogOutputStream:75 - [STDERR_REDIRECT] [Fatal Error] :1:1: Premature end of file.
2025-09-22 23:49:05,593 [ERROR] LogOutputStream:75 - [STDERR_REDIRECT] 
2025-09-22 23:49:06,594 [ERROR] LogOutputStream:75 - [STDERR_REDIRECT] [Fatal Error] :1:1: Premature end of file.
2025-09-22 23:49:06,595 [ERROR] LogOutputStream:75 - [STDERR_REDIRECT] 
2025-09-22 23:49:07,591 [ERROR] LogOutputStream:75 - [STDERR_REDIRECT] [Fatal Error] :1:1: Premature end of file.
2025-09-22 23:49:07,592 [ERROR] LogOutputStream:75 - [STDERR_REDIRECT] 
2025-09-22 23:49:08,593 [ERROR] LogOutputStream:75 - [STDERR_REDIRECT] [Fatal Error] :1:1: Premature end of file.
2025-09-22 23:49:08,593 [ERROR] LogOutputStream:75 - [STDERR_REDIRECT] 
2025-09-22 23:49:09,594 [ERROR] LogOutputStream:75 - [STDERR_REDIRECT] [Fatal Error] :1:1: Premature end of file.
2025-09-22 23:49:09,594 [ERROR] LogOutputStream:75 - [STDERR_REDIRECT] 
2025-09-22 23:49:10,594 [ERROR] LogOutputStream:75 - [STDERR_REDIRECT] [Fatal Error] :1:1: Premature end of file.
2025-09-22 23:49:10,594 [ERROR] LogOutputStream:75 - [STDERR_REDIRECT] 
2025-09-22 23:49:11,594 [ERROR] LogOutputStream:75 - [STDERR_REDIRECT] [Fatal Error] :1:1: Premature end of file.
2025-09-22 23:49:11,595 [ERROR] LogOutputStream:75 - [STDERR_REDIRECT] 
2025-09-22 23:49:12,599 [ERROR] LogOutputStream:75 - [STDERR_REDIRECT] [Fatal Error] :1:1: Premature end of file.
2025-09-22 23:49:12,599 [ERROR] LogOutputStream:75 - [STDERR_REDIRECT] 
2025-09-22 23:49:13,598 [ERROR] LogOutputStream:75 - [STDERR_REDIRECT] [Fatal Error] :1:1: Premature end of file.
2025-09-22 23:49:13,598 [ERROR] LogOutputStream:75 - [STDERR_REDIRECT] 
2025-09-22 23:49:14,594 [ERROR] LogOutputStream:75 - [STDERR_REDIRECT] [Fatal Error] :1:1: Premature end of file.
2025-09-22 23:49:14,594 [ERROR] LogOutputStream:75 - [STDERR_REDIRECT] 
2025-09-22 23:49:15,593 [ERROR] LogOutputStream:75 - [STDERR_REDIRECT] [Fatal Error] :1:1: Premature end of file.
2025-09-22 23:49:15,593 [ERROR] LogOutputStream:75 - [STDERR_REDIRECT] 
2025-09-22 23:49:16,591 [ERROR] LogOutputStream:75 - [STDERR_REDIRECT] [Fatal Error] :1:1: Premature end of file.
2025-09-22 23:49:16,592 [ERROR] LogOutputStream:75 - [STDERR_REDIRECT] 
2025-09-22 23:49:17,595 [ERROR] LogOutputStream:75 - [STDERR_REDIRECT] [Fatal Error] :1:1: Premature end of file.
2025-09-22 23:49:17,595 [ERROR] LogOutputStream:75 - [STDERR_REDIRECT] 
2025-09-22 23:49:18,597 [ERROR] LogOutputStream:75 - [STDERR_REDIRECT] [Fatal Error] :1:1: Premature end of file.
2025-09-22 23:49:18,597 [ERROR] LogOutputStream:75 - [STDERR_REDIRECT] 
2025-09-22 23:49:19,594 [ERROR] LogOutputStream:75 - [STDERR_REDIRECT] [Fatal Error] :1:1: Premature end of file.
2025-09-22 23:49:19,594 [ERROR] LogOutputStream:75 - [STDERR_REDIRECT] 
2025-09-22 23:49:20,592 [ERROR] LogOutputStream:75 - [STDERR_REDIRECT] [Fatal Error] :1:1: Premature end of file.
2025-09-22 23:49:20,592 [ERROR] LogOutputStream:75 - [STDERR_REDIRECT] 
2025-09-22 23:49:21,592 [ERROR] LogOutputStream:75 - [STDERR_REDIRECT] [Fatal Error] :1:1: Premature end of file.
2025-09-22 23:49:21,592 [ERROR] LogOutputStream:75 - [STDERR_REDIRECT] 
2025-09-22 23:49:22,596 [ERROR] LogOutputStream:75 - [STDERR_REDIRECT] [Fatal Error] :1:1: Premature end of file.
2025-09-22 23:49:22,596 [ERROR] LogOutputStream:75 - [STDERR_REDIRECT] 
2025-09-22 23:49:23,596 [ERROR] LogOutputStream:75 - [STDERR_REDIRECT] [Fatal Error] :1:1: Premature end of file.
2025-09-22 23:49:23,596 [ERROR] LogOutputStream:75 - [STDERR_REDIRECT] 
2025-09-22 23:49:24,594 [ERROR] LogOutputStream:75 - [STDERR_REDIRECT] [Fatal Error] :1:1: Premature end of file.
2025-09-22 23:49:24,594 [ERROR] LogOutputStream:75 - [STDERR_REDIRECT] 
2025-09-22 23:49:25,596 [ERROR] LogOutputStream:75 - [STDERR_REDIRECT] [Fatal Error] :1:1: Premature end of file.
2025-09-22 23:49:25,596 [ERROR] LogOutputStream:75 - [STDERR_REDIRECT] 
2025-09-22 23:49:26,593 [ERROR] LogOutputStream:75 - [STDERR_REDIRECT] [Fatal Error] :1:1: Premature end of file.
2025-09-22 23:49:26,593 [ERROR] LogOutputStream:75 - [STDERR_REDIRECT] 
2025-09-22 23:49:27,591 [ERROR] LogOutputStream:75 - [STDERR_REDIRECT] [Fatal Error] :1:1: Premature end of file.
2025-09-22 23:49:27,592 [ERROR] LogOutputStream:75 - [STDERR_REDIRECT] 
2025-09-22 23:49:28,596 [ERROR] LogOutputStream:75 - [STDERR_REDIRECT] [Fatal Error] :1:1: Premature end of file.
2025-09-22 23:49:28,596 [ERROR] LogOutputStream:75 - [STDERR_REDIRECT] 
2025-09-22 23:49:29,595 [ERROR] LogOutputStream:75 - [STDERR_REDIRECT] [Fatal Error] :1:1: Premature end of file.
2025-09-22 23:49:29,595 [ERROR] LogOutputStream:75 - [STDERR_REDIRECT] 
2025-09-22 23:49:30,591 [ERROR] LogOutputStream:75 - [STDERR_REDIRECT] [Fatal Error] :1:1: Premature end of file.
2025-09-22 23:49:30,592 [ERROR] LogOutputStream:75 - [STDERR_REDIRECT] 
2025-09-22 23:49:31,599 [ERROR] LogOutputStream:75 - [STDERR_REDIRECT] [Fatal Error] :1:1: Premature end of file.
2025-09-22 23:49:31,600 [ERROR] LogOutputStream:75 - [STDERR_REDIRECT] 
2025-09-22 23:49:32,592 [ERROR] LogOutputStream:75 - [STDERR_REDIRECT] [Fatal Error] :1:1: Premature end of file.
2025-09-22 23:49:32,593 [ERROR] LogOutputStream:75 - [STDERR_REDIRECT] 
2025-09-22 23:49:33,594 [ERROR] LogOutputStream:75 - [STDERR_REDIRECT] [Fatal Error] :1:1: Premature end of file.
2025-09-22 23:49:33,594 [ERROR] LogOutputStream:75 - [STDERR_REDIRECT] 
2025-09-22 23:49:34,595 [ERROR] LogOutputStream:75 - [STDERR_REDIRECT] [Fatal Error] :1:1: Premature end of file.
2025-09-22 23:49:34,595 [ERROR] LogOutputStream:75 - [STDERR_REDIRECT] 
2025-09-22 23:49:35,593 [ERROR] LogOutputStream:75 - [STDERR_REDIRECT] [Fatal Error] :1:1: Premature end of file.
2025-09-22 23:49:35,593 [ERROR] LogOutputStream:75 - [STDERR_REDIRECT] 
2025-09-22 23:49:36,597 [ERROR] LogOutputStream:75 - [STDERR_REDIRECT] [Fatal Error] :1:1: Premature end of file.
2025-09-22 23:49:36,597 [ERROR] LogOutputStream:75 - [STDERR_REDIRECT] 
2025-09-22 23:49:37,593 [ERROR] LogOutputStream:75 - [STDERR_REDIRECT] [Fatal Error] :1:1: Premature end of file.
2025-09-22 23:49:37,594 [ERROR] LogOutputStream:75 - [STDERR_REDIRECT] 
2025-09-22 23:49:38,595 [ERROR] LogOutputStream:75 - [STDERR_REDIRECT] [Fatal Error] :1:1: Premature end of file.
2025-09-22 23:49:38,595 [ERROR] LogOutputStream:75 - [STDERR_REDIRECT] 
2025-09-22 23:49:39,596 [ERROR] LogOutputStream:75 - [STDERR_REDIRECT] [Fatal Error] :1:1: Premature end of file.
2025-09-22 23:49:39,596 [ERROR] LogOutputStream:75 - [STDERR_REDIRECT] 
2025-09-22 23:49:40,593 [ERROR] LogOutputStream:75 - [STDERR_REDIRECT] [Fatal Error] :1:1: Premature end of file.
2025-09-22 23:49:40,594 [ERROR] LogOutputStream:75 - [STDERR_REDIRECT] 
2025-09-22 23:49:41,595 [ERROR] LogOutputStream:75 - [STDERR_REDIRECT] [Fatal Error] :1:1: Premature end of file.
2025-09-22 23:49:41,596 [ERROR] LogOutputStream:75 - [STDERR_REDIRECT] 
2025-09-22 23:49:42,592 [ERROR] LogOutputStream:75 - [STDERR_REDIRECT] [Fatal Error] :1:1: Premature end of file.
2025-09-22 23:49:42,592 [ERROR] LogOutputStream:75 - [STDERR_REDIRECT] 
2025-09-22 23:49:43,593 [ERROR] LogOutputStream:75 - [STDERR_REDIRECT] [Fatal Error] :1:1: Premature end of file.
2025-09-22 23:49:43,593 [ERROR] LogOutputStream:75 - [STDERR_REDIRECT] 
2025-09-22 23:49:44,593 [ERROR] LogOutputStream:75 - [STDERR_REDIRECT] [Fatal Error] :1:1: Premature end of file.
2025-09-22 23:49:44,593 [ERROR] LogOutputStream:75 - [STDERR_REDIRECT] 
2025-09-22 23:49:45,595 [ERROR] LogOutputStream:75 - [STDERR_REDIRECT] [Fatal Error] :1:1: Premature end of file.
2025-09-22 23:49:45,596 [ERROR] LogOutputStream:75 - [STDERR_REDIRECT] 
2025-09-22 23:49:46,595 [ERROR] LogOutputStream:75 - [STDERR_REDIRECT] [Fatal Error] :1:1: Premature end of file.
2025-09-22 23:49:46,596 [ERROR] LogOutputStream:75 - [STDERR_REDIRECT] 
2025-09-22 23:49:47,593 [ERROR] LogOutputStream:75 - [STDERR_REDIRECT] [Fatal Error] :1:1: Premature end of file.
2025-09-22 23:49:47,593 [ERROR] LogOutputStream:75 - [STDERR_REDIRECT] 
2025-09-22 23:49:48,596 [ERROR] LogOutputStream:75 - [STDERR_REDIRECT] [Fatal Error] :1:1: Premature end of file.
2025-09-22 23:49:48,596 [ERROR] LogOutputStream:75 - [STDERR_REDIRECT] 
2025-09-22 23:49:49,594 [ERROR] LogOutputStream:75 - [STDERR_REDIRECT] [Fatal Error] :1:1: Premature end of file.
2025-09-22 23:49:49,594 [ERROR] LogOutputStream:75 - [STDERR_REDIRECT] 
2025-09-22 23:49:50,599 [ERROR] LogOutputStream:75 - [STDERR_REDIRECT] [Fatal Error] :1:1: Premature end of file.
2025-09-22 23:49:50,599 [ERROR] LogOutputStream:75 - [STDERR_REDIRECT] 
2025-09-22 23:49:51,597 [ERROR] LogOutputStream:75 - [STDERR_REDIRECT] [Fatal Error] :1:1: Premature end of file.
2025-09-22 23:49:51,597 [ERROR] LogOutputStream:75 - [STDERR_REDIRECT] 
2025-09-22 23:49:52,595 [ERROR] LogOutputStream:75 - [STDERR_REDIRECT] [Fatal Error] :1:1: Premature end of file.
2025-09-22 23:49:52,596 [ERROR] LogOutputStream:75 - [STDERR_REDIRECT] 
2025-09-22 23:49:53,596 [ERROR] LogOutputStream:75 - [STDERR_REDIRECT] [Fatal Error] :1:1: Premature end of file.
2025-09-22 23:49:53,596 [ERROR] LogOutputStream:75 - [STDERR_REDIRECT] 
2025-09-22 23:49:54,594 [ERROR] LogOutputStream:75 - [STDERR_REDIRECT] [Fatal Error] :1:1: Premature end of file.
2025-09-22 23:49:54,594 [ERROR] LogOutputStream:75 - [STDERR_REDIRECT] 
2025-09-22 23:49:55,600 [ERROR] LogOutputStream:75 - [STDERR_REDIRECT] [Fatal Error] :1:1: Premature end of file.
2025-09-22 23:49:55,601 [ERROR] LogOutputStream:75 - [STDERR_REDIRECT] 
2025-09-22 23:49:56,595 [ERROR] LogOutputStream:75 - [STDERR_REDIRECT] [Fatal Error] :1:1: Premature end of file.
2025-09-22 23:49:56,595 [ERROR] LogOutputStream:75 - [STDERR_REDIRECT] 
2025-09-22 23:49:57,593 [ERROR] LogOutputStream:75 - [STDERR_REDIRECT] [Fatal Error] :1:1: Premature end of file.
2025-09-22 23:49:57,593 [ERROR] LogOutputStream:75 - [STDERR_REDIRECT] 
2025-09-22 23:49:58,595 [ERROR] LogOutputStream:75 - [STDERR_REDIRECT] [Fatal Error] :1:1: Premature end of file.
2025-09-22 23:49:58,595 [ERROR] LogOutputStream:75 - [STDERR_REDIRECT] 
2025-09-22 23:49:59,598 [ERROR] LogOutputStream:75 - [STDERR_REDIRECT] [Fatal Error] :1:1: Premature end of file.
2025-09-22 23:49:59,598 [ERROR] LogOutputStream:75 - [STDERR_REDIRECT] 
2025-09-22 23:50:00,593 [ERROR] LogOutputStream:75 - [STDERR_REDIRECT] [Fatal Error] :1:1: Premature end of file.
2025-09-22 23:50:00,593 [ERROR] LogOutputStream:75 - [STDERR_REDIRECT] 
2025-09-22 23:50:01,592 [ERROR] LogOutputStream:75 - [STDERR_REDIRECT] [Fatal Error] :1:1: Premature end of file.
2025-09-22 23:50:01,592 [ERROR] LogOutputStream:75 - [STDERR_REDIRECT] 
2025-09-22 23:50:02,595 [ERROR] LogOutputStream:75 - [STDERR_REDIRECT] [Fatal Error] :1:1: Premature end of file.
2025-09-22 23:50:02,595 [ERROR] LogOutputStream:75 - [STDERR_REDIRECT] 
2025-09-22 23:50:03,592 [ERROR] LogOutputStream:75 - [STDERR_REDIRECT] [Fatal Error] :1:1: Premature end of file.
2025-09-22 23:50:03,592 [ERROR] LogOutputStream:75 - [STDERR_REDIRECT] 
2025-09-22 23:50:04,594 [ERROR] LogOutputStream:75 - [STDERR_REDIRECT] [Fatal Error] :1:1: Premature end of file.
2025-09-22 23:50:04,594 [ERROR] LogOutputStream:75 - [STDERR_REDIRECT] 
2025-09-22 23:50:05,594 [ERROR] LogOutputStream:75 - [STDERR_REDIRECT] [Fatal Error] :1:1: Premature end of file.
2025-09-22 23:50:05,594 [ERROR] LogOutputStream:75 - [STDERR_REDIRECT] 
2025-09-22 23:50:06,592 [ERROR] LogOutputStream:75 - [STDERR_REDIRECT] [Fatal Error] :1:1: Premature end of file.
2025-09-22 23:50:06,592 [ERROR] LogOutputStream:75 - [STDERR_REDIRECT] 
2025-09-22 23:50:07,593 [ERROR] LogOutputStream:75 - [STDERR_REDIRECT] [Fatal Error] :1:1: Premature end of file.
2025-09-22 23:50:07,594 [ERROR] LogOutputStream:75 - [STDERR_REDIRECT] 
2025-09-22 23:50:08,601 [ERROR] LogOutputStream:75 - [STDERR_REDIRECT] [Fatal Error] :1:1: Premature end of file.
2025-09-22 23:50:08,602 [ERROR] LogOutputStream:75 - [STDERR_REDIRECT] 
2025-09-22 23:50:09,595 [ERROR] LogOutputStream:75 - [STDERR_REDIRECT] [Fatal Error] :1:1: Premature end of file.
2025-09-22 23:50:09,596 [ERROR] LogOutputStream:75 - [STDERR_REDIRECT] 
2025-09-22 23:50:10,593 [ERROR] LogOutputStream:75 - [STDERR_REDIRECT] [Fatal Error] :1:1: Premature end of file.
2025-09-22 23:50:10,594 [ERROR] LogOutputStream:75 - [STDERR_REDIRECT] 
2025-09-22 23:50:11,594 [ERROR] LogOutputStream:75 - [STDERR_REDIRECT] [Fatal Error] :1:1: Premature end of file.
2025-09-22 23:50:11,594 [ERROR] LogOutputStream:75 - [STDERR_REDIRECT] 
2025-09-22 23:50:12,596 [ERROR] LogOutputStream:75 - [STDERR_REDIRECT] [Fatal Error] :1:1: Premature end of file.
2025-09-22 23:50:12,597 [ERROR] LogOutputStream:75 - [STDERR_REDIRECT] 
2025-09-22 23:50:13,594 [ERROR] LogOutputStream:75 - [STDERR_REDIRECT] [Fatal Error] :1:1: Premature end of file.
2025-09-22 23:50:13,595 [ERROR] LogOutputStream:75 - [STDERR_REDIRECT] 
2025-09-22 23:50:14,593 [ERROR] LogOutputStream:75 - [STDERR_REDIRECT] [Fatal Error] :1:1: Premature end of file.
2025-09-22 23:50:14,594 [ERROR] LogOutputStream:75 - [STDERR_REDIRECT] 
2025-09-22 23:50:15,594 [ERROR] LogOutputStream:75 - [STDERR_REDIRECT] [Fatal Error] :1:1: Premature end of file.
2025-09-22 23:50:15,594 [ERROR] LogOutputStream:75 - [STDERR_REDIRECT] 
2025-09-22 23:50:16,592 [ERROR] LogOutputStream:75 - [STDERR_REDIRECT] [Fatal Error] :1:1: Premature end of file.
2025-09-22 23:50:16,592 [ERROR] LogOutputStream:75 - [STDERR_REDIRECT] 
2025-09-22 23:50:17,594 [ERROR] LogOutputStream:75 - [STDERR_REDIRECT] [Fatal Error] :1:1: Premature end of file.
2025-09-22 23:50:17,594 [ERROR] LogOutputStream:75 - [STDERR_REDIRECT] 
2025-09-22 23:50:18,594 [ERROR] LogOutputStream:75 - [STDERR_REDIRECT] [Fatal Error] :1:1: Premature end of file.
2025-09-22 23:50:18,594 [ERROR] LogOutputStream:75 - [STDERR_REDIRECT] 
2025-09-22 23:50:19,600 [ERROR] LogOutputStream:75 - [STDERR_REDIRECT] [Fatal Error] :1:1: Premature end of file.
2025-09-22 23:50:19,600 [ERROR] LogOutputStream:75 - [STDERR_REDIRECT] 
2025-09-22 23:50:20,597 [ERROR] LogOutputStream:75 - [STDERR_REDIRECT] [Fatal Error] :1:1: Premature end of file.
2025-09-22 23:50:20,598 [ERROR] LogOutputStream:75 - [STDERR_REDIRECT] 
2025-09-22 23:50:21,597 [ERROR] LogOutputStream:75 - [STDERR_REDIRECT] [Fatal Error] :1:1: Premature end of file.
2025-09-22 23:50:21,597 [ERROR] LogOutputStream:75 - [STDERR_REDIRECT] 
2025-09-22 23:50:22,594 [ERROR] LogOutputStream:75 - [STDERR_REDIRECT] [Fatal Error] :1:1: Premature end of file.
2025-09-22 23:50:22,595 [ERROR] LogOutputStream:75 - [STDERR_REDIRECT] 
2025-09-22 23:50:23,594 [ERROR] LogOutputStream:75 - [STDERR_REDIRECT] [Fatal Error] :1:1: Premature end of file.
2025-09-22 23:50:23,595 [ERROR] LogOutputStream:75 - [STDERR_REDIRECT] 
2025-09-22 23:50:24,598 [ERROR] LogOutputStream:75 - [STDERR_REDIRECT] [Fatal Error] :1:1: Premature end of file.
2025-09-22 23:50:24,598 [ERROR] LogOutputStream:75 - [STDERR_REDIRECT] 
2025-09-22 23:50:25,596 [ERROR] LogOutputStream:75 - [STDERR_REDIRECT] [Fatal Error] :1:1: Premature end of file.
2025-09-22 23:50:25,596 [ERROR] LogOutputStream:75 - [STDERR_REDIRECT] 
2025-09-22 23:50:26,591 [ERROR] LogOutputStream:75 - [STDERR_REDIRECT] [Fatal Error] :1:1: Premature end of file.
2025-09-22 23:50:26,591 [ERROR] LogOutputStream:75 - [STDERR_REDIRECT] 
2025-09-22 23:50:27,603 [ERROR] LogOutputStream:75 - [STDERR_REDIRECT] [Fatal Error] :1:1: Premature end of file.
2025-09-22 23:50:27,604 [ERROR] LogOutputStream:75 - [STDERR_REDIRECT] 
2025-09-22 23:50:28,595 [ERROR] LogOutputStream:75 - [STDERR_REDIRECT] [Fatal Error] :1:1: Premature end of file.
2025-09-22 23:50:28,595 [ERROR] LogOutputStream:75 - [STDERR_REDIRECT] 
2025-09-22 23:50:29,593 [ERROR] LogOutputStream:75 - [STDERR_REDIRECT] [Fatal Error] :1:1: Premature end of file.
2025-09-22 23:50:29,593 [ERROR] LogOutputStream:75 - [STDERR_REDIRECT] 
2025-09-22 23:50:30,596 [ERROR] LogOutputStream:75 - [STDERR_REDIRECT] [Fatal Error] :1:1: Premature end of file.
2025-09-22 23:50:30,596 [ERROR] LogOutputStream:75 - [STDERR_REDIRECT] 
2025-09-22 23:50:31,593 [ERROR] LogOutputStream:75 - [STDERR_REDIRECT] [Fatal Error] :1:1: Premature end of file.
2025-09-22 23:50:31,593 [ERROR] LogOutputStream:75 - [STDERR_REDIRECT] 
2025-09-22 23:50:32,598 [ERROR] LogOutputStream:75 - [STDERR_REDIRECT] [Fatal Error] :1:1: Premature end of file.
2025-09-22 23:50:32,598 [ERROR] LogOutputStream:75 - [STDERR_REDIRECT] 
2025-09-22 23:50:33,594 [ERROR] LogOutputStream:75 - [STDERR_REDIRECT] [Fatal Error] :1:1: Premature end of file.
2025-09-22 23:50:33,594 [ERROR] LogOutputStream:75 - [STDERR_REDIRECT] 
2025-09-22 23:50:34,593 [ERROR] LogOutputStream:75 - [STDERR_REDIRECT] [Fatal Error] :1:1: Premature end of file.
2025-09-22 23:50:34,593 [ERROR] LogOutputStream:75 - [STDERR_REDIRECT] 
2025-09-22 23:50:35,594 [ERROR] LogOutputStream:75 - [STDERR_REDIRECT] [Fatal Error] :1:1: Premature end of file.
2025-09-22 23:50:35,595 [ERROR] LogOutputStream:75 - [STDERR_REDIRECT] 
2025-09-22 23:50:36,597 [ERROR] LogOutputStream:75 - [STDERR_REDIRECT] [Fatal Error] :1:1: Premature end of file.
2025-09-22 23:50:36,597 [ERROR] LogOutputStream:75 - [STDERR_REDIRECT] 
2025-09-22 23:50:37,592 [ERROR] LogOutputStream:75 - [STDERR_REDIRECT] [Fatal Error] :1:1: Premature end of file.
2025-09-22 23:50:37,592 [ERROR] LogOutputStream:75 - [STDERR_REDIRECT] 
2025-09-22 23:50:38,590 [ERROR] LogOutputStream:75 - [STDERR_REDIRECT] [Fatal Error] :1:1: Premature end of file.
2025-09-22 23:50:38,590 [ERROR] LogOutputStream:75 - [STDERR_REDIRECT] 
2025-09-22 23:50:39,594 [ERROR] LogOutputStream:75 - [STDERR_REDIRECT] [Fatal Error] :1:1: Premature end of file.
2025-09-22 23:50:39,594 [ERROR] LogOutputStream:75 - [STDERR_REDIRECT] 
2025-09-22 23:50:40,593 [ERROR] LogOutputStream:75 - [STDERR_REDIRECT] [Fatal Error] :1:1: Premature end of file.
2025-09-22 23:50:40,594 [ERROR] LogOutputStream:75 - [STDERR_REDIRECT] 
2025-09-22 23:50:41,595 [ERROR] LogOutputStream:75 - [STDERR_REDIRECT] [Fatal Error] :1:1: Premature end of file.
2025-09-22 23:50:41,595 [ERROR] LogOutputStream:75 - [STDERR_REDIRECT] 
2025-09-22 23:50:42,591 [ERROR] LogOutputStream:75 - [STDERR_REDIRECT] [Fatal Error] :1:1: Premature end of file.
2025-09-22 23:50:42,591 [ERROR] LogOutputStream:75 - [STDERR_REDIRECT] 
2025-09-22 23:50:43,596 [ERROR] LogOutputStream:75 - [STDERR_REDIRECT] [Fatal Error] :1:1: Premature end of file.
2025-09-22 23:50:43,597 [ERROR] LogOutputStream:75 - [STDERR_REDIRECT] 
2025-09-22 23:50:44,595 [ERROR] LogOutputStream:75 - [STDERR_REDIRECT] [Fatal Error] :1:1: Premature end of file.
2025-09-22 23:50:44,595 [ERROR] LogOutputStream:75 - [STDERR_REDIRECT] 
2025-09-22 23:50:45,591 [ERROR] LogOutputStream:75 - [STDERR_REDIRECT] [Fatal Error] :1:1: Premature end of file.
2025-09-22 23:50:45,591 [ERROR] LogOutputStream:75 - [STDERR_REDIRECT] 
2025-09-22 23:50:46,592 [ERROR] LogOutputStream:75 - [STDERR_REDIRECT] [Fatal Error] :1:1: Premature end of file.
2025-09-22 23:50:46,593 [ERROR] LogOutputStream:75 - [STDERR_REDIRECT] 
2025-09-22 23:50:47,596 [ERROR] LogOutputStream:75 - [STDERR_REDIRECT] [Fatal Error] :1:1: Premature end of file.
2025-09-22 23:50:47,597 [ERROR] LogOutputStream:75 - [STDERR_REDIRECT] 
2025-09-22 23:50:48,590 [ERROR] LogOutputStream:75 - [STDERR_REDIRECT] [Fatal Error] :1:1: Premature end of file.
2025-09-22 23:50:48,590 [ERROR] LogOutputStream:75 - [STDERR_REDIRECT] 
2025-09-22 23:50:49,593 [ERROR] LogOutputStream:75 - [STDERR_REDIRECT] [Fatal Error] :1:1: Premature end of file.
2025-09-22 23:50:49,593 [ERROR] LogOutputStream:75 - [STDERR_REDIRECT] 
2025-09-22 23:50:50,600 [ERROR] LogOutputStream:75 - [STDERR_REDIRECT] [Fatal Error] :1:1: Premature end of file.
2025-09-22 23:50:50,600 [ERROR] LogOutputStream:75 - [STDERR_REDIRECT] 
2025-09-22 23:50:51,592 [ERROR] LogOutputStream:75 - [STDERR_REDIRECT] [Fatal Error] :1:1: Premature end of file.
2025-09-22 23:50:51,592 [ERROR] LogOutputStream:75 - [STDERR_REDIRECT] 
2025-09-22 23:50:52,594 [ERROR] LogOutputStream:75 - [STDERR_REDIRECT] [Fatal Error] :1:1: Premature end of file.
2025-09-22 23:50:52,595 [ERROR] LogOutputStream:75 - [STDERR_REDIRECT] 
2025-09-22 23:50:53,595 [ERROR] LogOutputStream:75 - [STDERR_REDIRECT] [Fatal Error] :1:1: Premature end of file.
2025-09-22 23:50:53,595 [ERROR] LogOutputStream:75 - [STDERR_REDIRECT] 
2025-09-22 23:50:54,599 [ERROR] LogOutputStream:75 - [STDERR_REDIRECT] [Fatal Error] :1:1: Premature end of file.
2025-09-22 23:50:54,599 [ERROR] LogOutputStream:75 - [STDERR_REDIRECT] 
2025-09-22 23:50:55,615 [ERROR] LogOutputStream:75 - [STDERR_REDIRECT] [Fatal Error] :1:1: Premature end of file.
2025-09-22 23:50:55,615 [ERROR] LogOutputStream:75 - [STDERR_REDIRECT] 
2025-09-22 23:50:56,592 [ERROR] LogOutputStream:75 - [STDERR_REDIRECT] [Fatal Error] :1:1: Premature end of file.
2025-09-22 23:50:56,593 [ERROR] LogOutputStream:75 - [STDERR_REDIRECT] 
2025-09-22 23:50:57,590 [ERROR] LogOutputStream:75 - [STDERR_REDIRECT] [Fatal Error] :1:1: Premature end of file.
2025-09-22 23:50:57,591 [ERROR] LogOutputStream:75 - [STDERR_REDIRECT] 
2025-09-22 23:50:58,600 [ERROR] LogOutputStream:75 - [STDERR_REDIRECT] [Fatal Error] :1:1: Premature end of file.
2025-09-22 23:50:58,600 [ERROR] LogOutputStream:75 - [STDERR_REDIRECT] 
2025-09-22 23:50:59,590 [ERROR] LogOutputStream:75 - [STDERR_REDIRECT] [Fatal Error] :1:1: Premature end of file.
2025-09-22 23:50:59,590 [ERROR] LogOutputStream:75 - [STDERR_REDIRECT] 
2025-09-22 23:51:00,592 [ERROR] LogOutputStream:75 - [STDERR_REDIRECT] [Fatal Error] :1:1: Premature end of file.
2025-09-22 23:51:00,592 [ERROR] LogOutputStream:75 - [STDERR_REDIRECT] 
2025-09-22 23:51:01,592 [ERROR] LogOutputStream:75 - [STDERR_REDIRECT] [Fatal Error] :1:1: Premature end of file.
2025-09-22 23:51:01,592 [ERROR] LogOutputStream:75 - [STDERR_REDIRECT] 
2025-09-22 23:51:02,592 [ERROR] LogOutputStream:75 - [STDERR_REDIRECT] [Fatal Error] :1:1: Premature end of file.
2025-09-22 23:51:02,593 [ERROR] LogOutputStream:75 - [STDERR_REDIRECT] 
2025-09-22 23:51:03,593 [ERROR] LogOutputStream:75 - [STDERR_REDIRECT] [Fatal Error] :1:1: Premature end of file.
2025-09-22 23:51:03,594 [ERROR] LogOutputStream:75 - [STDERR_REDIRECT] 
2025-09-22 23:51:04,594 [ERROR] LogOutputStream:75 - [STDERR_REDIRECT] [Fatal Error] :1:1: Premature end of file.
2025-09-22 23:51:04,594 [ERROR] LogOutputStream:75 - [STDERR_REDIRECT] 
2025-09-22 23:51:05,593 [ERROR] LogOutputStream:75 - [STDERR_REDIRECT] [Fatal Error] :1:1: Premature end of file.
2025-09-22 23:51:05,593 [ERROR] LogOutputStream:75 - [STDERR_REDIRECT] 
2025-09-22 23:51:06,593 [ERROR] LogOutputStream:75 - [STDERR_REDIRECT] [Fatal Error] :1:1: Premature end of file.
2025-09-22 23:51:06,593 [ERROR] LogOutputStream:75 - [STDERR_REDIRECT] 
2025-09-22 23:51:07,596 [ERROR] LogOutputStream:75 - [STDERR_REDIRECT] [Fatal Error] :1:1: Premature end of file.
2025-09-22 23:51:07,596 [ERROR] LogOutputStream:75 - [STDERR_REDIRECT] 
2025-09-22 23:51:08,593 [ERROR] LogOutputStream:75 - [STDERR_REDIRECT] [Fatal Error] :1:1: Premature end of file.
2025-09-22 23:51:08,594 [ERROR] LogOutputStream:75 - [STDERR_REDIRECT] 
2025-09-22 23:51:09,592 [ERROR] LogOutputStream:75 - [STDERR_REDIRECT] [Fatal Error] :1:1: Premature end of file.
2025-09-22 23:51:09,593 [ERROR] LogOutputStream:75 - [STDERR_REDIRECT] 
2025-09-22 23:51:10,593 [ERROR] LogOutputStream:75 - [STDERR_REDIRECT] [Fatal Error] :1:1: Premature end of file.
2025-09-22 23:51:10,593 [ERROR] LogOutputStream:75 - [STDERR_REDIRECT] 
2025-09-22 23:51:11,592 [ERROR] LogOutputStream:75 - [STDERR_REDIRECT] [Fatal Error] :1:1: Premature end of file.
2025-09-22 23:51:11,592 [ERROR] LogOutputStream:75 - [STDERR_REDIRECT] 
2025-09-22 23:51:12,597 [ERROR] LogOutputStream:75 - [STDERR_REDIRECT] [Fatal Error] :1:1: Premature end of file.
2025-09-22 23:51:12,597 [ERROR] LogOutputStream:75 - [STDERR_REDIRECT] 
2025-09-22 23:51:13,597 [ERROR] LogOutputStream:75 - [STDERR_REDIRECT] [Fatal Error] :1:1: Premature end of file.
2025-09-22 23:51:13,597 [ERROR] LogOutputStream:75 - [STDERR_REDIRECT] 
2025-09-22 23:51:14,594 [ERROR] LogOutputStream:75 - [STDERR_REDIRECT] [Fatal Error] :1:1: Premature end of file.
2025-09-22 23:51:14,594 [ERROR] LogOutputStream:75 - [STDERR_REDIRECT] 
2025-09-22 23:51:15,594 [ERROR] LogOutputStream:75 - [STDERR_REDIRECT] [Fatal Error] :1:1: Premature end of file.
2025-09-22 23:51:15,594 [ERROR] LogOutputStream:75 - [STDERR_REDIRECT] 
2025-09-22 23:51:16,594 [ERROR] LogOutputStream:75 - [STDERR_REDIRECT] [Fatal Error] :1:1: Premature end of file.
2025-09-22 23:51:16,594 [ERROR] LogOutputStream:75 - [STDERR_REDIRECT] 
2025-09-22 23:51:17,595 [ERROR] LogOutputStream:75 - [STDERR_REDIRECT] [Fatal Error] :1:1: Premature end of file.
2025-09-22 23:51:17,595 [ERROR] LogOutputStream:75 - [STDERR_REDIRECT] 
2025-09-22 23:51:18,593 [ERROR] LogOutputStream:75 - [STDERR_REDIRECT] [Fatal Error] :1:1: Premature end of file.
2025-09-22 23:51:18,593 [ERROR] LogOutputStream:75 - [STDERR_REDIRECT] 
2025-09-22 23:51:19,593 [ERROR] LogOutputStream:75 - [STDERR_REDIRECT] [Fatal Error] :1:1: Premature end of file.
2025-09-22 23:51:19,593 [ERROR] LogOutputStream:75 - [STDERR_REDIRECT] 
2025-09-22 23:51:20,590 [ERROR] LogOutputStream:75 - [STDERR_REDIRECT] [Fatal Error] :1:1: Premature end of file.
2025-09-22 23:51:20,590 [ERROR] LogOutputStream:75 - [STDERR_REDIRECT] 
2025-09-22 23:51:21,594 [ERROR] LogOutputStream:75 - [STDERR_REDIRECT] [Fatal Error] :1:1: Premature end of file.
2025-09-22 23:51:21,595 [ERROR] LogOutputStream:75 - [STDERR_REDIRECT] 
2025-09-22 23:51:22,598 [ERROR] LogOutputStream:75 - [STDERR_REDIRECT] [Fatal Error] :1:1: Premature end of file.
2025-09-22 23:51:22,598 [ERROR] LogOutputStream:75 - [STDERR_REDIRECT] 
2025-09-22 23:51:23,591 [ERROR] LogOutputStream:75 - [STDERR_REDIRECT] [Fatal Error] :1:1: Premature end of file.
2025-09-22 23:51:23,592 [ERROR] LogOutputStream:75 - [STDERR_REDIRECT] 
2025-09-22 23:51:24,593 [ERROR] LogOutputStream:75 - [STDERR_REDIRECT] [Fatal Error] :1:1: Premature end of file.
2025-09-22 23:51:24,593 [ERROR] LogOutputStream:75 - [STDERR_REDIRECT] 
2025-09-22 23:51:25,593 [ERROR] LogOutputStream:75 - [STDERR_REDIRECT] [Fatal Error] :1:1: Premature end of file.
2025-09-22 23:51:25,593 [ERROR] LogOutputStream:75 - [STDERR_REDIRECT] 
2025-09-22 23:51:26,597 [ERROR] LogOutputStream:75 - [STDERR_REDIRECT] [Fatal Error] :1:1: Premature end of file.
2025-09-22 23:51:26,597 [ERROR] LogOutputStream:75 - [STDERR_REDIRECT] 
2025-09-22 23:51:27,593 [ERROR] LogOutputStream:75 - [STDERR_REDIRECT] [Fatal Error] :1:1: Premature end of file.
2025-09-22 23:51:27,593 [ERROR] LogOutputStream:75 - [STDERR_REDIRECT] 
2025-09-22 23:51:28,593 [ERROR] LogOutputStream:75 - [STDERR_REDIRECT] [Fatal Error] :1:1: Premature end of file.
2025-09-22 23:51:28,594 [ERROR] LogOutputStream:75 - [STDERR_REDIRECT] 
2025-09-22 23:51:29,597 [ERROR] LogOutputStream:75 - [STDERR_REDIRECT] [Fatal Error] :1:1: Premature end of file.
2025-09-22 23:51:29,597 [ERROR] LogOutputStream:75 - [STDERR_REDIRECT] 
2025-09-22 23:51:30,594 [ERROR] LogOutputStream:75 - [STDERR_REDIRECT] [Fatal Error] :1:1: Premature end of file.
2025-09-22 23:51:30,594 [ERROR] LogOutputStream:75 - [STDERR_REDIRECT] 
2025-09-22 23:51:31,598 [ERROR] LogOutputStream:75 - [STDERR_REDIRECT] [Fatal Error] :1:1: Premature end of file.
2025-09-22 23:51:31,599 [ERROR] LogOutputStream:75 - [STDERR_REDIRECT] 
2025-09-22 23:51:32,591 [ERROR] LogOutputStream:75 - [STDERR_REDIRECT] [Fatal Error] :1:1: Premature end of file.
2025-09-22 23:51:32,591 [ERROR] LogOutputStream:75 - [STDERR_REDIRECT] 
2025-09-22 23:51:33,599 [ERROR] LogOutputStream:75 - [STDERR_REDIRECT] [Fatal Error] :1:1: Premature end of file.
2025-09-22 23:51:33,599 [ERROR] LogOutputStream:75 - [STDERR_REDIRECT] 
2025-09-22 23:51:34,591 [ERROR] LogOutputStream:75 - [STDERR_REDIRECT] [Fatal Error] :1:1: Premature end of file.
2025-09-22 23:51:34,592 [ERROR] LogOutputStream:75 - [STDERR_REDIRECT] 
2025-09-22 23:51:35,593 [ERROR] LogOutputStream:75 - [STDERR_REDIRECT] [Fatal Error] :1:1: Premature end of file.
2025-09-22 23:51:35,593 [ERROR] LogOutputStream:75 - [STDERR_REDIRECT] 
2025-09-22 23:51:36,593 [ERROR] LogOutputStream:75 - [STDERR_REDIRECT] [Fatal Error] :1:1: Premature end of file.
2025-09-22 23:51:36,593 [ERROR] LogOutputStream:75 - [STDERR_REDIRECT] 
2025-09-22 23:51:37,594 [ERROR] LogOutputStream:75 - [STDERR_REDIRECT] [Fatal Error] :1:1: Premature end of file.
2025-09-22 23:51:37,595 [ERROR] LogOutputStream:75 - [STDERR_REDIRECT] 
2025-09-22 23:51:38,598 [ERROR] LogOutputStream:75 - [STDERR_REDIRECT] [Fatal Error] :1:1: Premature end of file.
2025-09-22 23:51:38,598 [ERROR] LogOutputStream:75 - [STDERR_REDIRECT] 
2025-09-22 23:51:39,593 [ERROR] LogOutputStream:75 - [STDERR_REDIRECT] [Fatal Error] :1:1: Premature end of file.
2025-09-22 23:51:39,593 [ERROR] LogOutputStream:75 - [STDERR_REDIRECT] 
2025-09-22 23:51:40,596 [ERROR] LogOutputStream:75 - [STDERR_REDIRECT] [Fatal Error] :1:1: Premature end of file.
2025-09-22 23:51:40,596 [ERROR] LogOutputStream:75 - [STDERR_REDIRECT] 
2025-09-22 23:51:41,593 [ERROR] LogOutputStream:75 - [STDERR_REDIRECT] [Fatal Error] :1:1: Premature end of file.
2025-09-22 23:51:41,593 [ERROR] LogOutputStream:75 - [STDERR_REDIRECT] 
2025-09-22 23:51:42,592 [ERROR] LogOutputStream:75 - [STDERR_REDIRECT] [Fatal Error] :1:1: Premature end of file.
2025-09-22 23:51:42,593 [ERROR] LogOutputStream:75 - [STDERR_REDIRECT] 
2025-09-22 23:51:43,596 [ERROR] LogOutputStream:75 - [STDERR_REDIRECT] [Fatal Error] :1:1: Premature end of file.
2025-09-22 23:51:43,596 [ERROR] LogOutputStream:75 - [STDERR_REDIRECT] 
2025-09-22 23:51:44,595 [ERROR] LogOutputStream:75 - [STDERR_REDIRECT] [Fatal Error] :1:1: Premature end of file.
2025-09-22 23:51:44,595 [ERROR] LogOutputStream:75 - [STDERR_REDIRECT] 
2025-09-22 23:51:45,593 [ERROR] LogOutputStream:75 - [STDERR_REDIRECT] [Fatal Error] :1:1: Premature end of file.
2025-09-22 23:51:45,593 [ERROR] LogOutputStream:75 - [STDERR_REDIRECT] 
2025-09-22 23:51:46,602 [ERROR] LogOutputStream:75 - [STDERR_REDIRECT] [Fatal Error] :1:1: Premature end of file.
2025-09-22 23:51:46,602 [ERROR] LogOutputStream:75 - [STDERR_REDIRECT] 
2025-09-22 23:51:47,592 [ERROR] LogOutputStream:75 - [STDERR_REDIRECT] [Fatal Error] :1:1: Premature end of file.
2025-09-22 23:51:47,592 [ERROR] LogOutputStream:75 - [STDERR_REDIRECT] 
2025-09-22 23:51:48,593 [ERROR] LogOutputStream:75 - [STDERR_REDIRECT] [Fatal Error] :1:1: Premature end of file.
2025-09-22 23:51:48,594 [ERROR] LogOutputStream:75 - [STDERR_REDIRECT] 
2025-09-22 23:51:49,599 [ERROR] LogOutputStream:75 - [STDERR_REDIRECT] [Fatal Error] :1:1: Premature end of file.
2025-09-22 23:51:49,599 [ERROR] LogOutputStream:75 - [STDERR_REDIRECT] 
2025-09-22 23:51:50,600 [ERROR] LogOutputStream:75 - [STDERR_REDIRECT] [Fatal Error] :1:1: Premature end of file.
2025-09-22 23:51:50,600 [ERROR] LogOutputStream:75 - [STDERR_REDIRECT] 
2025-09-22 23:51:51,593 [ERROR] LogOutputStream:75 - [STDERR_REDIRECT] [Fatal Error] :1:1: Premature end of file.
2025-09-22 23:51:51,594 [ERROR] LogOutputStream:75 - [STDERR_REDIRECT] 
2025-09-22 23:51:52,597 [ERROR] LogOutputStream:75 - [STDERR_REDIRECT] [Fatal Error] :1:1: Premature end of file.
2025-09-22 23:51:52,597 [ERROR] LogOutputStream:75 - [STDERR_REDIRECT] 
2025-09-22 23:51:53,593 [ERROR] LogOutputStream:75 - [STDERR_REDIRECT] [Fatal Error] :1:1: Premature end of file.
2025-09-22 23:51:53,593 [ERROR] LogOutputStream:75 - [STDERR_REDIRECT] 
2025-09-22 23:51:54,595 [ERROR] LogOutputStream:75 - [STDERR_REDIRECT] [Fatal Error] :1:1: Premature end of file.
2025-09-22 23:51:54,596 [ERROR] LogOutputStream:75 - [STDERR_REDIRECT] 
2025-09-22 23:51:55,598 [ERROR] LogOutputStream:75 - [STDERR_REDIRECT] [Fatal Error] :1:1: Premature end of file.
2025-09-22 23:51:55,598 [ERROR] LogOutputStream:75 - [STDERR_REDIRECT] 
2025-09-22 23:51:56,597 [ERROR] LogOutputStream:75 - [STDERR_REDIRECT] [Fatal Error] :1:1: Premature end of file.
2025-09-22 23:51:56,597 [ERROR] LogOutputStream:75 - [STDERR_REDIRECT] 
2025-09-22 23:51:57,592 [ERROR] LogOutputStream:75 - [STDERR_REDIRECT] [Fatal Error] :1:1: Premature end of file.
2025-09-22 23:51:57,592 [ERROR] LogOutputStream:75 - [STDERR_REDIRECT] 
2025-09-22 23:51:58,599 [ERROR] LogOutputStream:75 - [STDERR_REDIRECT] [Fatal Error] :1:1: Premature end of file.
2025-09-22 23:51:58,599 [ERROR] LogOutputStream:75 - [STDERR_REDIRECT] 
2025-09-22 23:51:59,594 [ERROR] LogOutputStream:75 - [STDERR_REDIRECT] [Fatal Error] :1:1: Premature end of file.
2025-09-22 23:51:59,594 [ERROR] LogOutputStream:75 - [STDERR_REDIRECT] 
2025-09-22 23:52:00,594 [ERROR] LogOutputStream:75 - [STDERR_REDIRECT] [Fatal Error] :1:1: Premature end of file.
2025-09-22 23:52:00,594 [ERROR] LogOutputStream:75 - [STDERR_REDIRECT] 
2025-09-22 23:52:01,594 [ERROR] LogOutputStream:75 - [STDERR_REDIRECT] [Fatal Error] :1:1: Premature end of file.
2025-09-22 23:52:01,595 [ERROR] LogOutputStream:75 - [STDERR_REDIRECT] 
2025-09-22 23:52:02,595 [ERROR] LogOutputStream:75 - [STDERR_REDIRECT] [Fatal Error] :1:1: Premature end of file.
2025-09-22 23:52:02,595 [ERROR] LogOutputStream:75 - [STDERR_REDIRECT] 
2025-09-22 23:52:03,593 [ERROR] LogOutputStream:75 - [STDERR_REDIRECT] [Fatal Error] :1:1: Premature end of file.
2025-09-22 23:52:03,593 [ERROR] LogOutputStream:75 - [STDERR_REDIRECT] 
2025-09-22 23:52:04,593 [ERROR] LogOutputStream:75 - [STDERR_REDIRECT] [Fatal Error] :1:1: Premature end of file.
2025-09-22 23:52:04,593 [ERROR] LogOutputStream:75 - [STDERR_REDIRECT] 
2025-09-22 23:52:05,593 [ERROR] LogOutputStream:75 - [STDERR_REDIRECT] [Fatal Error] :1:1: Premature end of file.
2025-09-22 23:52:05,593 [ERROR] LogOutputStream:75 - [STDERR_REDIRECT] 
2025-09-22 23:52:06,597 [ERROR] LogOutputStream:75 - [STDERR_REDIRECT] [Fatal Error] :1:1: Premature end of file.
2025-09-22 23:52:06,597 [ERROR] LogOutputStream:75 - [STDERR_REDIRECT] 
2025-09-22 23:52:07,594 [ERROR] LogOutputStream:75 - [STDERR_REDIRECT] [Fatal Error] :1:1: Premature end of file.
2025-09-22 23:52:07,594 [ERROR] LogOutputStream:75 - [STDERR_REDIRECT] 
2025-09-22 23:52:08,591 [ERROR] LogOutputStream:75 - [STDERR_REDIRECT] [Fatal Error] :1:1: Premature end of file.
2025-09-22 23:52:08,591 [ERROR] LogOutputStream:75 - [STDERR_REDIRECT] 
2025-09-22 23:52:09,595 [ERROR] LogOutputStream:75 - [STDERR_REDIRECT] [Fatal Error] :1:1: Premature end of file.
2025-09-22 23:52:09,595 [ERROR] LogOutputStream:75 - [STDERR_REDIRECT] 
2025-09-22 23:52:10,595 [ERROR] LogOutputStream:75 - [STDERR_REDIRECT] [Fatal Error] :1:1: Premature end of file.
2025-09-22 23:52:10,596 [ERROR] LogOutputStream:75 - [STDERR_REDIRECT] 
2025-09-22 23:52:11,596 [ERROR] LogOutputStream:75 - [STDERR_REDIRECT] [Fatal Error] :1:1: Premature end of file.
2025-09-22 23:52:11,596 [ERROR] LogOutputStream:75 - [STDERR_REDIRECT] 
2025-09-22 23:52:12,595 [ERROR] LogOutputStream:75 - [STDERR_REDIRECT] [Fatal Error] :1:1: Premature end of file.
2025-09-22 23:52:12,596 [ERROR] LogOutputStream:75 - [STDERR_REDIRECT] 
2025-09-22 23:52:13,595 [ERROR] LogOutputStream:75 - [STDERR_REDIRECT] [Fatal Error] :1:1: Premature end of file.
2025-09-22 23:52:13,595 [ERROR] LogOutputStream:75 - [STDERR_REDIRECT] 
2025-09-22 23:52:14,595 [ERROR] LogOutputStream:75 - [STDERR_REDIRECT] [Fatal Error] :1:1: Premature end of file.
2025-09-22 23:52:14,595 [ERROR] LogOutputStream:75 - [STDERR_REDIRECT] 
2025-09-22 23:52:15,595 [ERROR] LogOutputStream:75 - [STDERR_REDIRECT] [Fatal Error] :1:1: Premature end of file.
2025-09-22 23:52:15,595 [ERROR] LogOutputStream:75 - [STDERR_REDIRECT] 
2025-09-22 23:52:16,597 [ERROR] LogOutputStream:75 - [STDERR_REDIRECT] [Fatal Error] :1:1: Premature end of file.
2025-09-22 23:52:16,597 [ERROR] LogOutputStream:75 - [STDERR_REDIRECT] 
2025-09-22 23:52:17,596 [ERROR] LogOutputStream:75 - [STDERR_REDIRECT] [Fatal Error] :1:1: Premature end of file.
2025-09-22 23:52:17,597 [ERROR] LogOutputStream:75 - [STDERR_REDIRECT] 
2025-09-22 23:52:18,593 [ERROR] LogOutputStream:75 - [STDERR_REDIRECT] [Fatal Error] :1:1: Premature end of file.
2025-09-22 23:52:18,593 [ERROR] LogOutputStream:75 - [STDERR_REDIRECT] 
2025-09-22 23:52:19,591 [ERROR] LogOutputStream:75 - [STDERR_REDIRECT] [Fatal Error] :1:1: Premature end of file.
2025-09-22 23:52:19,591 [ERROR] LogOutputStream:75 - [STDERR_REDIRECT] 
2025-09-22 23:52:20,593 [ERROR] LogOutputStream:75 - [STDERR_REDIRECT] [Fatal Error] :1:1: Premature end of file.
2025-09-22 23:52:20,593 [ERROR] LogOutputStream:75 - [STDERR_REDIRECT] 
2025-09-22 23:52:21,595 [ERROR] LogOutputStream:75 - [STDERR_REDIRECT] [Fatal Error] :1:1: Premature end of file.
2025-09-22 23:52:21,595 [ERROR] LogOutputStream:75 - [STDERR_REDIRECT] 
2025-09-22 23:52:22,595 [ERROR] LogOutputStream:75 - [STDERR_REDIRECT] [Fatal Error] :1:1: Premature end of file.
2025-09-22 23:52:22,595 [ERROR] LogOutputStream:75 - [STDERR_REDIRECT] 
2025-09-22 23:52:23,593 [ERROR] LogOutputStream:75 - [STDERR_REDIRECT] [Fatal Error] :1:1: Premature end of file.
2025-09-22 23:52:23,593 [ERROR] LogOutputStream:75 - [STDERR_REDIRECT] 
2025-09-22 23:52:24,593 [ERROR] LogOutputStream:75 - [STDERR_REDIRECT] [Fatal Error] :1:1: Premature end of file.
2025-09-22 23:52:24,594 [ERROR] LogOutputStream:75 - [STDERR_REDIRECT] 
2025-09-22 23:52:25,592 [ERROR] LogOutputStream:75 - [STDERR_REDIRECT] [Fatal Error] :1:1: Premature end of file.
2025-09-22 23:52:25,592 [ERROR] LogOutputStream:75 - [STDERR_REDIRECT] 
2025-09-22 23:52:26,596 [ERROR] LogOutputStream:75 - [STDERR_REDIRECT] [Fatal Error] :1:1: Premature end of file.
2025-09-22 23:52:26,596 [ERROR] LogOutputStream:75 - [STDERR_REDIRECT] 
2025-09-22 23:52:27,594 [ERROR] LogOutputStream:75 - [STDERR_REDIRECT] [Fatal Error] :1:1: Premature end of file.
2025-09-22 23:52:27,594 [ERROR] LogOutputStream:75 - [STDERR_REDIRECT] 
2025-09-22 23:52:28,596 [ERROR] LogOutputStream:75 - [STDERR_REDIRECT] [Fatal Error] :1:1: Premature end of file.
2025-09-22 23:52:28,596 [ERROR] LogOutputStream:75 - [STDERR_REDIRECT] 
2025-09-22 23:52:29,598 [ERROR] LogOutputStream:75 - [STDERR_REDIRECT] [Fatal Error] :1:1: Premature end of file.
2025-09-22 23:52:29,598 [ERROR] LogOutputStream:75 - [STDERR_REDIRECT] 
2025-09-22 23:52:30,593 [ERROR] LogOutputStream:75 - [STDERR_REDIRECT] [Fatal Error] :1:1: Premature end of file.
2025-09-22 23:52:30,593 [ERROR] LogOutputStream:75 - [STDERR_REDIRECT] 
2025-09-22 23:52:31,593 [ERROR] LogOutputStream:75 - [STDERR_REDIRECT] [Fatal Error] :1:1: Premature end of file.
2025-09-22 23:52:31,594 [ERROR] LogOutputStream:75 - [STDERR_REDIRECT] 
2025-09-22 23:52:32,593 [ERROR] LogOutputStream:75 - [STDERR_REDIRECT] [Fatal Error] :1:1: Premature end of file.
2025-09-22 23:52:32,594 [ERROR] LogOutputStream:75 - [STDERR_REDIRECT] 
2025-09-22 23:52:33,593 [ERROR] LogOutputStream:75 - [STDERR_REDIRECT] [Fatal Error] :1:1: Premature end of file.
2025-09-22 23:52:33,594 [ERROR] LogOutputStream:75 - [STDERR_REDIRECT] 
2025-09-22 23:52:34,595 [ERROR] LogOutputStream:75 - [STDERR_REDIRECT] [Fatal Error] :1:1: Premature end of file.
2025-09-22 23:52:34,595 [ERROR] LogOutputStream:75 - [STDERR_REDIRECT] 
2025-09-22 23:52:35,591 [ERROR] LogOutputStream:75 - [STDERR_REDIRECT] [Fatal Error] :1:1: Premature end of file.
2025-09-22 23:52:35,592 [ERROR] LogOutputStream:75 - [STDERR_REDIRECT] 
2025-09-22 23:52:36,596 [ERROR] LogOutputStream:75 - [STDERR_REDIRECT] [Fatal Error] :1:1: Premature end of file.
2025-09-22 23:52:36,597 [ERROR] LogOutputStream:75 - [STDERR_REDIRECT] 
2025-09-22 23:52:37,593 [ERROR] LogOutputStream:75 - [STDERR_REDIRECT] [Fatal Error] :1:1: Premature end of file.
2025-09-22 23:52:37,593 [ERROR] LogOutputStream:75 - [STDERR_REDIRECT] 
2025-09-22 23:52:38,594 [ERROR] LogOutputStream:75 - [STDERR_REDIRECT] [Fatal Error] :1:1: Premature end of file.
2025-09-22 23:52:38,594 [ERROR] LogOutputStream:75 - [STDERR_REDIRECT] 
2025-09-22 23:52:39,594 [ERROR] LogOutputStream:75 - [STDERR_REDIRECT] [Fatal Error] :1:1: Premature end of file.
2025-09-22 23:52:39,594 [ERROR] LogOutputStream:75 - [STDERR_REDIRECT] 
2025-09-22 23:52:40,599 [ERROR] LogOutputStream:75 - [STDERR_REDIRECT] [Fatal Error] :1:1: Premature end of file.
2025-09-22 23:52:40,599 [ERROR] LogOutputStream:75 - [STDERR_REDIRECT] 
2025-09-22 23:52:41,596 [ERROR] LogOutputStream:75 - [STDERR_REDIRECT] [Fatal Error] :1:1: Premature end of file.
2025-09-22 23:52:41,597 [ERROR] LogOutputStream:75 - [STDERR_REDIRECT] 
2025-09-22 23:52:42,592 [ERROR] LogOutputStream:75 - [STDERR_REDIRECT] [Fatal Error] :1:1: Premature end of file.
2025-09-22 23:52:42,592 [ERROR] LogOutputStream:75 - [STDERR_REDIRECT] 
2025-09-22 23:52:43,593 [ERROR] LogOutputStream:75 - [STDERR_REDIRECT] [Fatal Error] :1:1: Premature end of file.
2025-09-22 23:52:43,594 [ERROR] LogOutputStream:75 - [STDERR_REDIRECT] 
2025-09-22 23:52:44,593 [ERROR] LogOutputStream:75 - [STDERR_REDIRECT] [Fatal Error] :1:1: Premature end of file.
2025-09-22 23:52:44,594 [ERROR] LogOutputStream:75 - [STDERR_REDIRECT] 
2025-09-22 23:52:45,593 [ERROR] LogOutputStream:75 - [STDERR_REDIRECT] [Fatal Error] :1:1: Premature end of file.
2025-09-22 23:52:45,593 [ERROR] LogOutputStream:75 - [STDERR_REDIRECT] 
2025-09-22 23:52:46,593 [ERROR] LogOutputStream:75 - [STDERR_REDIRECT] [Fatal Error] :1:1: Premature end of file.
2025-09-22 23:52:46,594 [ERROR] LogOutputStream:75 - [STDERR_REDIRECT] 
2025-09-22 23:52:47,594 [ERROR] LogOutputStream:75 - [STDERR_REDIRECT] [Fatal Error] :1:1: Premature end of file.
2025-09-22 23:52:47,594 [ERROR] LogOutputStream:75 - [STDERR_REDIRECT] 
2025-09-22 23:52:48,593 [ERROR] LogOutputStream:75 - [STDERR_REDIRECT] [Fatal Error] :1:1: Premature end of file.
2025-09-22 23:52:48,593 [ERROR] LogOutputStream:75 - [STDERR_REDIRECT] 
2025-09-22 23:52:49,595 [ERROR] LogOutputStream:75 - [STDERR_REDIRECT] [Fatal Error] :1:1: Premature end of file.
2025-09-22 23:52:49,595 [ERROR] LogOutputStream:75 - [STDERR_REDIRECT] 
2025-09-22 23:52:50,598 [ERROR] LogOutputStream:75 - [STDERR_REDIRECT] [Fatal Error] :1:1: Premature end of file.
2025-09-22 23:52:50,598 [ERROR] LogOutputStream:75 - [STDERR_REDIRECT] 
2025-09-22 23:52:51,597 [ERROR] LogOutputStream:75 - [STDERR_REDIRECT] [Fatal Error] :1:1: Premature end of file.
2025-09-22 23:52:51,597 [ERROR] LogOutputStream:75 - [STDERR_REDIRECT] 
2025-09-22 23:52:52,593 [ERROR] LogOutputStream:75 - [STDERR_REDIRECT] [Fatal Error] :1:1: Premature end of file.
2025-09-22 23:52:52,593 [ERROR] LogOutputStream:75 - [STDERR_REDIRECT] 
2025-09-22 23:52:53,597 [ERROR] LogOutputStream:75 - [STDERR_REDIRECT] [Fatal Error] :1:1: Premature end of file.
2025-09-22 23:52:53,597 [ERROR] LogOutputStream:75 - [STDERR_REDIRECT] 
2025-09-22 23:52:54,592 [ERROR] LogOutputStream:75 - [STDERR_REDIRECT] [Fatal Error] :1:1: Premature end of file.
2025-09-22 23:52:54,593 [ERROR] LogOutputStream:75 - [STDERR_REDIRECT] 
2025-09-22 23:52:55,595 [ERROR] LogOutputStream:75 - [STDERR_REDIRECT] [Fatal Error] :1:1: Premature end of file.
2025-09-22 23:52:55,595 [ERROR] LogOutputStream:75 - [STDERR_REDIRECT] 
2025-09-22 23:52:56,593 [ERROR] LogOutputStream:75 - [STDERR_REDIRECT] [Fatal Error] :1:1: Premature end of file.
2025-09-22 23:52:56,594 [ERROR] LogOutputStream:75 - [STDERR_REDIRECT] 
2025-09-22 23:52:57,592 [ERROR] LogOutputStream:75 - [STDERR_REDIRECT] [Fatal Error] :1:1: Premature end of file.
2025-09-22 23:52:57,592 [ERROR] LogOutputStream:75 - [STDERR_REDIRECT] 
2025-09-22 23:52:58,596 [ERROR] LogOutputStream:75 - [STDERR_REDIRECT] [Fatal Error] :1:1: Premature end of file.
2025-09-22 23:52:58,596 [ERROR] LogOutputStream:75 - [STDERR_REDIRECT] 
2025-09-22 23:52:59,594 [ERROR] LogOutputStream:75 - [STDERR_REDIRECT] [Fatal Error] :1:1: Premature end of file.
2025-09-22 23:52:59,594 [ERROR] LogOutputStream:75 - [STDERR_REDIRECT] 
2025-09-22 23:53:00,598 [ERROR] LogOutputStream:75 - [STDERR_REDIRECT] [Fatal Error] :1:1: Premature end of file.
2025-09-22 23:53:00,598 [ERROR] LogOutputStream:75 - [STDERR_REDIRECT] 
2025-09-22 23:53:01,594 [ERROR] LogOutputStream:75 - [STDERR_REDIRECT] [Fatal Error] :1:1: Premature end of file.
2025-09-22 23:53:01,594 [ERROR] LogOutputStream:75 - [STDERR_REDIRECT] 
2025-09-22 23:53:02,596 [ERROR] LogOutputStream:75 - [STDERR_REDIRECT] [Fatal Error] :1:1: Premature end of file.
2025-09-22 23:53:02,596 [ERROR] LogOutputStream:75 - [STDERR_REDIRECT] 
2025-09-22 23:53:03,598 [ERROR] LogOutputStream:75 - [STDERR_REDIRECT] [Fatal Error] :1:1: Premature end of file.
2025-09-22 23:53:03,599 [ERROR] LogOutputStream:75 - [STDERR_REDIRECT] 
2025-09-22 23:53:04,593 [ERROR] LogOutputStream:75 - [STDERR_REDIRECT] [Fatal Error] :1:1: Premature end of file.
2025-09-22 23:53:04,593 [ERROR] LogOutputStream:75 - [STDERR_REDIRECT] 
2025-09-22 23:53:05,593 [ERROR] LogOutputStream:75 - [STDERR_REDIRECT] [Fatal Error] :1:1: Premature end of file.
2025-09-22 23:53:05,594 [ERROR] LogOutputStream:75 - [STDERR_REDIRECT] 
2025-09-22 23:53:06,593 [ERROR] LogOutputStream:75 - [STDERR_REDIRECT] [Fatal Error] :1:1: Premature end of file.
2025-09-22 23:53:06,594 [ERROR] LogOutputStream:75 - [STDERR_REDIRECT] 
2025-09-22 23:53:07,594 [ERROR] LogOutputStream:75 - [STDERR_REDIRECT] [Fatal Error] :1:1: Premature end of file.
2025-09-22 23:53:07,594 [ERROR] LogOutputStream:75 - [STDERR_REDIRECT] 
2025-09-22 23:53:08,596 [ERROR] LogOutputStream:75 - [STDERR_REDIRECT] [Fatal Error] :1:1: Premature end of file.
2025-09-22 23:53:08,596 [ERROR] LogOutputStream:75 - [STDERR_REDIRECT] 
2025-09-22 23:53:09,593 [ERROR] LogOutputStream:75 - [STDERR_REDIRECT] [Fatal Error] :1:1: Premature end of file.
2025-09-22 23:53:09,593 [ERROR] LogOutputStream:75 - [STDERR_REDIRECT] 
2025-09-22 23:53:10,593 [ERROR] LogOutputStream:75 - [STDERR_REDIRECT] [Fatal Error] :1:1: Premature end of file.
2025-09-22 23:53:10,593 [ERROR] LogOutputStream:75 - [STDERR_REDIRECT] 
2025-09-22 23:53:11,596 [ERROR] LogOutputStream:75 - [STDERR_REDIRECT] [Fatal Error] :1:1: Premature end of file.
2025-09-22 23:53:11,596 [ERROR] LogOutputStream:75 - [STDERR_REDIRECT] 
2025-09-22 23:53:12,594 [ERROR] LogOutputStream:75 - [STDERR_REDIRECT] [Fatal Error] :1:1: Premature end of file.
2025-09-22 23:53:12,594 [ERROR] LogOutputStream:75 - [STDERR_REDIRECT] 
2025-09-22 23:53:13,592 [ERROR] LogOutputStream:75 - [STDERR_REDIRECT] [Fatal Error] :1:1: Premature end of file.
2025-09-22 23:53:13,592 [ERROR] LogOutputStream:75 - [STDERR_REDIRECT] 
2025-09-22 23:53:14,590 [ERROR] LogOutputStream:75 - [STDERR_REDIRECT] [Fatal Error] :1:1: Premature end of file.
2025-09-22 23:53:14,591 [ERROR] LogOutputStream:75 - [STDERR_REDIRECT] 
2025-09-22 23:53:15,592 [ERROR] LogOutputStream:75 - [STDERR_REDIRECT] [Fatal Error] :1:1: Premature end of file.
2025-09-22 23:53:15,592 [ERROR] LogOutputStream:75 - [STDERR_REDIRECT] 
2025-09-22 23:53:16,594 [ERROR] LogOutputStream:75 - [STDERR_REDIRECT] [Fatal Error] :1:1: Premature end of file.
2025-09-22 23:53:16,594 [ERROR] LogOutputStream:75 - [STDERR_REDIRECT] 
2025-09-22 23:53:17,592 [ERROR] LogOutputStream:75 - [STDERR_REDIRECT] [Fatal Error] :1:1: Premature end of file.
2025-09-22 23:53:17,593 [ERROR] LogOutputStream:75 - [STDERR_REDIRECT] 
2025-09-22 23:53:18,594 [ERROR] LogOutputStream:75 - [STDERR_REDIRECT] [Fatal Error] :1:1: Premature end of file.
2025-09-22 23:53:18,594 [ERROR] LogOutputStream:75 - [STDERR_REDIRECT] 
2025-09-22 23:53:19,596 [ERROR] LogOutputStream:75 - [STDERR_REDIRECT] [Fatal Error] :1:1: Premature end of file.
2025-09-22 23:53:19,596 [ERROR] LogOutputStream:75 - [STDERR_REDIRECT] 
2025-09-22 23:53:20,594 [ERROR] LogOutputStream:75 - [STDERR_REDIRECT] [Fatal Error] :1:1: Premature end of file.
2025-09-22 23:53:20,594 [ERROR] LogOutputStream:75 - [STDERR_REDIRECT] 
2025-09-22 23:53:21,593 [ERROR] LogOutputStream:75 - [STDERR_REDIRECT] [Fatal Error] :1:1: Premature end of file.
2025-09-22 23:53:21,593 [ERROR] LogOutputStream:75 - [STDERR_REDIRECT] 
2025-09-22 23:53:22,592 [ERROR] LogOutputStream:75 - [STDERR_REDIRECT] [Fatal Error] :1:1: Premature end of file.
2025-09-22 23:53:22,593 [ERROR] LogOutputStream:75 - [STDERR_REDIRECT] 
2025-09-22 23:53:23,597 [ERROR] LogOutputStream:75 - [STDERR_REDIRECT] [Fatal Error] :1:1: Premature end of file.
2025-09-22 23:53:23,597 [ERROR] LogOutputStream:75 - [STDERR_REDIRECT] 
2025-09-22 23:53:24,595 [ERROR] LogOutputStream:75 - [STDERR_REDIRECT] [Fatal Error] :1:1: Premature end of file.
2025-09-22 23:53:24,595 [ERROR] LogOutputStream:75 - [STDERR_REDIRECT] 
2025-09-22 23:53:25,597 [ERROR] LogOutputStream:75 - [STDERR_REDIRECT] [Fatal Error] :1:1: Premature end of file.
2025-09-22 23:53:25,597 [ERROR] LogOutputStream:75 - [STDERR_REDIRECT] 
2025-09-22 23:53:26,591 [ERROR] LogOutputStream:75 - [STDERR_REDIRECT] [Fatal Error] :1:1: Premature end of file.
2025-09-22 23:53:26,591 [ERROR] LogOutputStream:75 - [STDERR_REDIRECT] 
2025-09-22 23:53:27,593 [ERROR] LogOutputStream:75 - [STDERR_REDIRECT] [Fatal Error] :1:1: Premature end of file.
2025-09-22 23:53:27,593 [ERROR] LogOutputStream:75 - [STDERR_REDIRECT] 
2025-09-22 23:53:28,594 [ERROR] LogOutputStream:75 - [STDERR_REDIRECT] [Fatal Error] :1:1: Premature end of file.
2025-09-22 23:53:28,594 [ERROR] LogOutputStream:75 - [STDERR_REDIRECT] 
2025-09-22 23:53:29,596 [ERROR] LogOutputStream:75 - [STDERR_REDIRECT] [Fatal Error] :1:1: Premature end of file.
2025-09-22 23:53:29,596 [ERROR] LogOutputStream:75 - [STDERR_REDIRECT] 
2025-09-22 23:53:30,612 [ERROR] LogOutputStream:75 - [STDERR_REDIRECT] [Fatal Error] :1:1: Premature end of file.
2025-09-22 23:53:30,612 [ERROR] LogOutputStream:75 - [STDERR_REDIRECT] 
2025-09-22 23:53:31,599 [ERROR] LogOutputStream:75 - [STDERR_REDIRECT] [Fatal Error] :1:1: Premature end of file.
2025-09-22 23:53:31,599 [ERROR] LogOutputStream:75 - [STDERR_REDIRECT] 
2025-09-22 23:53:32,595 [ERROR] LogOutputStream:75 - [STDERR_REDIRECT] [Fatal Error] :1:1: Premature end of file.
2025-09-22 23:53:32,595 [ERROR] LogOutputStream:75 - [STDERR_REDIRECT] 
2025-09-22 23:53:33,594 [ERROR] LogOutputStream:75 - [STDERR_REDIRECT] [Fatal Error] :1:1: Premature end of file.
2025-09-22 23:53:33,594 [ERROR] LogOutputStream:75 - [STDERR_REDIRECT] 
2025-09-22 23:53:34,593 [ERROR] LogOutputStream:75 - [STDERR_REDIRECT] [Fatal Error] :1:1: Premature end of file.
2025-09-22 23:53:34,593 [ERROR] LogOutputStream:75 - [STDERR_REDIRECT] 
2025-09-22 23:53:35,595 [ERROR] LogOutputStream:75 - [STDERR_REDIRECT] [Fatal Error] :1:1: Premature end of file.
2025-09-22 23:53:35,595 [ERROR] LogOutputStream:75 - [STDERR_REDIRECT] 
2025-09-22 23:53:36,600 [ERROR] LogOutputStream:75 - [STDERR_REDIRECT] [Fatal Error] :1:1: Premature end of file.
2025-09-22 23:53:36,600 [ERROR] LogOutputStream:75 - [STDERR_REDIRECT] 
2025-09-22 23:53:37,593 [ERROR] LogOutputStream:75 - [STDERR_REDIRECT] [Fatal Error] :1:1: Premature end of file.
2025-09-22 23:53:37,593 [ERROR] LogOutputStream:75 - [STDERR_REDIRECT] 
2025-09-22 23:53:38,592 [ERROR] LogOutputStream:75 - [STDERR_REDIRECT] [Fatal Error] :1:1: Premature end of file.
2025-09-22 23:53:38,593 [ERROR] LogOutputStream:75 - [STDERR_REDIRECT] 
2025-09-22 23:53:39,592 [ERROR] LogOutputStream:75 - [STDERR_REDIRECT] [Fatal Error] :1:1: Premature end of file.
2025-09-22 23:53:39,592 [ERROR] LogOutputStream:75 - [STDERR_REDIRECT] 
2025-09-22 23:53:40,594 [ERROR] LogOutputStream:75 - [STDERR_REDIRECT] [Fatal Error] :1:1: Premature end of file.
2025-09-22 23:53:40,594 [ERROR] LogOutputStream:75 - [STDERR_REDIRECT] 
2025-09-22 23:53:41,596 [ERROR] LogOutputStream:75 - [STDERR_REDIRECT] [Fatal Error] :1:1: Premature end of file.
2025-09-22 23:53:41,596 [ERROR] LogOutputStream:75 - [STDERR_REDIRECT] 
2025-09-22 23:53:42,592 [ERROR] LogOutputStream:75 - [STDERR_REDIRECT] [Fatal Error] :1:1: Premature end of file.
2025-09-22 23:53:42,592 [ERROR] LogOutputStream:75 - [STDERR_REDIRECT] 
2025-09-22 23:53:43,594 [ERROR] LogOutputStream:75 - [STDERR_REDIRECT] [Fatal Error] :1:1: Premature end of file.
2025-09-22 23:53:43,595 [ERROR] LogOutputStream:75 - [STDERR_REDIRECT] 
2025-09-22 23:53:44,593 [ERROR] LogOutputStream:75 - [STDERR_REDIRECT] [Fatal Error] :1:1: Premature end of file.
2025-09-22 23:53:44,593 [ERROR] LogOutputStream:75 - [STDERR_REDIRECT] 
2025-09-22 23:53:45,593 [ERROR] LogOutputStream:75 - [STDERR_REDIRECT] [Fatal Error] :1:1: Premature end of file.
2025-09-22 23:53:45,593 [ERROR] LogOutputStream:75 - [STDERR_REDIRECT] 
2025-09-22 23:53:46,595 [ERROR] LogOutputStream:75 - [STDERR_REDIRECT] [Fatal Error] :1:1: Premature end of file.
2025-09-22 23:53:46,596 [ERROR] LogOutputStream:75 - [STDERR_REDIRECT] 
2025-09-22 23:53:47,595 [ERROR] LogOutputStream:75 - [STDERR_REDIRECT] [Fatal Error] :1:1: Premature end of file.
2025-09-22 23:53:47,595 [ERROR] LogOutputStream:75 - [STDERR_REDIRECT] 
2025-09-22 23:53:48,591 [ERROR] LogOutputStream:75 - [STDERR_REDIRECT] [Fatal Error] :1:1: Premature end of file.
2025-09-22 23:53:48,591 [ERROR] LogOutputStream:75 - [STDERR_REDIRECT] 
2025-09-22 23:53:49,592 [ERROR] LogOutputStream:75 - [STDERR_REDIRECT] [Fatal Error] :1:1: Premature end of file.
2025-09-22 23:53:49,592 [ERROR] LogOutputStream:75 - [STDERR_REDIRECT] 
2025-09-22 23:53:50,595 [ERROR] LogOutputStream:75 - [STDERR_REDIRECT] [Fatal Error] :1:1: Premature end of file.
2025-09-22 23:53:50,596 [ERROR] LogOutputStream:75 - [STDERR_REDIRECT] 
2025-09-22 23:53:51,595 [ERROR] LogOutputStream:75 - [STDERR_REDIRECT] [Fatal Error] :1:1: Premature end of file.
2025-09-22 23:53:51,595 [ERROR] LogOutputStream:75 - [STDERR_REDIRECT] 
2025-09-22 23:53:52,597 [ERROR] LogOutputStream:75 - [STDERR_REDIRECT] [Fatal Error] :1:1: Premature end of file.
2025-09-22 23:53:52,597 [ERROR] LogOutputStream:75 - [STDERR_REDIRECT] 
2025-09-22 23:53:53,594 [ERROR] LogOutputStream:75 - [STDERR_REDIRECT] [Fatal Error] :1:1: Premature end of file.
2025-09-22 23:53:53,594 [ERROR] LogOutputStream:75 - [STDERR_REDIRECT] 
2025-09-22 23:53:54,596 [ERROR] LogOutputStream:75 - [STDERR_REDIRECT] [Fatal Error] :1:1: Premature end of file.
2025-09-22 23:53:54,596 [ERROR] LogOutputStream:75 - [STDERR_REDIRECT] 
2025-09-22 23:53:55,593 [ERROR] LogOutputStream:75 - [STDERR_REDIRECT] [Fatal Error] :1:1: Premature end of file.
2025-09-22 23:53:55,593 [ERROR] LogOutputStream:75 - [STDERR_REDIRECT] 
2025-09-22 23:53:56,595 [ERROR] LogOutputStream:75 - [STDERR_REDIRECT] [Fatal Error] :1:1: Premature end of file.
2025-09-22 23:53:56,595 [ERROR] LogOutputStream:75 - [STDERR_REDIRECT] 
2025-09-22 23:53:57,596 [ERROR] LogOutputStream:75 - [STDERR_REDIRECT] [Fatal Error] :1:1: Premature end of file.
2025-09-22 23:53:57,597 [ERROR] LogOutputStream:75 - [STDERR_REDIRECT] 
2025-09-22 23:53:58,595 [ERROR] LogOutputStream:75 - [STDERR_REDIRECT] [Fatal Error] :1:1: Premature end of file.
2025-09-22 23:53:58,595 [ERROR] LogOutputStream:75 - [STDERR_REDIRECT] 
2025-09-22 23:53:59,595 [ERROR] LogOutputStream:75 - [STDERR_REDIRECT] [Fatal Error] :1:1: Premature end of file.
2025-09-22 23:53:59,595 [ERROR] LogOutputStream:75 - [STDERR_REDIRECT] 
2025-09-22 23:54:00,591 [ERROR] LogOutputStream:75 - [STDERR_REDIRECT] [Fatal Error] :1:1: Premature end of file.
2025-09-22 23:54:00,591 [ERROR] LogOutputStream:75 - [STDERR_REDIRECT] 
2025-09-22 23:54:01,602 [ERROR] LogOutputStream:75 - [STDERR_REDIRECT] [Fatal Error] :1:1: Premature end of file.
2025-09-22 23:54:01,602 [ERROR] LogOutputStream:75 - [STDERR_REDIRECT] 
2025-09-22 23:54:02,593 [ERROR] LogOutputStream:75 - [STDERR_REDIRECT] [Fatal Error] :1:1: Premature end of file.
2025-09-22 23:54:02,593 [ERROR] LogOutputStream:75 - [STDERR_REDIRECT] 
2025-09-22 23:54:03,595 [ERROR] LogOutputStream:75 - [STDERR_REDIRECT] [Fatal Error] :1:1: Premature end of file.
2025-09-22 23:54:03,596 [ERROR] LogOutputStream:75 - [STDERR_REDIRECT] 
2025-09-22 23:54:04,593 [ERROR] LogOutputStream:75 - [STDERR_REDIRECT] [Fatal Error] :1:1: Premature end of file.
2025-09-22 23:54:04,593 [ERROR] LogOutputStream:75 - [STDERR_REDIRECT] 
2025-09-22 23:54:05,595 [ERROR] LogOutputStream:75 - [STDERR_REDIRECT] [Fatal Error] :1:1: Premature end of file.
2025-09-22 23:54:05,595 [ERROR] LogOutputStream:75 - [STDERR_REDIRECT] 
2025-09-22 23:54:06,596 [ERROR] LogOutputStream:75 - [STDERR_REDIRECT] [Fatal Error] :1:1: Premature end of file.
2025-09-22 23:54:06,597 [ERROR] LogOutputStream:75 - [STDERR_REDIRECT] 
2025-09-22 23:54:07,596 [ERROR] LogOutputStream:75 - [STDERR_REDIRECT] [Fatal Error] :1:1: Premature end of file.
2025-09-22 23:54:07,596 [ERROR] LogOutputStream:75 - [STDERR_REDIRECT] 
2025-09-22 23:54:08,595 [ERROR] LogOutputStream:75 - [STDERR_REDIRECT] [Fatal Error] :1:1: Premature end of file.
2025-09-22 23:54:08,595 [ERROR] LogOutputStream:75 - [STDERR_REDIRECT] 
2025-09-22 23:54:09,598 [ERROR] LogOutputStream:75 - [STDERR_REDIRECT] [Fatal Error] :1:1: Premature end of file.
2025-09-22 23:54:09,598 [ERROR] LogOutputStream:75 - [STDERR_REDIRECT] 
2025-09-22 23:54:10,592 [ERROR] LogOutputStream:75 - [STDERR_REDIRECT] [Fatal Error] :1:1: Premature end of file.
2025-09-22 23:54:10,592 [ERROR] LogOutputStream:75 - [STDERR_REDIRECT] 
2025-09-22 23:54:11,592 [ERROR] LogOutputStream:75 - [STDERR_REDIRECT] [Fatal Error] :1:1: Premature end of file.
2025-09-22 23:54:11,592 [ERROR] LogOutputStream:75 - [STDERR_REDIRECT] 
2025-09-22 23:54:12,593 [ERROR] LogOutputStream:75 - [STDERR_REDIRECT] [Fatal Error] :1:1: Premature end of file.
2025-09-22 23:54:12,593 [ERROR] LogOutputStream:75 - [STDERR_REDIRECT] 
2025-09-22 23:54:13,594 [ERROR] LogOutputStream:75 - [STDERR_REDIRECT] [Fatal Error] :1:1: Premature end of file.
2025-09-22 23:54:13,594 [ERROR] LogOutputStream:75 - [STDERR_REDIRECT] 
2025-09-22 23:54:14,594 [ERROR] LogOutputStream:75 - [STDERR_REDIRECT] [Fatal Error] :1:1: Premature end of file.
2025-09-22 23:54:14,595 [ERROR] LogOutputStream:75 - [STDERR_REDIRECT] 
2025-09-22 23:54:15,595 [ERROR] LogOutputStream:75 - [STDERR_REDIRECT] [Fatal Error] :1:1: Premature end of file.
2025-09-22 23:54:15,595 [ERROR] LogOutputStream:75 - [STDERR_REDIRECT] 
2025-09-22 23:54:16,595 [ERROR] LogOutputStream:75 - [STDERR_REDIRECT] [Fatal Error] :1:1: Premature end of file.
2025-09-22 23:54:16,596 [ERROR] LogOutputStream:75 - [STDERR_REDIRECT] 
2025-09-22 23:54:17,596 [ERROR] LogOutputStream:75 - [STDERR_REDIRECT] [Fatal Error] :1:1: Premature end of file.
2025-09-22 23:54:17,597 [ERROR] LogOutputStream:75 - [STDERR_REDIRECT] 
2025-09-22 23:54:18,593 [ERROR] LogOutputStream:75 - [STDERR_REDIRECT] [Fatal Error] :1:1: Premature end of file.
2025-09-22 23:54:18,594 [ERROR] LogOutputStream:75 - [STDERR_REDIRECT] 
2025-09-22 23:54:19,593 [ERROR] LogOutputStream:75 - [STDERR_REDIRECT] [Fatal Error] :1:1: Premature end of file.
2025-09-22 23:54:19,593 [ERROR] LogOutputStream:75 - [STDERR_REDIRECT] 
2025-09-22 23:54:20,596 [ERROR] LogOutputStream:75 - [STDERR_REDIRECT] [Fatal Error] :1:1: Premature end of file.
2025-09-22 23:54:20,596 [ERROR] LogOutputStream:75 - [STDERR_REDIRECT] 
2025-09-22 23:54:21,595 [ERROR] LogOutputStream:75 - [STDERR_REDIRECT] [Fatal Error] :1:1: Premature end of file.
2025-09-22 23:54:21,596 [ERROR] LogOutputStream:75 - [STDERR_REDIRECT] 
2025-09-22 23:54:22,589 [ERROR] LogOutputStream:75 - [STDERR_REDIRECT] [Fatal Error] :1:1: Premature end of file.
2025-09-22 23:54:22,589 [ERROR] LogOutputStream:75 - [STDERR_REDIRECT] 
2025-09-22 23:54:23,602 [ERROR] LogOutputStream:75 - [STDERR_REDIRECT] [Fatal Error] :1:1: Premature end of file.
2025-09-22 23:54:23,602 [ERROR] LogOutputStream:75 - [STDERR_REDIRECT] 
2025-09-22 23:54:24,593 [ERROR] LogOutputStream:75 - [STDERR_REDIRECT] [Fatal Error] :1:1: Premature end of file.
2025-09-22 23:54:24,593 [ERROR] LogOutputStream:75 - [STDERR_REDIRECT] 
2025-09-22 23:54:25,598 [ERROR] LogOutputStream:75 - [STDERR_REDIRECT] [Fatal Error] :1:1: Premature end of file.
2025-09-22 23:54:25,598 [ERROR] LogOutputStream:75 - [STDERR_REDIRECT] 
2025-09-22 23:54:26,593 [ERROR] LogOutputStream:75 - [STDERR_REDIRECT] [Fatal Error] :1:1: Premature end of file.
2025-09-22 23:54:26,593 [ERROR] LogOutputStream:75 - [STDERR_REDIRECT] 
2025-09-22 23:54:27,594 [ERROR] LogOutputStream:75 - [STDERR_REDIRECT] [Fatal Error] :1:1: Premature end of file.
2025-09-22 23:54:27,594 [ERROR] LogOutputStream:75 - [STDERR_REDIRECT] 
2025-09-22 23:54:28,593 [ERROR] LogOutputStream:75 - [STDERR_REDIRECT] [Fatal Error] :1:1: Premature end of file.
2025-09-22 23:54:28,593 [ERROR] LogOutputStream:75 - [STDERR_REDIRECT] 
2025-09-22 23:54:29,594 [ERROR] LogOutputStream:75 - [STDERR_REDIRECT] [Fatal Error] :1:1: Premature end of file.
2025-09-22 23:54:29,594 [ERROR] LogOutputStream:75 - [STDERR_REDIRECT] 
2025-09-22 23:54:30,595 [ERROR] LogOutputStream:75 - [STDERR_REDIRECT] [Fatal Error] :1:1: Premature end of file.
2025-09-22 23:54:30,596 [ERROR] LogOutputStream:75 - [STDERR_REDIRECT] 
2025-09-22 23:54:31,594 [ERROR] LogOutputStream:75 - [STDERR_REDIRECT] [Fatal Error] :1:1: Premature end of file.
2025-09-22 23:54:31,595 [ERROR] LogOutputStream:75 - [STDERR_REDIRECT] 
2025-09-22 23:54:32,598 [ERROR] LogOutputStream:75 - [STDERR_REDIRECT] [Fatal Error] :1:1: Premature end of file.
2025-09-22 23:54:32,598 [ERROR] LogOutputStream:75 - [STDERR_REDIRECT] 
2025-09-22 23:54:33,598 [ERROR] LogOutputStream:75 - [STDERR_REDIRECT] [Fatal Error] :1:1: Premature end of file.
2025-09-22 23:54:33,598 [ERROR] LogOutputStream:75 - [STDERR_REDIRECT] 
2025-09-22 23:54:34,593 [ERROR] LogOutputStream:75 - [STDERR_REDIRECT] [Fatal Error] :1:1: Premature end of file.
2025-09-22 23:54:34,593 [ERROR] LogOutputStream:75 - [STDERR_REDIRECT] 
2025-09-22 23:54:35,594 [ERROR] LogOutputStream:75 - [STDERR_REDIRECT] [Fatal Error] :1:1: Premature end of file.
2025-09-22 23:54:35,594 [ERROR] LogOutputStream:75 - [STDERR_REDIRECT] 
2025-09-22 23:54:36,594 [ERROR] LogOutputStream:75 - [STDERR_REDIRECT] [Fatal Error] :1:1: Premature end of file.
2025-09-22 23:54:36,594 [ERROR] LogOutputStream:75 - [STDERR_REDIRECT] 
2025-09-22 23:54:37,593 [ERROR] LogOutputStream:75 - [STDERR_REDIRECT] [Fatal Error] :1:1: Premature end of file.
2025-09-22 23:54:37,593 [ERROR] LogOutputStream:75 - [STDERR_REDIRECT] 
2025-09-22 23:54:38,594 [ERROR] LogOutputStream:75 - [STDERR_REDIRECT] [Fatal Error] :1:1: Premature end of file.
2025-09-22 23:54:38,595 [ERROR] LogOutputStream:75 - [STDERR_REDIRECT] 
2025-09-22 23:54:39,592 [ERROR] LogOutputStream:75 - [STDERR_REDIRECT] [Fatal Error] :1:1: Premature end of file.
2025-09-22 23:54:39,592 [ERROR] LogOutputStream:75 - [STDERR_REDIRECT] 
2025-09-22 23:54:40,596 [ERROR] LogOutputStream:75 - [STDERR_REDIRECT] [Fatal Error] :1:1: Premature end of file.
2025-09-22 23:54:40,596 [ERROR] LogOutputStream:75 - [STDERR_REDIRECT] 
2025-09-22 23:54:41,594 [ERROR] LogOutputStream:75 - [STDERR_REDIRECT] [Fatal Error] :1:1: Premature end of file.
2025-09-22 23:54:41,594 [ERROR] LogOutputStream:75 - [STDERR_REDIRECT] 
2025-09-22 23:54:42,593 [ERROR] LogOutputStream:75 - [STDERR_REDIRECT] [Fatal Error] :1:1: Premature end of file.
2025-09-22 23:54:42,594 [ERROR] LogOutputStream:75 - [STDERR_REDIRECT] 
2025-09-22 23:54:43,595 [ERROR] LogOutputStream:75 - [STDERR_REDIRECT] [Fatal Error] :1:1: Premature end of file.
2025-09-22 23:54:43,595 [ERROR] LogOutputStream:75 - [STDERR_REDIRECT] 
2025-09-22 23:54:44,590 [ERROR] LogOutputStream:75 - [STDERR_REDIRECT] [Fatal Error] :1:1: Premature end of file.
2025-09-22 23:54:44,590 [ERROR] LogOutputStream:75 - [STDERR_REDIRECT] 
2025-09-22 23:54:45,592 [ERROR] LogOutputStream:75 - [STDERR_REDIRECT] [Fatal Error] :1:1: Premature end of file.
2025-09-22 23:54:45,592 [ERROR] LogOutputStream:75 - [STDERR_REDIRECT] 
2025-09-22 23:54:46,591 [ERROR] LogOutputStream:75 - [STDERR_REDIRECT] [Fatal Error] :1:1: Premature end of file.
2025-09-22 23:54:46,592 [ERROR] LogOutputStream:75 - [STDERR_REDIRECT] 
2025-09-22 23:54:47,592 [ERROR] LogOutputStream:75 - [STDERR_REDIRECT] [Fatal Error] :1:1: Premature end of file.
2025-09-22 23:54:47,593 [ERROR] LogOutputStream:75 - [STDERR_REDIRECT] 
2025-09-22 23:54:48,593 [ERROR] LogOutputStream:75 - [STDERR_REDIRECT] [Fatal Error] :1:1: Premature end of file.
2025-09-22 23:54:48,593 [ERROR] LogOutputStream:75 - [STDERR_REDIRECT] 
2025-09-22 23:54:49,595 [ERROR] LogOutputStream:75 - [STDERR_REDIRECT] [Fatal Error] :1:1: Premature end of file.
2025-09-22 23:54:49,595 [ERROR] LogOutputStream:75 - [STDERR_REDIRECT] 
2025-09-22 23:54:50,592 [ERROR] LogOutputStream:75 - [STDERR_REDIRECT] [Fatal Error] :1:1: Premature end of file.
2025-09-22 23:54:50,593 [ERROR] LogOutputStream:75 - [STDERR_REDIRECT] 
2025-09-22 23:54:51,595 [ERROR] LogOutputStream:75 - [STDERR_REDIRECT] [Fatal Error] :1:1: Premature end of file.
2025-09-22 23:54:51,595 [ERROR] LogOutputStream:75 - [STDERR_REDIRECT] 
2025-09-22 23:54:52,593 [ERROR] LogOutputStream:75 - [STDERR_REDIRECT] [Fatal Error] :1:1: Premature end of file.
2025-09-22 23:54:52,594 [ERROR] LogOutputStream:75 - [STDERR_REDIRECT] 
2025-09-22 23:54:53,596 [ERROR] LogOutputStream:75 - [STDERR_REDIRECT] [Fatal Error] :1:1: Premature end of file.
2025-09-22 23:54:53,597 [ERROR] LogOutputStream:75 - [STDERR_REDIRECT] 
2025-09-22 23:54:54,592 [ERROR] LogOutputStream:75 - [STDERR_REDIRECT] [Fatal Error] :1:1: Premature end of file.
2025-09-22 23:54:54,592 [ERROR] LogOutputStream:75 - [STDERR_REDIRECT] 
2025-09-22 23:54:55,594 [ERROR] LogOutputStream:75 - [STDERR_REDIRECT] [Fatal Error] :1:1: Premature end of file.
2025-09-22 23:54:55,595 [ERROR] LogOutputStream:75 - [STDERR_REDIRECT] 
2025-09-22 23:54:56,592 [ERROR] LogOutputStream:75 - [STDERR_REDIRECT] [Fatal Error] :1:1: Premature end of file.
2025-09-22 23:54:56,592 [ERROR] LogOutputStream:75 - [STDERR_REDIRECT] 
2025-09-22 23:54:57,591 [ERROR] LogOutputStream:75 - [STDERR_REDIRECT] [Fatal Error] :1:1: Premature end of file.
2025-09-22 23:54:57,591 [ERROR] LogOutputStream:75 - [STDERR_REDIRECT] 
2025-09-22 23:54:58,595 [ERROR] LogOutputStream:75 - [STDERR_REDIRECT] [Fatal Error] :1:1: Premature end of file.
2025-09-22 23:54:58,595 [ERROR] LogOutputStream:75 - [STDERR_REDIRECT] 
2025-09-22 23:54:59,593 [ERROR] LogOutputStream:75 - [STDERR_REDIRECT] [Fatal Error] :1:1: Premature end of file.
2025-09-22 23:54:59,594 [ERROR] LogOutputStream:75 - [STDERR_REDIRECT] 
2025-09-22 23:55:00,593 [ERROR] LogOutputStream:75 - [STDERR_REDIRECT] [Fatal Error] :1:1: Premature end of file.
2025-09-22 23:55:00,593 [ERROR] LogOutputStream:75 - [STDERR_REDIRECT] 
2025-09-22 23:55:01,594 [ERROR] LogOutputStream:75 - [STDERR_REDIRECT] [Fatal Error] :1:1: Premature end of file.
2025-09-22 23:55:01,594 [ERROR] LogOutputStream:75 - [STDERR_REDIRECT] 
2025-09-22 23:55:02,594 [ERROR] LogOutputStream:75 - [STDERR_REDIRECT] [Fatal Error] :1:1: Premature end of file.
2025-09-22 23:55:02,594 [ERROR] LogOutputStream:75 - [STDERR_REDIRECT] 
2025-09-22 23:55:03,599 [ERROR] LogOutputStream:75 - [STDERR_REDIRECT] [Fatal Error] :1:1: Premature end of file.
2025-09-22 23:55:03,600 [ERROR] LogOutputStream:75 - [STDERR_REDIRECT] 
2025-09-22 23:55:04,594 [ERROR] LogOutputStream:75 - [STDERR_REDIRECT] [Fatal Error] :1:1: Premature end of file.
2025-09-22 23:55:04,594 [ERROR] LogOutputStream:75 - [STDERR_REDIRECT] 
2025-09-22 23:55:05,592 [ERROR] LogOutputStream:75 - [STDERR_REDIRECT] [Fatal Error] :1:1: Premature end of file.
2025-09-22 23:55:05,592 [ERROR] LogOutputStream:75 - [STDERR_REDIRECT] 
2025-09-22 23:55:06,594 [ERROR] LogOutputStream:75 - [STDERR_REDIRECT] [Fatal Error] :1:1: Premature end of file.
2025-09-22 23:55:06,595 [ERROR] LogOutputStream:75 - [STDERR_REDIRECT] 
2025-09-22 23:55:07,593 [ERROR] LogOutputStream:75 - [STDERR_REDIRECT] [Fatal Error] :1:1: Premature end of file.
2025-09-22 23:55:07,593 [ERROR] LogOutputStream:75 - [STDERR_REDIRECT] 
2025-09-22 23:55:08,591 [ERROR] LogOutputStream:75 - [STDERR_REDIRECT] [Fatal Error] :1:1: Premature end of file.
2025-09-22 23:55:08,592 [ERROR] LogOutputStream:75 - [STDERR_REDIRECT] 
2025-09-22 23:55:09,593 [ERROR] LogOutputStream:75 - [STDERR_REDIRECT] [Fatal Error] :1:1: Premature end of file.
2025-09-22 23:55:09,593 [ERROR] LogOutputStream:75 - [STDERR_REDIRECT] 
2025-09-22 23:55:10,594 [ERROR] LogOutputStream:75 - [STDERR_REDIRECT] [Fatal Error] :1:1: Premature end of file.
2025-09-22 23:55:10,594 [ERROR] LogOutputStream:75 - [STDERR_REDIRECT] 
2025-09-22 23:55:11,593 [ERROR] LogOutputStream:75 - [STDERR_REDIRECT] [Fatal Error] :1:1: Premature end of file.
2025-09-22 23:55:11,593 [ERROR] LogOutputStream:75 - [STDERR_REDIRECT] 
2025-09-22 23:55:12,594 [ERROR] LogOutputStream:75 - [STDERR_REDIRECT] [Fatal Error] :1:1: Premature end of file.
2025-09-22 23:55:12,594 [ERROR] LogOutputStream:75 - [STDERR_REDIRECT] 
2025-09-22 23:55:13,609 [ERROR] LogOutputStream:75 - [STDERR_REDIRECT] [Fatal Error] :1:1: Premature end of file.
2025-09-22 23:55:13,609 [ERROR] LogOutputStream:75 - [STDERR_REDIRECT] 
2025-09-22 23:55:14,597 [ERROR] LogOutputStream:75 - [STDERR_REDIRECT] [Fatal Error] :1:1: Premature end of file.
2025-09-22 23:55:14,597 [ERROR] LogOutputStream:75 - [STDERR_REDIRECT] 
2025-09-22 23:55:15,593 [ERROR] LogOutputStream:75 - [STDERR_REDIRECT] [Fatal Error] :1:1: Premature end of file.
2025-09-22 23:55:15,594 [ERROR] LogOutputStream:75 - [STDERR_REDIRECT] 
2025-09-22 23:55:16,595 [ERROR] LogOutputStream:75 - [STDERR_REDIRECT] [Fatal Error] :1:1: Premature end of file.
2025-09-22 23:55:16,595 [ERROR] LogOutputStream:75 - [STDERR_REDIRECT] 
2025-09-22 23:55:17,592 [ERROR] LogOutputStream:75 - [STDERR_REDIRECT] [Fatal Error] :1:1: Premature end of file.
2025-09-22 23:55:17,592 [ERROR] LogOutputStream:75 - [STDERR_REDIRECT] 
2025-09-22 23:55:18,594 [ERROR] LogOutputStream:75 - [STDERR_REDIRECT] [Fatal Error] :1:1: Premature end of file.
2025-09-22 23:55:18,594 [ERROR] LogOutputStream:75 - [STDERR_REDIRECT] 
2025-09-22 23:55:19,592 [ERROR] LogOutputStream:75 - [STDERR_REDIRECT] [Fatal Error] :1:1: Premature end of file.
2025-09-22 23:55:19,592 [ERROR] LogOutputStream:75 - [STDERR_REDIRECT] 
2025-09-22 23:55:20,595 [ERROR] LogOutputStream:75 - [STDERR_REDIRECT] [Fatal Error] :1:1: Premature end of file.
2025-09-22 23:55:20,596 [ERROR] LogOutputStream:75 - [STDERR_REDIRECT] 
2025-09-22 23:55:21,594 [ERROR] LogOutputStream:75 - [STDERR_REDIRECT] [Fatal Error] :1:1: Premature end of file.
2025-09-22 23:55:21,595 [ERROR] LogOutputStream:75 - [STDERR_REDIRECT] 
2025-09-22 23:55:22,596 [ERROR] LogOutputStream:75 - [STDERR_REDIRECT] [Fatal Error] :1:1: Premature end of file.
2025-09-22 23:55:22,597 [ERROR] LogOutputStream:75 - [STDERR_REDIRECT] 
2025-09-22 23:55:23,595 [ERROR] LogOutputStream:75 - [STDERR_REDIRECT] [Fatal Error] :1:1: Premature end of file.
2025-09-22 23:55:23,595 [ERROR] LogOutputStream:75 - [STDERR_REDIRECT] 
2025-09-22 23:55:24,594 [ERROR] LogOutputStream:75 - [STDERR_REDIRECT] [Fatal Error] :1:1: Premature end of file.
2025-09-22 23:55:24,594 [ERROR] LogOutputStream:75 - [STDERR_REDIRECT] 
2025-09-22 23:55:25,593 [ERROR] LogOutputStream:75 - [STDERR_REDIRECT] [Fatal Error] :1:1: Premature end of file.
2025-09-22 23:55:25,593 [ERROR] LogOutputStream:75 - [STDERR_REDIRECT] 
2025-09-22 23:55:26,593 [ERROR] LogOutputStream:75 - [STDERR_REDIRECT] [Fatal Error] :1:1: Premature end of file.
2025-09-22 23:55:26,593 [ERROR] LogOutputStream:75 - [STDERR_REDIRECT] 
2025-09-22 23:55:27,593 [ERROR] LogOutputStream:75 - [STDERR_REDIRECT] [Fatal Error] :1:1: Premature end of file.
2025-09-22 23:55:27,593 [ERROR] LogOutputStream:75 - [STDERR_REDIRECT] 
2025-09-22 23:55:28,592 [ERROR] LogOutputStream:75 - [STDERR_REDIRECT] [Fatal Error] :1:1: Premature end of file.
2025-09-22 23:55:28,592 [ERROR] LogOutputStream:75 - [STDERR_REDIRECT] 
2025-09-22 23:55:29,593 [ERROR] LogOutputStream:75 - [STDERR_REDIRECT] [Fatal Error] :1:1: Premature end of file.
2025-09-22 23:55:29,593 [ERROR] LogOutputStream:75 - [STDERR_REDIRECT] 
2025-09-22 23:55:30,592 [ERROR] LogOutputStream:75 - [STDERR_REDIRECT] [Fatal Error] :1:1: Premature end of file.
2025-09-22 23:55:30,592 [ERROR] LogOutputStream:75 - [STDERR_REDIRECT] 
2025-09-22 23:55:31,593 [ERROR] LogOutputStream:75 - [STDERR_REDIRECT] [Fatal Error] :1:1: Premature end of file.
2025-09-22 23:55:31,593 [ERROR] LogOutputStream:75 - [STDERR_REDIRECT] 
2025-09-22 23:55:32,596 [ERROR] LogOutputStream:75 - [STDERR_REDIRECT] [Fatal Error] :1:1: Premature end of file.
2025-09-22 23:55:32,596 [ERROR] LogOutputStream:75 - [STDERR_REDIRECT] 
2025-09-22 23:55:33,592 [ERROR] LogOutputStream:75 - [STDERR_REDIRECT] [Fatal Error] :1:1: Premature end of file.
2025-09-22 23:55:33,592 [ERROR] LogOutputStream:75 - [STDERR_REDIRECT] 
2025-09-22 23:55:34,601 [ERROR] LogOutputStream:75 - [STDERR_REDIRECT] [Fatal Error] :1:1: Premature end of file.
2025-09-22 23:55:34,601 [ERROR] LogOutputStream:75 - [STDERR_REDIRECT] 
2025-09-22 23:55:35,593 [ERROR] LogOutputStream:75 - [STDERR_REDIRECT] [Fatal Error] :1:1: Premature end of file.
2025-09-22 23:55:35,593 [ERROR] LogOutputStream:75 - [STDERR_REDIRECT] 
2025-09-22 23:55:36,592 [ERROR] LogOutputStream:75 - [STDERR_REDIRECT] [Fatal Error] :1:1: Premature end of file.
2025-09-22 23:55:36,593 [ERROR] LogOutputStream:75 - [STDERR_REDIRECT] 
2025-09-22 23:55:37,594 [ERROR] LogOutputStream:75 - [STDERR_REDIRECT] [Fatal Error] :1:1: Premature end of file.
2025-09-22 23:55:37,595 [ERROR] LogOutputStream:75 - [STDERR_REDIRECT] 
2025-09-22 23:55:38,594 [ERROR] LogOutputStream:75 - [STDERR_REDIRECT] [Fatal Error] :1:1: Premature end of file.
2025-09-22 23:55:38,594 [ERROR] LogOutputStream:75 - [STDERR_REDIRECT] 
2025-09-22 23:55:39,595 [ERROR] LogOutputStream:75 - [STDERR_REDIRECT] [Fatal Error] :1:1: Premature end of file.
2025-09-22 23:55:39,595 [ERROR] LogOutputStream:75 - [STDERR_REDIRECT] 
2025-09-22 23:55:40,596 [ERROR] LogOutputStream:75 - [STDERR_REDIRECT] [Fatal Error] :1:1: Premature end of file.
2025-09-22 23:55:40,597 [ERROR] LogOutputStream:75 - [STDERR_REDIRECT] 
2025-09-22 23:55:41,599 [ERROR] LogOutputStream:75 - [STDERR_REDIRECT] [Fatal Error] :1:1: Premature end of file.
2025-09-22 23:55:41,599 [ERROR] LogOutputStream:75 - [STDERR_REDIRECT] 
2025-09-22 23:55:42,592 [ERROR] LogOutputStream:75 - [STDERR_REDIRECT] [Fatal Error] :1:1: Premature end of file.
2025-09-22 23:55:42,593 [ERROR] LogOutputStream:75 - [STDERR_REDIRECT] 
2025-09-22 23:55:43,593 [ERROR] LogOutputStream:75 - [STDERR_REDIRECT] [Fatal Error] :1:1: Premature end of file.
2025-09-22 23:55:43,593 [ERROR] LogOutputStream:75 - [STDERR_REDIRECT] 
2025-09-22 23:55:44,594 [ERROR] LogOutputStream:75 - [STDERR_REDIRECT] [Fatal Error] :1:1: Premature end of file.
2025-09-22 23:55:44,594 [ERROR] LogOutputStream:75 - [STDERR_REDIRECT] 
2025-09-22 23:55:45,592 [ERROR] LogOutputStream:75 - [STDERR_REDIRECT] [Fatal Error] :1:1: Premature end of file.
2025-09-22 23:55:45,592 [ERROR] LogOutputStream:75 - [STDERR_REDIRECT] 
2025-09-22 23:55:46,593 [ERROR] LogOutputStream:75 - [STDERR_REDIRECT] [Fatal Error] :1:1: Premature end of file.
2025-09-22 23:55:46,593 [ERROR] LogOutputStream:75 - [STDERR_REDIRECT] 
2025-09-22 23:55:47,591 [ERROR] LogOutputStream:75 - [STDERR_REDIRECT] [Fatal Error] :1:1: Premature end of file.
2025-09-22 23:55:47,593 [ERROR] LogOutputStream:75 - [STDERR_REDIRECT] 
2025-09-22 23:55:48,593 [ERROR] LogOutputStream:75 - [STDERR_REDIRECT] [Fatal Error] :1:1: Premature end of file.
2025-09-22 23:55:48,594 [ERROR] LogOutputStream:75 - [STDERR_REDIRECT] 
2025-09-22 23:55:49,597 [ERROR] LogOutputStream:75 - [STDERR_REDIRECT] [Fatal Error] :1:1: Premature end of file.
2025-09-22 23:55:49,597 [ERROR] LogOutputStream:75 - [STDERR_REDIRECT] 
2025-09-22 23:55:50,600 [ERROR] LogOutputStream:75 - [STDERR_REDIRECT] [Fatal Error] :1:1: Premature end of file.
2025-09-22 23:55:50,600 [ERROR] LogOutputStream:75 - [STDERR_REDIRECT] 
2025-09-22 23:55:51,594 [ERROR] LogOutputStream:75 - [STDERR_REDIRECT] [Fatal Error] :1:1: Premature end of file.
2025-09-22 23:55:51,594 [ERROR] LogOutputStream:75 - [STDERR_REDIRECT] 
2025-09-22 23:55:52,597 [ERROR] LogOutputStream:75 - [STDERR_REDIRECT] [Fatal Error] :1:1: Premature end of file.
2025-09-22 23:55:52,597 [ERROR] LogOutputStream:75 - [STDERR_REDIRECT] 
2025-09-22 23:55:53,593 [ERROR] LogOutputStream:75 - [STDERR_REDIRECT] [Fatal Error] :1:1: Premature end of file.
2025-09-22 23:55:53,593 [ERROR] LogOutputStream:75 - [STDERR_REDIRECT] 
2025-09-22 23:55:54,593 [ERROR] LogOutputStream:75 - [STDERR_REDIRECT] [Fatal Error] :1:1: Premature end of file.
2025-09-22 23:55:54,593 [ERROR] LogOutputStream:75 - [STDERR_REDIRECT] 
2025-09-22 23:55:55,594 [ERROR] LogOutputStream:75 - [STDERR_REDIRECT] [Fatal Error] :1:1: Premature end of file.
2025-09-22 23:55:55,594 [ERROR] LogOutputStream:75 - [STDERR_REDIRECT] 
2025-09-22 23:55:56,597 [ERROR] LogOutputStream:75 - [STDERR_REDIRECT] [Fatal Error] :1:1: Premature end of file.
2025-09-22 23:55:56,598 [ERROR] LogOutputStream:75 - [STDERR_REDIRECT] 
2025-09-22 23:55:57,599 [ERROR] LogOutputStream:75 - [STDERR_REDIRECT] [Fatal Error] :1:1: Premature end of file.
2025-09-22 23:55:57,600 [ERROR] LogOutputStream:75 - [STDERR_REDIRECT] 
2025-09-22 23:55:58,593 [ERROR] LogOutputStream:75 - [STDERR_REDIRECT] [Fatal Error] :1:1: Premature end of file.
2025-09-22 23:55:58,593 [ERROR] LogOutputStream:75 - [STDERR_REDIRECT] 
2025-09-22 23:55:59,594 [ERROR] LogOutputStream:75 - [STDERR_REDIRECT] [Fatal Error] :1:1: Premature end of file.
2025-09-22 23:55:59,595 [ERROR] LogOutputStream:75 - [STDERR_REDIRECT] 
2025-09-22 23:56:00,594 [ERROR] LogOutputStream:75 - [STDERR_REDIRECT] [Fatal Error] :1:1: Premature end of file.
2025-09-22 23:56:00,594 [ERROR] LogOutputStream:75 - [STDERR_REDIRECT] 
2025-09-22 23:56:01,593 [ERROR] LogOutputStream:75 - [STDERR_REDIRECT] [Fatal Error] :1:1: Premature end of file.
2025-09-22 23:56:01,594 [ERROR] LogOutputStream:75 - [STDERR_REDIRECT] 
2025-09-22 23:56:02,597 [ERROR] LogOutputStream:75 - [STDERR_REDIRECT] [Fatal Error] :1:1: Premature end of file.
2025-09-22 23:56:02,598 [ERROR] LogOutputStream:75 - [STDERR_REDIRECT] 
2025-09-22 23:56:03,594 [ERROR] LogOutputStream:75 - [STDERR_REDIRECT] [Fatal Error] :1:1: Premature end of file.
2025-09-22 23:56:03,594 [ERROR] LogOutputStream:75 - [STDERR_REDIRECT] 
2025-09-22 23:56:04,601 [ERROR] LogOutputStream:75 - [STDERR_REDIRECT] [Fatal Error] :1:1: Premature end of file.
2025-09-22 23:56:04,601 [ERROR] LogOutputStream:75 - [STDERR_REDIRECT] 
2025-09-22 23:56:05,603 [ERROR] LogOutputStream:75 - [STDERR_REDIRECT] [Fatal Error] :1:1: Premature end of file.
2025-09-22 23:56:05,604 [ERROR] LogOutputStream:75 - [STDERR_REDIRECT] 
2025-09-22 23:56:06,601 [ERROR] LogOutputStream:75 - [STDERR_REDIRECT] [Fatal Error] :1:1: Premature end of file.
2025-09-22 23:56:06,601 [ERROR] LogOutputStream:75 - [STDERR_REDIRECT] 
2025-09-22 23:56:07,596 [ERROR] LogOutputStream:75 - [STDERR_REDIRECT] [Fatal Error] :1:1: Premature end of file.
2025-09-22 23:56:07,596 [ERROR] LogOutputStream:75 - [STDERR_REDIRECT] 
2025-09-22 23:56:08,593 [ERROR] LogOutputStream:75 - [STDERR_REDIRECT] [Fatal Error] :1:1: Premature end of file.
2025-09-22 23:56:08,593 [ERROR] LogOutputStream:75 - [STDERR_REDIRECT] 
2025-09-22 23:56:09,594 [ERROR] LogOutputStream:75 - [STDERR_REDIRECT] [Fatal Error] :1:1: Premature end of file.
2025-09-22 23:56:09,594 [ERROR] LogOutputStream:75 - [STDERR_REDIRECT] 
2025-09-22 23:56:10,595 [ERROR] LogOutputStream:75 - [STDERR_REDIRECT] [Fatal Error] :1:1: Premature end of file.
2025-09-22 23:56:10,595 [ERROR] LogOutputStream:75 - [STDERR_REDIRECT] 
2025-09-22 23:56:11,597 [ERROR] LogOutputStream:75 - [STDERR_REDIRECT] [Fatal Error] :1:1: Premature end of file.
2025-09-22 23:56:11,597 [ERROR] LogOutputStream:75 - [STDERR_REDIRECT] 
2025-09-22 23:56:12,597 [ERROR] LogOutputStream:75 - [STDERR_REDIRECT] [Fatal Error] :1:1: Premature end of file.
2025-09-22 23:56:12,597 [ERROR] LogOutputStream:75 - [STDERR_REDIRECT] 
2025-09-22 23:56:13,590 [ERROR] LogOutputStream:75 - [STDERR_REDIRECT] [Fatal Error] :1:1: Premature end of file.
2025-09-22 23:56:13,591 [ERROR] LogOutputStream:75 - [STDERR_REDIRECT] 
2025-09-22 23:56:14,592 [ERROR] LogOutputStream:75 - [STDERR_REDIRECT] [Fatal Error] :1:1: Premature end of file.
2025-09-22 23:56:14,592 [ERROR] LogOutputStream:75 - [STDERR_REDIRECT] 
2025-09-22 23:56:15,592 [ERROR] LogOutputStream:75 - [STDERR_REDIRECT] [Fatal Error] :1:1: Premature end of file.
2025-09-22 23:56:15,592 [ERROR] LogOutputStream:75 - [STDERR_REDIRECT] 
2025-09-22 23:56:16,594 [ERROR] LogOutputStream:75 - [STDERR_REDIRECT] [Fatal Error] :1:1: Premature end of file.
2025-09-22 23:56:16,594 [ERROR] LogOutputStream:75 - [STDERR_REDIRECT] 
2025-09-22 23:56:17,593 [ERROR] LogOutputStream:75 - [STDERR_REDIRECT] [Fatal Error] :1:1: Premature end of file.
2025-09-22 23:56:17,593 [ERROR] LogOutputStream:75 - [STDERR_REDIRECT] 
2025-09-22 23:56:18,595 [ERROR] LogOutputStream:75 - [STDERR_REDIRECT] [Fatal Error] :1:1: Premature end of file.
2025-09-22 23:56:18,595 [ERROR] LogOutputStream:75 - [STDERR_REDIRECT] 
2025-09-22 23:56:19,594 [ERROR] LogOutputStream:75 - [STDERR_REDIRECT] [Fatal Error] :1:1: Premature end of file.
2025-09-22 23:56:19,595 [ERROR] LogOutputStream:75 - [STDERR_REDIRECT] 
2025-09-22 23:56:20,592 [ERROR] LogOutputStream:75 - [STDERR_REDIRECT] [Fatal Error] :1:1: Premature end of file.
2025-09-22 23:56:20,593 [ERROR] LogOutputStream:75 - [STDERR_REDIRECT] 
2025-09-22 23:56:21,593 [ERROR] LogOutputStream:75 - [STDERR_REDIRECT] [Fatal Error] :1:1: Premature end of file.
2025-09-22 23:56:21,593 [ERROR] LogOutputStream:75 - [STDERR_REDIRECT] 
2025-09-22 23:56:22,592 [ERROR] LogOutputStream:75 - [STDERR_REDIRECT] [Fatal Error] :1:1: Premature end of file.
2025-09-22 23:56:22,592 [ERROR] LogOutputStream:75 - [STDERR_REDIRECT] 
2025-09-22 23:56:23,594 [ERROR] LogOutputStream:75 - [STDERR_REDIRECT] [Fatal Error] :1:1: Premature end of file.
2025-09-22 23:56:23,595 [ERROR] LogOutputStream:75 - [STDERR_REDIRECT] 
2025-09-22 23:56:24,595 [ERROR] LogOutputStream:75 - [STDERR_REDIRECT] [Fatal Error] :1:1: Premature end of file.
2025-09-22 23:56:24,595 [ERROR] LogOutputStream:75 - [STDERR_REDIRECT] 
2025-09-22 23:56:25,604 [ERROR] LogOutputStream:75 - [STDERR_REDIRECT] [Fatal Error] :1:1: Premature end of file.
2025-09-22 23:56:25,604 [ERROR] LogOutputStream:75 - [STDERR_REDIRECT] 
2025-09-22 23:56:26,590 [ERROR] LogOutputStream:75 - [STDERR_REDIRECT] [Fatal Error] :1:1: Premature end of file.
2025-09-22 23:56:26,591 [ERROR] LogOutputStream:75 - [STDERR_REDIRECT] 
2025-09-22 23:56:27,591 [ERROR] LogOutputStream:75 - [STDERR_REDIRECT] [Fatal Error] :1:1: Premature end of file.
2025-09-22 23:56:27,591 [ERROR] LogOutputStream:75 - [STDERR_REDIRECT] 
2025-09-22 23:56:28,593 [ERROR] LogOutputStream:75 - [STDERR_REDIRECT] [Fatal Error] :1:1: Premature end of file.
2025-09-22 23:56:28,593 [ERROR] LogOutputStream:75 - [STDERR_REDIRECT] 
2025-09-22 23:56:29,594 [ERROR] LogOutputStream:75 - [STDERR_REDIRECT] [Fatal Error] :1:1: Premature end of file.
2025-09-22 23:56:29,594 [ERROR] LogOutputStream:75 - [STDERR_REDIRECT] 
2025-09-22 23:56:30,592 [ERROR] LogOutputStream:75 - [STDERR_REDIRECT] [Fatal Error] :1:1: Premature end of file.
2025-09-22 23:56:30,592 [ERROR] LogOutputStream:75 - [STDERR_REDIRECT] 
2025-09-22 23:56:31,593 [ERROR] LogOutputStream:75 - [STDERR_REDIRECT] [Fatal Error] :1:1: Premature end of file.
2025-09-22 23:56:31,593 [ERROR] LogOutputStream:75 - [STDERR_REDIRECT] 
2025-09-22 23:56:32,594 [ERROR] LogOutputStream:75 - [STDERR_REDIRECT] [Fatal Error] :1:1: Premature end of file.
2025-09-22 23:56:32,595 [ERROR] LogOutputStream:75 - [STDERR_REDIRECT] 
2025-09-22 23:56:33,596 [ERROR] LogOutputStream:75 - [STDERR_REDIRECT] [Fatal Error] :1:1: Premature end of file.
2025-09-22 23:56:33,597 [ERROR] LogOutputStream:75 - [STDERR_REDIRECT] 
2025-09-22 23:56:34,596 [ERROR] LogOutputStream:75 - [STDERR_REDIRECT] [Fatal Error] :1:1: Premature end of file.
2025-09-22 23:56:34,596 [ERROR] LogOutputStream:75 - [STDERR_REDIRECT] 
2025-09-22 23:56:35,595 [ERROR] LogOutputStream:75 - [STDERR_REDIRECT] [Fatal Error] :1:1: Premature end of file.
2025-09-22 23:56:35,595 [ERROR] LogOutputStream:75 - [STDERR_REDIRECT] 
2025-09-22 23:56:36,604 [ERROR] LogOutputStream:75 - [STDERR_REDIRECT] [Fatal Error] :1:1: Premature end of file.
2025-09-22 23:56:36,604 [ERROR] LogOutputStream:75 - [STDERR_REDIRECT] 
2025-09-22 23:56:37,594 [ERROR] LogOutputStream:75 - [STDERR_REDIRECT] [Fatal Error] :1:1: Premature end of file.
2025-09-22 23:56:37,594 [ERROR] LogOutputStream:75 - [STDERR_REDIRECT] 
2025-09-22 23:56:38,594 [ERROR] LogOutputStream:75 - [STDERR_REDIRECT] [Fatal Error] :1:1: Premature end of file.
2025-09-22 23:56:38,595 [ERROR] LogOutputStream:75 - [STDERR_REDIRECT] 
2025-09-22 23:56:39,593 [ERROR] LogOutputStream:75 - [STDERR_REDIRECT] [Fatal Error] :1:1: Premature end of file.
2025-09-22 23:56:39,593 [ERROR] LogOutputStream:75 - [STDERR_REDIRECT] 
2025-09-22 23:56:40,593 [ERROR] LogOutputStream:75 - [STDERR_REDIRECT] [Fatal Error] :1:1: Premature end of file.
2025-09-22 23:56:40,593 [ERROR] LogOutputStream:75 - [STDERR_REDIRECT] 
2025-09-22 23:56:41,593 [ERROR] LogOutputStream:75 - [STDERR_REDIRECT] [Fatal Error] :1:1: Premature end of file.
2025-09-22 23:56:41,594 [ERROR] LogOutputStream:75 - [STDERR_REDIRECT] 
2025-09-22 23:56:42,593 [ERROR] LogOutputStream:75 - [STDERR_REDIRECT] [Fatal Error] :1:1: Premature end of file.
2025-09-22 23:56:42,593 [ERROR] LogOutputStream:75 - [STDERR_REDIRECT] 
2025-09-22 23:56:43,602 [ERROR] LogOutputStream:75 - [STDERR_REDIRECT] [Fatal Error] :1:1: Premature end of file.
2025-09-22 23:56:43,602 [ERROR] LogOutputStream:75 - [STDERR_REDIRECT] 
2025-09-22 23:56:44,596 [ERROR] LogOutputStream:75 - [STDERR_REDIRECT] [Fatal Error] :1:1: Premature end of file.
2025-09-22 23:56:44,596 [ERROR] LogOutputStream:75 - [STDERR_REDIRECT] 
2025-09-22 23:56:45,596 [ERROR] LogOutputStream:75 - [STDERR_REDIRECT] [Fatal Error] :1:1: Premature end of file.
2025-09-22 23:56:45,596 [ERROR] LogOutputStream:75 - [STDERR_REDIRECT] 
2025-09-22 23:56:46,595 [ERROR] LogOutputStream:75 - [STDERR_REDIRECT] [Fatal Error] :1:1: Premature end of file.
2025-09-22 23:56:46,595 [ERROR] LogOutputStream:75 - [STDERR_REDIRECT] 
2025-09-22 23:56:47,597 [ERROR] LogOutputStream:75 - [STDERR_REDIRECT] [Fatal Error] :1:1: Premature end of file.
2025-09-22 23:56:47,597 [ERROR] LogOutputStream:75 - [STDERR_REDIRECT] 
2025-09-22 23:56:48,594 [ERROR] LogOutputStream:75 - [STDERR_REDIRECT] [Fatal Error] :1:1: Premature end of file.
2025-09-22 23:56:48,594 [ERROR] LogOutputStream:75 - [STDERR_REDIRECT] 
2025-09-22 23:56:49,592 [ERROR] LogOutputStream:75 - [STDERR_REDIRECT] [Fatal Error] :1:1: Premature end of file.
2025-09-22 23:56:49,593 [ERROR] LogOutputStream:75 - [STDERR_REDIRECT] 
2025-09-22 23:56:50,593 [ERROR] LogOutputStream:75 - [STDERR_REDIRECT] [Fatal Error] :1:1: Premature end of file.
2025-09-22 23:56:50,593 [ERROR] LogOutputStream:75 - [STDERR_REDIRECT] 
2025-09-22 23:56:51,593 [ERROR] LogOutputStream:75 - [STDERR_REDIRECT] [Fatal Error] :1:1: Premature end of file.
2025-09-22 23:56:51,593 [ERROR] LogOutputStream:75 - [STDERR_REDIRECT] 
2025-09-22 23:56:52,596 [ERROR] LogOutputStream:75 - [STDERR_REDIRECT] [Fatal Error] :1:1: Premature end of file.
2025-09-22 23:56:52,596 [ERROR] LogOutputStream:75 - [STDERR_REDIRECT] 
2025-09-22 23:56:53,595 [ERROR] LogOutputStream:75 - [STDERR_REDIRECT] [Fatal Error] :1:1: Premature end of file.
2025-09-22 23:56:53,595 [ERROR] LogOutputStream:75 - [STDERR_REDIRECT] 
2025-09-22 23:56:54,593 [ERROR] LogOutputStream:75 - [STDERR_REDIRECT] [Fatal Error] :1:1: Premature end of file.
2025-09-22 23:56:54,593 [ERROR] LogOutputStream:75 - [STDERR_REDIRECT] 
2025-09-22 23:56:55,594 [ERROR] LogOutputStream:75 - [STDERR_REDIRECT] [Fatal Error] :1:1: Premature end of file.
2025-09-22 23:56:55,595 [ERROR] LogOutputStream:75 - [STDERR_REDIRECT] 
2025-09-22 23:56:56,597 [ERROR] LogOutputStream:75 - [STDERR_REDIRECT] [Fatal Error] :1:1: Premature end of file.
2025-09-22 23:56:56,597 [ERROR] LogOutputStream:75 - [STDERR_REDIRECT] 
2025-09-22 23:56:57,600 [ERROR] LogOutputStream:75 - [STDERR_REDIRECT] [Fatal Error] :1:1: Premature end of file.
2025-09-22 23:56:57,601 [ERROR] LogOutputStream:75 - [STDERR_REDIRECT] 
2025-09-22 23:56:58,592 [ERROR] LogOutputStream:75 - [STDERR_REDIRECT] [Fatal Error] :1:1: Premature end of file.
2025-09-22 23:56:58,592 [ERROR] LogOutputStream:75 - [STDERR_REDIRECT] 
2025-09-22 23:56:59,592 [ERROR] LogOutputStream:75 - [STDERR_REDIRECT] [Fatal Error] :1:1: Premature end of file.
2025-09-22 23:56:59,592 [ERROR] LogOutputStream:75 - [STDERR_REDIRECT] 
2025-09-22 23:57:00,593 [ERROR] LogOutputStream:75 - [STDERR_REDIRECT] [Fatal Error] :1:1: Premature end of file.
2025-09-22 23:57:00,593 [ERROR] LogOutputStream:75 - [STDERR_REDIRECT] 
2025-09-22 23:57:01,604 [ERROR] LogOutputStream:75 - [STDERR_REDIRECT] [Fatal Error] :1:1: Premature end of file.
2025-09-22 23:57:01,604 [ERROR] LogOutputStream:75 - [STDERR_REDIRECT] 
2025-09-22 23:57:02,593 [ERROR] LogOutputStream:75 - [STDERR_REDIRECT] [Fatal Error] :1:1: Premature end of file.
2025-09-22 23:57:02,593 [ERROR] LogOutputStream:75 - [STDERR_REDIRECT] 
2025-09-22 23:57:03,596 [ERROR] LogOutputStream:75 - [STDERR_REDIRECT] [Fatal Error] :1:1: Premature end of file.
2025-09-22 23:57:03,596 [ERROR] LogOutputStream:75 - [STDERR_REDIRECT] 
2025-09-22 23:57:04,592 [ERROR] LogOutputStream:75 - [STDERR_REDIRECT] [Fatal Error] :1:1: Premature end of file.
2025-09-22 23:57:04,593 [ERROR] LogOutputStream:75 - [STDERR_REDIRECT] 
2025-09-22 23:57:05,598 [ERROR] LogOutputStream:75 - [STDERR_REDIRECT] [Fatal Error] :1:1: Premature end of file.
2025-09-22 23:57:05,599 [ERROR] LogOutputStream:75 - [STDERR_REDIRECT] 
2025-09-22 23:57:06,595 [ERROR] LogOutputStream:75 - [STDERR_REDIRECT] [Fatal Error] :1:1: Premature end of file.
2025-09-22 23:57:06,596 [ERROR] LogOutputStream:75 - [STDERR_REDIRECT] 
2025-09-22 23:57:07,594 [ERROR] LogOutputStream:75 - [STDERR_REDIRECT] [Fatal Error] :1:1: Premature end of file.
2025-09-22 23:57:07,594 [ERROR] LogOutputStream:75 - [STDERR_REDIRECT] 
2025-09-22 23:57:08,603 [ERROR] LogOutputStream:75 - [STDERR_REDIRECT] [Fatal Error] :1:1: Premature end of file.
2025-09-22 23:57:08,603 [ERROR] LogOutputStream:75 - [STDERR_REDIRECT] 
2025-09-22 23:57:09,598 [ERROR] LogOutputStream:75 - [STDERR_REDIRECT] [Fatal Error] :1:1: Premature end of file.
2025-09-22 23:57:09,598 [ERROR] LogOutputStream:75 - [STDERR_REDIRECT] 
2025-09-22 23:57:10,592 [ERROR] LogOutputStream:75 - [STDERR_REDIRECT] [Fatal Error] :1:1: Premature end of file.
2025-09-22 23:57:10,592 [ERROR] LogOutputStream:75 - [STDERR_REDIRECT] 
2025-09-22 23:57:11,591 [ERROR] LogOutputStream:75 - [STDERR_REDIRECT] [Fatal Error] :1:1: Premature end of file.
2025-09-22 23:57:11,592 [ERROR] LogOutputStream:75 - [STDERR_REDIRECT] 
2025-09-22 23:57:12,594 [ERROR] LogOutputStream:75 - [STDERR_REDIRECT] [Fatal Error] :1:1: Premature end of file.
2025-09-22 23:57:12,594 [ERROR] LogOutputStream:75 - [STDERR_REDIRECT] 
2025-09-22 23:57:13,595 [ERROR] LogOutputStream:75 - [STDERR_REDIRECT] [Fatal Error] :1:1: Premature end of file.
2025-09-22 23:57:13,595 [ERROR] LogOutputStream:75 - [STDERR_REDIRECT] 
2025-09-22 23:57:14,592 [ERROR] LogOutputStream:75 - [STDERR_REDIRECT] [Fatal Error] :1:1: Premature end of file.
2025-09-22 23:57:14,592 [ERROR] LogOutputStream:75 - [STDERR_REDIRECT] 
2025-09-22 23:57:15,601 [ERROR] LogOutputStream:75 - [STDERR_REDIRECT] [Fatal Error] :1:1: Premature end of file.
2025-09-22 23:57:15,601 [ERROR] LogOutputStream:75 - [STDERR_REDIRECT] 
2025-09-22 23:57:16,593 [ERROR] LogOutputStream:75 - [STDERR_REDIRECT] [Fatal Error] :1:1: Premature end of file.
2025-09-22 23:57:16,593 [ERROR] LogOutputStream:75 - [STDERR_REDIRECT] 
2025-09-22 23:57:17,594 [ERROR] LogOutputStream:75 - [STDERR_REDIRECT] [Fatal Error] :1:1: Premature end of file.
2025-09-22 23:57:17,594 [ERROR] LogOutputStream:75 - [STDERR_REDIRECT] 
2025-09-22 23:57:18,595 [ERROR] LogOutputStream:75 - [STDERR_REDIRECT] [Fatal Error] :1:1: Premature end of file.
2025-09-22 23:57:18,595 [ERROR] LogOutputStream:75 - [STDERR_REDIRECT] 
2025-09-22 23:57:19,594 [ERROR] LogOutputStream:75 - [STDERR_REDIRECT] [Fatal Error] :1:1: Premature end of file.
2025-09-22 23:57:19,595 [ERROR] LogOutputStream:75 - [STDERR_REDIRECT] 
2025-09-22 23:57:20,603 [ERROR] LogOutputStream:75 - [STDERR_REDIRECT] [Fatal Error] :1:1: Premature end of file.
2025-09-22 23:57:20,603 [ERROR] LogOutputStream:75 - [STDERR_REDIRECT] 
2025-09-22 23:57:21,594 [ERROR] LogOutputStream:75 - [STDERR_REDIRECT] [Fatal Error] :1:1: Premature end of file.
2025-09-22 23:57:21,595 [ERROR] LogOutputStream:75 - [STDERR_REDIRECT] 
2025-09-22 23:57:22,591 [ERROR] LogOutputStream:75 - [STDERR_REDIRECT] [Fatal Error] :1:1: Premature end of file.
2025-09-22 23:57:22,593 [ERROR] LogOutputStream:75 - [STDERR_REDIRECT] 
2025-09-22 23:57:23,593 [ERROR] LogOutputStream:75 - [STDERR_REDIRECT] [Fatal Error] :1:1: Premature end of file.
2025-09-22 23:57:23,593 [ERROR] LogOutputStream:75 - [STDERR_REDIRECT] 
2025-09-22 23:57:24,595 [ERROR] LogOutputStream:75 - [STDERR_REDIRECT] [Fatal Error] :1:1: Premature end of file.
2025-09-22 23:57:24,595 [ERROR] LogOutputStream:75 - [STDERR_REDIRECT] 
2025-09-22 23:57:25,594 [ERROR] LogOutputStream:75 - [STDERR_REDIRECT] [Fatal Error] :1:1: Premature end of file.
2025-09-22 23:57:25,594 [ERROR] LogOutputStream:75 - [STDERR_REDIRECT] 
2025-09-22 23:57:26,595 [ERROR] LogOutputStream:75 - [STDERR_REDIRECT] [Fatal Error] :1:1: Premature end of file.
2025-09-22 23:57:26,595 [ERROR] LogOutputStream:75 - [STDERR_REDIRECT] 
2025-09-22 23:57:27,595 [ERROR] LogOutputStream:75 - [STDERR_REDIRECT] [Fatal Error] :1:1: Premature end of file.
2025-09-22 23:57:27,596 [ERROR] LogOutputStream:75 - [STDERR_REDIRECT] 
2025-09-22 23:57:28,592 [ERROR] LogOutputStream:75 - [STDERR_REDIRECT] [Fatal Error] :1:1: Premature end of file.
2025-09-22 23:57:28,592 [ERROR] LogOutputStream:75 - [STDERR_REDIRECT] 
2025-09-22 23:57:29,595 [ERROR] LogOutputStream:75 - [STDERR_REDIRECT] [Fatal Error] :1:1: Premature end of file.
2025-09-22 23:57:29,595 [ERROR] LogOutputStream:75 - [STDERR_REDIRECT] 
2025-09-22 23:57:30,598 [ERROR] LogOutputStream:75 - [STDERR_REDIRECT] [Fatal Error] :1:1: Premature end of file.
2025-09-22 23:57:30,598 [ERROR] LogOutputStream:75 - [STDERR_REDIRECT] 
2025-09-22 23:57:31,595 [ERROR] LogOutputStream:75 - [STDERR_REDIRECT] [Fatal Error] :1:1: Premature end of file.
2025-09-22 23:57:31,596 [ERROR] LogOutputStream:75 - [STDERR_REDIRECT] 
2025-09-22 23:57:32,596 [ERROR] LogOutputStream:75 - [STDERR_REDIRECT] [Fatal Error] :1:1: Premature end of file.
2025-09-22 23:57:32,596 [ERROR] LogOutputStream:75 - [STDERR_REDIRECT] 
2025-09-22 23:57:33,593 [ERROR] LogOutputStream:75 - [STDERR_REDIRECT] [Fatal Error] :1:1: Premature end of file.
2025-09-22 23:57:33,593 [ERROR] LogOutputStream:75 - [STDERR_REDIRECT] 
2025-09-22 23:57:34,597 [ERROR] LogOutputStream:75 - [STDERR_REDIRECT] [Fatal Error] :1:1: Premature end of file.
2025-09-22 23:57:34,597 [ERROR] LogOutputStream:75 - [STDERR_REDIRECT] 
2025-09-22 23:57:35,595 [ERROR] LogOutputStream:75 - [STDERR_REDIRECT] [Fatal Error] :1:1: Premature end of file.
2025-09-22 23:57:35,596 [ERROR] LogOutputStream:75 - [STDERR_REDIRECT] 
2025-09-22 23:57:36,594 [ERROR] LogOutputStream:75 - [STDERR_REDIRECT] [Fatal Error] :1:1: Premature end of file.
2025-09-22 23:57:36,594 [ERROR] LogOutputStream:75 - [STDERR_REDIRECT] 
2025-09-22 23:57:37,595 [ERROR] LogOutputStream:75 - [STDERR_REDIRECT] [Fatal Error] :1:1: Premature end of file.
2025-09-22 23:57:37,595 [ERROR] LogOutputStream:75 - [STDERR_REDIRECT] 
2025-09-22 23:57:38,594 [ERROR] LogOutputStream:75 - [STDERR_REDIRECT] [Fatal Error] :1:1: Premature end of file.
2025-09-22 23:57:38,594 [ERROR] LogOutputStream:75 - [STDERR_REDIRECT] 
2025-09-22 23:57:39,593 [ERROR] LogOutputStream:75 - [STDERR_REDIRECT] [Fatal Error] :1:1: Premature end of file.
2025-09-22 23:57:39,593 [ERROR] LogOutputStream:75 - [STDERR_REDIRECT] 
2025-09-22 23:57:40,596 [ERROR] LogOutputStream:75 - [STDERR_REDIRECT] [Fatal Error] :1:1: Premature end of file.
2025-09-22 23:57:40,596 [ERROR] LogOutputStream:75 - [STDERR_REDIRECT] 
2025-09-22 23:57:41,596 [ERROR] LogOutputStream:75 - [STDERR_REDIRECT] [Fatal Error] :1:1: Premature end of file.
2025-09-22 23:57:41,596 [ERROR] LogOutputStream:75 - [STDERR_REDIRECT] 
2025-09-22 23:57:42,597 [ERROR] LogOutputStream:75 - [STDERR_REDIRECT] [Fatal Error] :1:1: Premature end of file.
2025-09-22 23:57:42,598 [ERROR] LogOutputStream:75 - [STDERR_REDIRECT] 
2025-09-22 23:57:43,595 [ERROR] LogOutputStream:75 - [STDERR_REDIRECT] [Fatal Error] :1:1: Premature end of file.
2025-09-22 23:57:43,596 [ERROR] LogOutputStream:75 - [STDERR_REDIRECT] 
2025-09-22 23:57:44,592 [ERROR] LogOutputStream:75 - [STDERR_REDIRECT] [Fatal Error] :1:1: Premature end of file.
2025-09-22 23:57:44,592 [ERROR] LogOutputStream:75 - [STDERR_REDIRECT] 
2025-09-22 23:57:45,594 [ERROR] LogOutputStream:75 - [STDERR_REDIRECT] [Fatal Error] :1:1: Premature end of file.
2025-09-22 23:57:45,595 [ERROR] LogOutputStream:75 - [STDERR_REDIRECT] 
2025-09-22 23:57:46,596 [ERROR] LogOutputStream:75 - [STDERR_REDIRECT] [Fatal Error] :1:1: Premature end of file.
2025-09-22 23:57:46,596 [ERROR] LogOutputStream:75 - [STDERR_REDIRECT] 
2025-09-22 23:57:47,593 [ERROR] LogOutputStream:75 - [STDERR_REDIRECT] [Fatal Error] :1:1: Premature end of file.
2025-09-22 23:57:47,594 [ERROR] LogOutputStream:75 - [STDERR_REDIRECT] 
2025-09-22 23:57:48,596 [ERROR] LogOutputStream:75 - [STDERR_REDIRECT] [Fatal Error] :1:1: Premature end of file.
2025-09-22 23:57:48,597 [ERROR] LogOutputStream:75 - [STDERR_REDIRECT] 
2025-09-22 23:57:49,596 [ERROR] LogOutputStream:75 - [STDERR_REDIRECT] [Fatal Error] :1:1: Premature end of file.
2025-09-22 23:57:49,596 [ERROR] LogOutputStream:75 - [STDERR_REDIRECT] 
2025-09-22 23:57:50,598 [ERROR] LogOutputStream:75 - [STDERR_REDIRECT] [Fatal Error] :1:1: Premature end of file.
2025-09-22 23:57:50,598 [ERROR] LogOutputStream:75 - [STDERR_REDIRECT] 
2025-09-22 23:57:51,594 [ERROR] LogOutputStream:75 - [STDERR_REDIRECT] [Fatal Error] :1:1: Premature end of file.
2025-09-22 23:57:51,594 [ERROR] LogOutputStream:75 - [STDERR_REDIRECT] 
2025-09-22 23:57:52,594 [ERROR] LogOutputStream:75 - [STDERR_REDIRECT] [Fatal Error] :1:1: Premature end of file.
2025-09-22 23:57:52,594 [ERROR] LogOutputStream:75 - [STDERR_REDIRECT] 
2025-09-22 23:57:53,600 [ERROR] LogOutputStream:75 - [STDERR_REDIRECT] [Fatal Error] :1:1: Premature end of file.
2025-09-22 23:57:53,600 [ERROR] LogOutputStream:75 - [STDERR_REDIRECT] 
2025-09-22 23:57:54,598 [ERROR] LogOutputStream:75 - [STDERR_REDIRECT] [Fatal Error] :1:1: Premature end of file.
2025-09-22 23:57:54,599 [ERROR] LogOutputStream:75 - [STDERR_REDIRECT] 
2025-09-22 23:57:55,592 [ERROR] LogOutputStream:75 - [STDERR_REDIRECT] [Fatal Error] :1:1: Premature end of file.
2025-09-22 23:57:55,592 [ERROR] LogOutputStream:75 - [STDERR_REDIRECT] 
2025-09-22 23:57:56,592 [ERROR] LogOutputStream:75 - [STDERR_REDIRECT] [Fatal Error] :1:1: Premature end of file.
2025-09-22 23:57:56,592 [ERROR] LogOutputStream:75 - [STDERR_REDIRECT] 
2025-09-22 23:57:57,593 [ERROR] LogOutputStream:75 - [STDERR_REDIRECT] [Fatal Error] :1:1: Premature end of file.
2025-09-22 23:57:57,593 [ERROR] LogOutputStream:75 - [STDERR_REDIRECT] 
2025-09-22 23:57:58,594 [ERROR] LogOutputStream:75 - [STDERR_REDIRECT] [Fatal Error] :1:1: Premature end of file.
2025-09-22 23:57:58,594 [ERROR] LogOutputStream:75 - [STDERR_REDIRECT] 
2025-09-22 23:57:59,596 [ERROR] LogOutputStream:75 - [STDERR_REDIRECT] [Fatal Error] :1:1: Premature end of file.
2025-09-22 23:57:59,596 [ERROR] LogOutputStream:75 - [STDERR_REDIRECT] 
2025-09-22 23:58:00,593 [ERROR] LogOutputStream:75 - [STDERR_REDIRECT] [Fatal Error] :1:1: Premature end of file.
2025-09-22 23:58:00,593 [ERROR] LogOutputStream:75 - [STDERR_REDIRECT] 
2025-09-22 23:58:01,595 [ERROR] LogOutputStream:75 - [STDERR_REDIRECT] [Fatal Error] :1:1: Premature end of file.
2025-09-22 23:58:01,595 [ERROR] LogOutputStream:75 - [STDERR_REDIRECT] 
2025-09-22 23:58:02,594 [ERROR] LogOutputStream:75 - [STDERR_REDIRECT] [Fatal Error] :1:1: Premature end of file.
2025-09-22 23:58:02,594 [ERROR] LogOutputStream:75 - [STDERR_REDIRECT] 
2025-09-22 23:58:03,597 [ERROR] LogOutputStream:75 - [STDERR_REDIRECT] [Fatal Error] :1:1: Premature end of file.
2025-09-22 23:58:03,597 [ERROR] LogOutputStream:75 - [STDERR_REDIRECT] 
2025-09-22 23:58:04,594 [ERROR] LogOutputStream:75 - [STDERR_REDIRECT] [Fatal Error] :1:1: Premature end of file.
2025-09-22 23:58:04,595 [ERROR] LogOutputStream:75 - [STDERR_REDIRECT] 
2025-09-22 23:58:05,592 [ERROR] LogOutputStream:75 - [STDERR_REDIRECT] [Fatal Error] :1:1: Premature end of file.
2025-09-22 23:58:05,594 [ERROR] LogOutputStream:75 - [STDERR_REDIRECT] 
2025-09-22 23:58:06,589 [ERROR] LogOutputStream:75 - [STDERR_REDIRECT] [Fatal Error] :1:1: Premature end of file.
2025-09-22 23:58:06,589 [ERROR] LogOutputStream:75 - [STDERR_REDIRECT] 
2025-09-22 23:58:07,602 [ERROR] LogOutputStream:75 - [STDERR_REDIRECT] [Fatal Error] :1:1: Premature end of file.
2025-09-22 23:58:07,602 [ERROR] LogOutputStream:75 - [STDERR_REDIRECT] 
2025-09-22 23:58:08,592 [ERROR] LogOutputStream:75 - [STDERR_REDIRECT] [Fatal Error] :1:1: Premature end of file.
2025-09-22 23:58:08,593 [ERROR] LogOutputStream:75 - [STDERR_REDIRECT] 
2025-09-22 23:58:09,595 [ERROR] LogOutputStream:75 - [STDERR_REDIRECT] [Fatal Error] :1:1: Premature end of file.
2025-09-22 23:58:09,595 [ERROR] LogOutputStream:75 - [STDERR_REDIRECT] 
2025-09-22 23:58:10,593 [ERROR] LogOutputStream:75 - [STDERR_REDIRECT] [Fatal Error] :1:1: Premature end of file.
2025-09-22 23:58:10,595 [ERROR] LogOutputStream:75 - [STDERR_REDIRECT] 
2025-09-22 23:58:11,594 [ERROR] LogOutputStream:75 - [STDERR_REDIRECT] [Fatal Error] :1:1: Premature end of file.
2025-09-22 23:58:11,595 [ERROR] LogOutputStream:75 - [STDERR_REDIRECT] 
2025-09-22 23:58:12,595 [ERROR] LogOutputStream:75 - [STDERR_REDIRECT] [Fatal Error] :1:1: Premature end of file.
2025-09-22 23:58:12,595 [ERROR] LogOutputStream:75 - [STDERR_REDIRECT] 
2025-09-22 23:58:13,594 [ERROR] LogOutputStream:75 - [STDERR_REDIRECT] [Fatal Error] :1:1: Premature end of file.
2025-09-22 23:58:13,595 [ERROR] LogOutputStream:75 - [STDERR_REDIRECT] 
2025-09-22 23:58:14,593 [ERROR] LogOutputStream:75 - [STDERR_REDIRECT] [Fatal Error] :1:1: Premature end of file.
2025-09-22 23:58:14,593 [ERROR] LogOutputStream:75 - [STDERR_REDIRECT] 
2025-09-22 23:58:15,595 [ERROR] LogOutputStream:75 - [STDERR_REDIRECT] [Fatal Error] :1:1: Premature end of file.
2025-09-22 23:58:15,595 [ERROR] LogOutputStream:75 - [STDERR_REDIRECT] 
2025-09-22 23:58:16,591 [ERROR] LogOutputStream:75 - [STDERR_REDIRECT] [Fatal Error] :1:1: Premature end of file.
2025-09-22 23:58:16,592 [ERROR] LogOutputStream:75 - [STDERR_REDIRECT] 
2025-09-22 23:58:17,596 [ERROR] LogOutputStream:75 - [STDERR_REDIRECT] [Fatal Error] :1:1: Premature end of file.
2025-09-22 23:58:17,596 [ERROR] LogOutputStream:75 - [STDERR_REDIRECT] 
2025-09-22 23:58:18,594 [ERROR] LogOutputStream:75 - [STDERR_REDIRECT] [Fatal Error] :1:1: Premature end of file.
2025-09-22 23:58:18,594 [ERROR] LogOutputStream:75 - [STDERR_REDIRECT] 
2025-09-22 23:58:19,593 [ERROR] LogOutputStream:75 - [STDERR_REDIRECT] [Fatal Error] :1:1: Premature end of file.
2025-09-22 23:58:19,593 [ERROR] LogOutputStream:75 - [STDERR_REDIRECT] 
2025-09-22 23:58:20,594 [ERROR] LogOutputStream:75 - [STDERR_REDIRECT] [Fatal Error] :1:1: Premature end of file.
2025-09-22 23:58:20,594 [ERROR] LogOutputStream:75 - [STDERR_REDIRECT] 
2025-09-22 23:58:21,594 [ERROR] LogOutputStream:75 - [STDERR_REDIRECT] [Fatal Error] :1:1: Premature end of file.
2025-09-22 23:58:21,594 [ERROR] LogOutputStream:75 - [STDERR_REDIRECT] 
2025-09-22 23:58:22,593 [ERROR] LogOutputStream:75 - [STDERR_REDIRECT] [Fatal Error] :1:1: Premature end of file.
2025-09-22 23:58:22,594 [ERROR] LogOutputStream:75 - [STDERR_REDIRECT] 
2025-09-22 23:58:23,595 [ERROR] LogOutputStream:75 - [STDERR_REDIRECT] [Fatal Error] :1:1: Premature end of file.
2025-09-22 23:58:23,596 [ERROR] LogOutputStream:75 - [STDERR_REDIRECT] 
2025-09-22 23:58:24,593 [ERROR] LogOutputStream:75 - [STDERR_REDIRECT] [Fatal Error] :1:1: Premature end of file.
2025-09-22 23:58:24,593 [ERROR] LogOutputStream:75 - [STDERR_REDIRECT] 
2025-09-22 23:58:25,594 [ERROR] LogOutputStream:75 - [STDERR_REDIRECT] [Fatal Error] :1:1: Premature end of file.
2025-09-22 23:58:25,594 [ERROR] LogOutputStream:75 - [STDERR_REDIRECT] 
2025-09-22 23:58:26,594 [ERROR] LogOutputStream:75 - [STDERR_REDIRECT] [Fatal Error] :1:1: Premature end of file.
2025-09-22 23:58:26,595 [ERROR] LogOutputStream:75 - [STDERR_REDIRECT] 
2025-09-22 23:58:27,593 [ERROR] LogOutputStream:75 - [STDERR_REDIRECT] [Fatal Error] :1:1: Premature end of file.
2025-09-22 23:58:27,594 [ERROR] LogOutputStream:75 - [STDERR_REDIRECT] 
2025-09-22 23:58:28,595 [ERROR] LogOutputStream:75 - [STDERR_REDIRECT] [Fatal Error] :1:1: Premature end of file.
2025-09-22 23:58:28,595 [ERROR] LogOutputStream:75 - [STDERR_REDIRECT] 
2025-09-22 23:58:29,596 [ERROR] LogOutputStream:75 - [STDERR_REDIRECT] [Fatal Error] :1:1: Premature end of file.
2025-09-22 23:58:29,596 [ERROR] LogOutputStream:75 - [STDERR_REDIRECT] 
2025-09-22 23:58:30,593 [ERROR] LogOutputStream:75 - [STDERR_REDIRECT] [Fatal Error] :1:1: Premature end of file.
2025-09-22 23:58:30,593 [ERROR] LogOutputStream:75 - [STDERR_REDIRECT] 
2025-09-22 23:58:31,593 [ERROR] LogOutputStream:75 - [STDERR_REDIRECT] [Fatal Error] :1:1: Premature end of file.
2025-09-22 23:58:31,593 [ERROR] LogOutputStream:75 - [STDERR_REDIRECT] 
2025-09-22 23:58:32,599 [ERROR] LogOutputStream:75 - [STDERR_REDIRECT] [Fatal Error] :1:1: Premature end of file.
2025-09-22 23:58:32,599 [ERROR] LogOutputStream:75 - [STDERR_REDIRECT] 
2025-09-22 23:58:33,594 [ERROR] LogOutputStream:75 - [STDERR_REDIRECT] [Fatal Error] :1:1: Premature end of file.
2025-09-22 23:58:33,595 [ERROR] LogOutputStream:75 - [STDERR_REDIRECT] 
2025-09-22 23:58:34,594 [ERROR] LogOutputStream:75 - [STDERR_REDIRECT] [Fatal Error] :1:1: Premature end of file.
2025-09-22 23:58:34,594 [ERROR] LogOutputStream:75 - [STDERR_REDIRECT] 
2025-09-22 23:58:35,594 [ERROR] LogOutputStream:75 - [STDERR_REDIRECT] [Fatal Error] :1:1: Premature end of file.
2025-09-22 23:58:35,595 [ERROR] LogOutputStream:75 - [STDERR_REDIRECT] 
2025-09-22 23:58:36,592 [ERROR] LogOutputStream:75 - [STDERR_REDIRECT] [Fatal Error] :1:1: Premature end of file.
2025-09-22 23:58:36,593 [ERROR] LogOutputStream:75 - [STDERR_REDIRECT] 
2025-09-22 23:58:37,598 [ERROR] LogOutputStream:75 - [STDERR_REDIRECT] [Fatal Error] :1:1: Premature end of file.
2025-09-22 23:58:37,599 [ERROR] LogOutputStream:75 - [STDERR_REDIRECT] 
2025-09-22 23:58:38,597 [ERROR] LogOutputStream:75 - [STDERR_REDIRECT] [Fatal Error] :1:1: Premature end of file.
2025-09-22 23:58:38,597 [ERROR] LogOutputStream:75 - [STDERR_REDIRECT] 
2025-09-22 23:58:39,595 [ERROR] LogOutputStream:75 - [STDERR_REDIRECT] [Fatal Error] :1:1: Premature end of file.
2025-09-22 23:58:39,595 [ERROR] LogOutputStream:75 - [STDERR_REDIRECT] 
2025-09-22 23:58:40,599 [ERROR] LogOutputStream:75 - [STDERR_REDIRECT] [Fatal Error] :1:1: Premature end of file.
2025-09-22 23:58:40,599 [ERROR] LogOutputStream:75 - [STDERR_REDIRECT] 
2025-09-22 23:58:41,593 [ERROR] LogOutputStream:75 - [STDERR_REDIRECT] [Fatal Error] :1:1: Premature end of file.
2025-09-22 23:58:41,593 [ERROR] LogOutputStream:75 - [STDERR_REDIRECT] 
2025-09-22 23:58:42,593 [ERROR] LogOutputStream:75 - [STDERR_REDIRECT] [Fatal Error] :1:1: Premature end of file.
2025-09-22 23:58:42,593 [ERROR] LogOutputStream:75 - [STDERR_REDIRECT] 
2025-09-22 23:58:43,595 [ERROR] LogOutputStream:75 - [STDERR_REDIRECT] [Fatal Error] :1:1: Premature end of file.
2025-09-22 23:58:43,595 [ERROR] LogOutputStream:75 - [STDERR_REDIRECT] 
2025-09-22 23:58:44,595 [ERROR] LogOutputStream:75 - [STDERR_REDIRECT] [Fatal Error] :1:1: Premature end of file.
2025-09-22 23:58:44,595 [ERROR] LogOutputStream:75 - [STDERR_REDIRECT] 
2025-09-22 23:58:45,594 [ERROR] LogOutputStream:75 - [STDERR_REDIRECT] [Fatal Error] :1:1: Premature end of file.
2025-09-22 23:58:45,594 [ERROR] LogOutputStream:75 - [STDERR_REDIRECT] 
2025-09-22 23:58:46,597 [ERROR] LogOutputStream:75 - [STDERR_REDIRECT] [Fatal Error] :1:1: Premature end of file.
2025-09-22 23:58:46,597 [ERROR] LogOutputStream:75 - [STDERR_REDIRECT] 
2025-09-22 23:58:47,594 [ERROR] LogOutputStream:75 - [STDERR_REDIRECT] [Fatal Error] :1:1: Premature end of file.
2025-09-22 23:58:47,595 [ERROR] LogOutputStream:75 - [STDERR_REDIRECT] 
2025-09-22 23:58:48,594 [ERROR] LogOutputStream:75 - [STDERR_REDIRECT] [Fatal Error] :1:1: Premature end of file.
2025-09-22 23:58:48,594 [ERROR] LogOutputStream:75 - [STDERR_REDIRECT] 
2025-09-22 23:58:49,596 [ERROR] LogOutputStream:75 - [STDERR_REDIRECT] [Fatal Error] :1:1: Premature end of file.
2025-09-22 23:58:49,596 [ERROR] LogOutputStream:75 - [STDERR_REDIRECT] 
2025-09-22 23:58:50,596 [ERROR] LogOutputStream:75 - [STDERR_REDIRECT] [Fatal Error] :1:1: Premature end of file.
2025-09-22 23:58:50,596 [ERROR] LogOutputStream:75 - [STDERR_REDIRECT] 
2025-09-22 23:58:51,593 [ERROR] LogOutputStream:75 - [STDERR_REDIRECT] [Fatal Error] :1:1: Premature end of file.
2025-09-22 23:58:51,593 [ERROR] LogOutputStream:75 - [STDERR_REDIRECT] 
2025-09-22 23:58:52,592 [ERROR] LogOutputStream:75 - [STDERR_REDIRECT] [Fatal Error] :1:1: Premature end of file.
2025-09-22 23:58:52,592 [ERROR] LogOutputStream:75 - [STDERR_REDIRECT] 
2025-09-22 23:58:53,592 [ERROR] LogOutputStream:75 - [STDERR_REDIRECT] [Fatal Error] :1:1: Premature end of file.
2025-09-22 23:58:53,592 [ERROR] LogOutputStream:75 - [STDERR_REDIRECT] 
2025-09-22 23:58:54,595 [ERROR] LogOutputStream:75 - [STDERR_REDIRECT] [Fatal Error] :1:1: Premature end of file.
2025-09-22 23:58:54,595 [ERROR] LogOutputStream:75 - [STDERR_REDIRECT] 
2025-09-22 23:58:55,596 [ERROR] LogOutputStream:75 - [STDERR_REDIRECT] [Fatal Error] :1:1: Premature end of file.
2025-09-22 23:58:55,596 [ERROR] LogOutputStream:75 - [STDERR_REDIRECT] 
2025-09-22 23:58:56,593 [ERROR] LogOutputStream:75 - [STDERR_REDIRECT] [Fatal Error] :1:1: Premature end of file.
2025-09-22 23:58:56,594 [ERROR] LogOutputStream:75 - [STDERR_REDIRECT] 
2025-09-22 23:58:57,597 [ERROR] LogOutputStream:75 - [STDERR_REDIRECT] [Fatal Error] :1:1: Premature end of file.
2025-09-22 23:58:57,597 [ERROR] LogOutputStream:75 - [STDERR_REDIRECT] 
2025-09-22 23:58:58,599 [ERROR] LogOutputStream:75 - [STDERR_REDIRECT] [Fatal Error] :1:1: Premature end of file.
2025-09-22 23:58:58,599 [ERROR] LogOutputStream:75 - [STDERR_REDIRECT] 
2025-09-22 23:58:59,593 [ERROR] LogOutputStream:75 - [STDERR_REDIRECT] [Fatal Error] :1:1: Premature end of file.
2025-09-22 23:58:59,593 [ERROR] LogOutputStream:75 - [STDERR_REDIRECT] 
2025-09-22 23:59:00,596 [ERROR] LogOutputStream:75 - [STDERR_REDIRECT] [Fatal Error] :1:1: Premature end of file.
2025-09-22 23:59:00,597 [ERROR] LogOutputStream:75 - [STDERR_REDIRECT] 
2025-09-22 23:59:01,595 [ERROR] LogOutputStream:75 - [STDERR_REDIRECT] [Fatal Error] :1:1: Premature end of file.
2025-09-22 23:59:01,595 [ERROR] LogOutputStream:75 - [STDERR_REDIRECT] 
2025-09-22 23:59:02,592 [ERROR] LogOutputStream:75 - [STDERR_REDIRECT] [Fatal Error] :1:1: Premature end of file.
2025-09-22 23:59:02,593 [ERROR] LogOutputStream:75 - [STDERR_REDIRECT] 
2025-09-22 23:59:03,592 [ERROR] LogOutputStream:75 - [STDERR_REDIRECT] [Fatal Error] :1:1: Premature end of file.
2025-09-22 23:59:03,592 [ERROR] LogOutputStream:75 - [STDERR_REDIRECT] 
2025-09-22 23:59:04,593 [ERROR] LogOutputStream:75 - [STDERR_REDIRECT] [Fatal Error] :1:1: Premature end of file.
2025-09-22 23:59:04,593 [ERROR] LogOutputStream:75 - [STDERR_REDIRECT] 
2025-09-22 23:59:05,595 [ERROR] LogOutputStream:75 - [STDERR_REDIRECT] [Fatal Error] :1:1: Premature end of file.
2025-09-22 23:59:05,595 [ERROR] LogOutputStream:75 - [STDERR_REDIRECT] 
2025-09-22 23:59:06,597 [ERROR] LogOutputStream:75 - [STDERR_REDIRECT] [Fatal Error] :1:1: Premature end of file.
2025-09-22 23:59:06,597 [ERROR] LogOutputStream:75 - [STDERR_REDIRECT] 
2025-09-22 23:59:07,598 [ERROR] LogOutputStream:75 - [STDERR_REDIRECT] [Fatal Error] :1:1: Premature end of file.
2025-09-22 23:59:07,598 [ERROR] LogOutputStream:75 - [STDERR_REDIRECT] 
2025-09-22 23:59:08,596 [ERROR] LogOutputStream:75 - [STDERR_REDIRECT] [Fatal Error] :1:1: Premature end of file.
2025-09-22 23:59:08,596 [ERROR] LogOutputStream:75 - [STDERR_REDIRECT] 
2025-09-22 23:59:09,596 [ERROR] LogOutputStream:75 - [STDERR_REDIRECT] [Fatal Error] :1:1: Premature end of file.
2025-09-22 23:59:09,596 [ERROR] LogOutputStream:75 - [STDERR_REDIRECT] 
2025-09-22 23:59:10,594 [ERROR] LogOutputStream:75 - [STDERR_REDIRECT] [Fatal Error] :1:1: Premature end of file.
2025-09-22 23:59:10,594 [ERROR] LogOutputStream:75 - [STDERR_REDIRECT] 
2025-09-22 23:59:11,598 [ERROR] LogOutputStream:75 - [STDERR_REDIRECT] [Fatal Error] :1:1: Premature end of file.
2025-09-22 23:59:11,598 [ERROR] LogOutputStream:75 - [STDERR_REDIRECT] 
2025-09-22 23:59:12,593 [ERROR] LogOutputStream:75 - [STDERR_REDIRECT] [Fatal Error] :1:1: Premature end of file.
2025-09-22 23:59:12,594 [ERROR] LogOutputStream:75 - [STDERR_REDIRECT] 
2025-09-22 23:59:13,602 [ERROR] LogOutputStream:75 - [STDERR_REDIRECT] [Fatal Error] :1:1: Premature end of file.
2025-09-22 23:59:13,602 [ERROR] LogOutputStream:75 - [STDERR_REDIRECT] 
2025-09-22 23:59:14,593 [ERROR] LogOutputStream:75 - [STDERR_REDIRECT] [Fatal Error] :1:1: Premature end of file.
2025-09-22 23:59:14,594 [ERROR] LogOutputStream:75 - [STDERR_REDIRECT] 
2025-09-22 23:59:15,596 [ERROR] LogOutputStream:75 - [STDERR_REDIRECT] [Fatal Error] :1:1: Premature end of file.
2025-09-22 23:59:15,596 [ERROR] LogOutputStream:75 - [STDERR_REDIRECT] 
2025-09-22 23:59:16,594 [ERROR] LogOutputStream:75 - [STDERR_REDIRECT] [Fatal Error] :1:1: Premature end of file.
2025-09-22 23:59:16,594 [ERROR] LogOutputStream:75 - [STDERR_REDIRECT] 
2025-09-22 23:59:17,607 [ERROR] LogOutputStream:75 - [STDERR_REDIRECT] [Fatal Error] :1:1: Premature end of file.
2025-09-22 23:59:17,607 [ERROR] LogOutputStream:75 - [STDERR_REDIRECT] 
2025-09-22 23:59:18,592 [ERROR] LogOutputStream:75 - [STDERR_REDIRECT] [Fatal Error] :1:1: Premature end of file.
2025-09-22 23:59:18,593 [ERROR] LogOutputStream:75 - [STDERR_REDIRECT] 
2025-09-22 23:59:19,589 [ERROR] LogOutputStream:75 - [STDERR_REDIRECT] [Fatal Error] :1:1: Premature end of file.
2025-09-22 23:59:19,589 [ERROR] LogOutputStream:75 - [STDERR_REDIRECT] 
2025-09-22 23:59:20,588 [ERROR] LogOutputStream:75 - [STDERR_REDIRECT] [Fatal Error] :1:1: Premature end of file.
2025-09-22 23:59:20,588 [ERROR] LogOutputStream:75 - [STDERR_REDIRECT] 
2025-09-22 23:59:21,593 [ERROR] LogOutputStream:75 - [STDERR_REDIRECT] [Fatal Error] :1:1: Premature end of file.
2025-09-22 23:59:21,593 [ERROR] LogOutputStream:75 - [STDERR_REDIRECT] 
2025-09-22 23:59:22,598 [ERROR] LogOutputStream:75 - [STDERR_REDIRECT] [Fatal Error] :1:1: Premature end of file.
2025-09-22 23:59:22,598 [ERROR] LogOutputStream:75 - [STDERR_REDIRECT] 
2025-09-22 23:59:23,596 [ERROR] LogOutputStream:75 - [STDERR_REDIRECT] [Fatal Error] :1:1: Premature end of file.
2025-09-22 23:59:23,596 [ERROR] LogOutputStream:75 - [STDERR_REDIRECT] 
2025-09-22 23:59:24,596 [ERROR] LogOutputStream:75 - [STDERR_REDIRECT] [Fatal Error] :1:1: Premature end of file.
2025-09-22 23:59:24,596 [ERROR] LogOutputStream:75 - [STDERR_REDIRECT] 
2025-09-22 23:59:25,592 [ERROR] LogOutputStream:75 - [STDERR_REDIRECT] [Fatal Error] :1:1: Premature end of file.
2025-09-22 23:59:25,592 [ERROR] LogOutputStream:75 - [STDERR_REDIRECT] 
2025-09-22 23:59:26,598 [ERROR] LogOutputStream:75 - [STDERR_REDIRECT] [Fatal Error] :1:1: Premature end of file.
2025-09-22 23:59:26,599 [ERROR] LogOutputStream:75 - [STDERR_REDIRECT] 
2025-09-22 23:59:27,595 [ERROR] LogOutputStream:75 - [STDERR_REDIRECT] [Fatal Error] :1:1: Premature end of file.
2025-09-22 23:59:27,595 [ERROR] LogOutputStream:75 - [STDERR_REDIRECT] 
2025-09-22 23:59:28,595 [ERROR] LogOutputStream:75 - [STDERR_REDIRECT] [Fatal Error] :1:1: Premature end of file.
2025-09-22 23:59:28,596 [ERROR] LogOutputStream:75 - [STDERR_REDIRECT] 
2025-09-22 23:59:29,595 [ERROR] LogOutputStream:75 - [STDERR_REDIRECT] [Fatal Error] :1:1: Premature end of file.
2025-09-22 23:59:29,595 [ERROR] LogOutputStream:75 - [STDERR_REDIRECT] 
2025-09-22 23:59:30,593 [ERROR] LogOutputStream:75 - [STDERR_REDIRECT] [Fatal Error] :1:1: Premature end of file.
2025-09-22 23:59:30,594 [ERROR] LogOutputStream:75 - [STDERR_REDIRECT] 
2025-09-22 23:59:31,595 [ERROR] LogOutputStream:75 - [STDERR_REDIRECT] [Fatal Error] :1:1: Premature end of file.
2025-09-22 23:59:31,595 [ERROR] LogOutputStream:75 - [STDERR_REDIRECT] 
2025-09-22 23:59:32,593 [ERROR] LogOutputStream:75 - [STDERR_REDIRECT] [Fatal Error] :1:1: Premature end of file.
2025-09-22 23:59:32,593 [ERROR] LogOutputStream:75 - [STDERR_REDIRECT] 
2025-09-22 23:59:33,594 [ERROR] LogOutputStream:75 - [STDERR_REDIRECT] [Fatal Error] :1:1: Premature end of file.
2025-09-22 23:59:33,595 [ERROR] LogOutputStream:75 - [STDERR_REDIRECT] 
2025-09-22 23:59:34,594 [ERROR] LogOutputStream:75 - [STDERR_REDIRECT] [Fatal Error] :1:1: Premature end of file.
2025-09-22 23:59:34,595 [ERROR] LogOutputStream:75 - [STDERR_REDIRECT] 
2025-09-22 23:59:35,593 [ERROR] LogOutputStream:75 - [STDERR_REDIRECT] [Fatal Error] :1:1: Premature end of file.
2025-09-22 23:59:35,594 [ERROR] LogOutputStream:75 - [STDERR_REDIRECT] 
2025-09-22 23:59:36,598 [ERROR] LogOutputStream:75 - [STDERR_REDIRECT] [Fatal Error] :1:1: Premature end of file.
2025-09-22 23:59:36,598 [ERROR] LogOutputStream:75 - [STDERR_REDIRECT] 
2025-09-22 23:59:37,602 [ERROR] LogOutputStream:75 - [STDERR_REDIRECT] [Fatal Error] :1:1: Premature end of file.
2025-09-22 23:59:37,603 [ERROR] LogOutputStream:75 - [STDERR_REDIRECT] 
2025-09-22 23:59:38,601 [ERROR] LogOutputStream:75 - [STDERR_REDIRECT] [Fatal Error] :1:1: Premature end of file.
2025-09-22 23:59:38,601 [ERROR] LogOutputStream:75 - [STDERR_REDIRECT] 
2025-09-22 23:59:39,594 [ERROR] LogOutputStream:75 - [STDERR_REDIRECT] [Fatal Error] :1:1: Premature end of file.
2025-09-22 23:59:39,594 [ERROR] LogOutputStream:75 - [STDERR_REDIRECT] 
2025-09-22 23:59:40,595 [ERROR] LogOutputStream:75 - [STDERR_REDIRECT] [Fatal Error] :1:1: Premature end of file.
2025-09-22 23:59:40,595 [ERROR] LogOutputStream:75 - [STDERR_REDIRECT] 
2025-09-22 23:59:41,595 [ERROR] LogOutputStream:75 - [STDERR_REDIRECT] [Fatal Error] :1:1: Premature end of file.
2025-09-22 23:59:41,595 [ERROR] LogOutputStream:75 - [STDERR_REDIRECT] 
2025-09-22 23:59:42,596 [ERROR] LogOutputStream:75 - [STDERR_REDIRECT] [Fatal Error] :1:1: Premature end of file.
2025-09-22 23:59:42,596 [ERROR] LogOutputStream:75 - [STDERR_REDIRECT] 
2025-09-22 23:59:43,598 [ERROR] LogOutputStream:75 - [STDERR_REDIRECT] [Fatal Error] :1:1: Premature end of file.
2025-09-22 23:59:43,599 [ERROR] LogOutputStream:75 - [STDERR_REDIRECT] 
2025-09-22 23:59:44,600 [ERROR] LogOutputStream:75 - [STDERR_REDIRECT] [Fatal Error] :1:1: Premature end of file.
2025-09-22 23:59:44,600 [ERROR] LogOutputStream:75 - [STDERR_REDIRECT] 
2025-09-22 23:59:45,598 [ERROR] LogOutputStream:75 - [STDERR_REDIRECT] [Fatal Error] :1:1: Premature end of file.
2025-09-22 23:59:45,598 [ERROR] LogOutputStream:75 - [STDERR_REDIRECT] 
2025-09-22 23:59:46,603 [ERROR] LogOutputStream:75 - [STDERR_REDIRECT] [Fatal Error] :1:1: Premature end of file.
2025-09-22 23:59:46,603 [ERROR] LogOutputStream:75 - [STDERR_REDIRECT] 
2025-09-22 23:59:47,597 [ERROR] LogOutputStream:75 - [STDERR_REDIRECT] [Fatal Error] :1:1: Premature end of file.
2025-09-22 23:59:47,597 [ERROR] LogOutputStream:75 - [STDERR_REDIRECT] 
2025-09-22 23:59:48,594 [ERROR] LogOutputStream:75 - [STDERR_REDIRECT] [Fatal Error] :1:1: Premature end of file.
2025-09-22 23:59:48,594 [ERROR] LogOutputStream:75 - [STDERR_REDIRECT] 
2025-09-22 23:59:49,593 [ERROR] LogOutputStream:75 - [STDERR_REDIRECT] [Fatal Error] :1:1: Premature end of file.
2025-09-22 23:59:49,593 [ERROR] LogOutputStream:75 - [STDERR_REDIRECT] 
2025-09-22 23:59:50,595 [ERROR] LogOutputStream:75 - [STDERR_REDIRECT] [Fatal Error] :1:1: Premature end of file.
2025-09-22 23:59:50,595 [ERROR] LogOutputStream:75 - [STDERR_REDIRECT] 
2025-09-22 23:59:51,594 [ERROR] LogOutputStream:75 - [STDERR_REDIRECT] [Fatal Error] :1:1: Premature end of file.
2025-09-22 23:59:51,594 [ERROR] LogOutputStream:75 - [STDERR_REDIRECT] 
2025-09-22 23:59:52,593 [ERROR] LogOutputStream:75 - [STDERR_REDIRECT] [Fatal Error] :1:1: Premature end of file.
2025-09-22 23:59:52,593 [ERROR] LogOutputStream:75 - [STDERR_REDIRECT] 
2025-09-22 23:59:53,591 [ERROR] LogOutputStream:75 - [STDERR_REDIRECT] [Fatal Error] :1:1: Premature end of file.
2025-09-22 23:59:53,591 [ERROR] LogOutputStream:75 - [STDERR_REDIRECT] 
2025-09-22 23:59:54,592 [ERROR] LogOutputStream:75 - [STDERR_REDIRECT] [Fatal Error] :1:1: Premature end of file.
2025-09-22 23:59:54,592 [ERROR] LogOutputStream:75 - [STDERR_REDIRECT] 
2025-09-22 23:59:55,594 [ERROR] LogOutputStream:75 - [STDERR_REDIRECT] [Fatal Error] :1:1: Premature end of file.
2025-09-22 23:59:55,595 [ERROR] LogOutputStream:75 - [STDERR_REDIRECT] 
2025-09-22 23:59:56,596 [ERROR] LogOutputStream:75 - [STDERR_REDIRECT] [Fatal Error] :1:1: Premature end of file.
2025-09-22 23:59:56,596 [ERROR] LogOutputStream:75 - [STDERR_REDIRECT] 
2025-09-22 23:59:57,594 [ERROR] LogOutputStream:75 - [STDERR_REDIRECT] [Fatal Error] :1:1: Premature end of file.
2025-09-22 23:59:57,594 [ERROR] LogOutputStream:75 - [STDERR_REDIRECT] 
2025-09-22 23:59:58,593 [ERROR] LogOutputStream:75 - [STDERR_REDIRECT] [Fatal Error] :1:1: Premature end of file.
2025-09-22 23:59:58,593 [ERROR] LogOutputStream:75 - [STDERR_REDIRECT] 
2025-09-22 23:59:59,593 [ERROR] LogOutputStream:75 - [STDERR_REDIRECT] [Fatal Error] :1:1: Premature end of file.
2025-09-22 23:59:59,593 [ERROR] LogOutputStream:75 - [STDERR_REDIRECT] 
