2025-08-15 10:30:04,783 [INFO] Activator:176 - 


2025-08-15 10:30:04,790 [INFO] Activator:177 - !SESSION log4j initialized
2025-08-15 10:30:13,718 [INFO] LogOutputStream:77 - [STDOUT_REDIRECT] 
2025-08-15 10:30:14,415 [ERROR] ConfigurationRetriever:142 - IOException on connection: sw-center.st.com
2025-08-15 10:30:14,416 [ERROR] ConfigurationRetriever:142 - IOException on connection: sw-center.st.com
2025-08-15 10:30:14,417 [ERROR] ConfigurationRetriever:142 - IOException on connection: sw-center.st.com
2025-08-15 10:30:14,422 [ERROR] ConfigurationRetriever:142 - IOException on connection: sw-center.st.com
2025-08-15 10:30:14,431 [ERROR] ConfigurationRetriever:142 - IOException on connection: sw-center.st.com
2025-08-15 10:30:14,432 [ERROR] ConfigurationRetriever:142 - IOException on connection: sw-center.st.com
2025-08-15 10:30:16,979 [INFO] ApplicationProperties:184 - Using Application install path: C:\ST\STM32CubeIDE_1.19.0\STM32CubeIDE\plugins\com.st.stm32cube.common.mx_6.15.0.202507011659
2025-08-15 10:30:17,006 [INFO] DbMcusXml:78 - Set database path to: C:\ST\STM32CubeIDE_1.19.0\STM32CubeIDE\plugins\com.st.stm32cube.common.mx_6.15.0.202507011659\\db\/mcu/
2025-08-15 10:30:17,006 [INFO] ApiDb:274 - Set plugin database path to: C:\ST\STM32CubeIDE_1.19.0\STM32CubeIDE\plugins\com.st.stm32cube.common.mx_6.15.0.202507011659\\db\/plugins/boardmanager/
2025-08-15 10:30:17,006 [WARN] ApiDb:259 - Overriding images path with different value:  => C:\ST\STM32CubeIDE_1.19.0\STM32CubeIDE\plugins\com.st.stm32cube.common.mx_6.15.0.202507011659\\db\/plugins/mcufinder/images/
2025-08-15 10:30:17,030 [INFO] ApiDb:250 - Set database path to: C:\Users\Anbu\.stmcufinder\plugins\mcufinder//mcu/
2025-08-15 10:30:17,032 [INFO] DbMcusAds:125 - Set database path to: C:\Users\Anbu\.stmcufinder\plugins\mcufinder//mcu/
2025-08-15 10:30:17,036 [INFO] CrossReferenceDbSqlite:203 - Set database path to: C:\Users\Anbu\.stmcufinder\plugins\mcufinder//mcu/cs/
2025-08-15 10:30:17,229 [INFO] RulesReader:64 - Compatibility file has been processed (317 Rules)
2025-08-15 10:30:17,410 [INFO] DbMcusXml:78 - Set database path to: C:\ST\STM32CubeIDE_1.19.0\STM32CubeIDE\plugins\com.st.stm32cube.common.mx_6.15.0.202507011659\\db\/mcu/
2025-08-15 10:30:17,411 [INFO] ApiDb:274 - Set plugin database path to: C:\ST\STM32CubeIDE_1.19.0\STM32CubeIDE\plugins\com.st.stm32cube.common.mx_6.15.0.202507011659\\db\/plugins/boardmanager/
2025-08-15 10:30:17,411 [INFO] ApiDb:261 - Set plugin images path to: C:\ST\STM32CubeIDE_1.19.0\STM32CubeIDE\plugins\com.st.stm32cube.common.mx_6.15.0.202507011659\\db\/plugins/mcufinder/images/
2025-08-15 10:30:17,411 [WARN] DbFile:41 - Overriding database path with different value: C:\Users\Anbu\.stmcufinder\plugins\mcufinder/ => C:\Users\Anbu\.stmcufinder\plugins\mcufinder
2025-08-15 10:30:17,411 [INFO] ApiDb:250 - Set database path to: C:\Users\Anbu\.stmcufinder\plugins\mcufinder//mcu/
2025-08-15 10:30:17,411 [WARN] DbFile:41 - Overriding database path with different value: C:\Users\Anbu\.stmcufinder\plugins\mcufinder/ => C:\Users\Anbu\.stmcufinder\plugins\mcufinder
2025-08-15 10:30:17,412 [INFO] DbMcusAds:125 - Set database path to: C:\Users\Anbu\.stmcufinder\plugins\mcufinder//mcu/
2025-08-15 10:30:17,412 [WARN] DbFile:41 - Overriding database path with different value: C:\Users\Anbu\.stmcufinder\plugins\mcufinder/ => C:\Users\Anbu\.stmcufinder\plugins\mcufinder
2025-08-15 10:30:17,412 [WARN] DbFile:41 - Overriding database path with different value: C:\Users\Anbu\.stmcufinder\plugins\mcufinder/ => C:\Users\Anbu\.stmcufinder\plugins\mcufinder
2025-08-15 10:30:17,412 [INFO] CrossReferenceDbSqlite:203 - Set database path to: C:\Users\Anbu\.stmcufinder\plugins\mcufinder//mcu/cs/
2025-08-15 10:30:17,538 [INFO] MainPanel:274 - HeapMemory: 268435456
2025-08-15 10:30:17,714 [INFO] DbMcusXml:78 - Set database path to: C:\ST\STM32CubeIDE_1.19.0\STM32CubeIDE\plugins\com.st.stm32cube.common.mx_6.15.0.202507011659\\db\/mcu/
2025-08-15 10:30:17,714 [INFO] ApiDb:274 - Set plugin database path to: C:\ST\STM32CubeIDE_1.19.0\STM32CubeIDE\plugins\com.st.stm32cube.common.mx_6.15.0.202507011659\\db\/plugins/boardmanager/
2025-08-15 10:30:17,715 [INFO] ApiDb:261 - Set plugin images path to: C:\ST\STM32CubeIDE_1.19.0\STM32CubeIDE\plugins\com.st.stm32cube.common.mx_6.15.0.202507011659\\db\/plugins/mcufinder/images/
2025-08-15 10:30:17,715 [WARN] DbFile:41 - Overriding database path with different value: C:\Users\Anbu\.stmcufinder\plugins\mcufinder/ => C:\Users\Anbu\.stmcufinder\plugins\mcufinder
2025-08-15 10:30:17,716 [INFO] ApiDb:250 - Set database path to: C:\Users\Anbu\.stmcufinder\plugins\mcufinder//mcu/
2025-08-15 10:30:17,716 [WARN] DbFile:41 - Overriding database path with different value: C:\Users\Anbu\.stmcufinder\plugins\mcufinder/ => C:\Users\Anbu\.stmcufinder\plugins\mcufinder
2025-08-15 10:30:17,716 [INFO] DbMcusAds:125 - Set database path to: C:\Users\Anbu\.stmcufinder\plugins\mcufinder//mcu/
2025-08-15 10:30:17,716 [WARN] DbFile:41 - Overriding database path with different value: C:\Users\Anbu\.stmcufinder\plugins\mcufinder/ => C:\Users\Anbu\.stmcufinder\plugins\mcufinder
2025-08-15 10:30:17,716 [WARN] DbFile:41 - Overriding database path with different value: C:\Users\Anbu\.stmcufinder\plugins\mcufinder/ => C:\Users\Anbu\.stmcufinder\plugins\mcufinder
2025-08-15 10:30:17,716 [INFO] CrossReferenceDbSqlite:203 - Set database path to: C:\Users\Anbu\.stmcufinder\plugins\mcufinder//mcu/cs/
2025-08-15 10:30:17,747 [INFO] ApplicationProperties:184 - Using Application install path: C:\ST\STM32CubeIDE_1.19.0\STM32CubeIDE\plugins\com.st.stm32cube.common.mx_6.15.0.202507011659
2025-08-15 10:30:17,750 [INFO] PluginManage:196 - Search for loadable plugins [exclusion list=, ]
2025-08-15 10:30:17,753 [INFO] PluginManage:310 - Check plugin analytics
2025-08-15 10:30:18,160 [INFO] AnalyticsPlugin:253 - Accepted Software Licenses: STM32CubeMX.6.15.0
2025-08-15 10:30:18,160 [INFO] AnalyticsPlugin:255 - Accepted CMSIS Pack Licenses: 
2025-08-15 10:30:18,160 [INFO] AnalyticsPlugin:257 - Accepted Firmware Licenses: 
2025-08-15 10:30:18,166 [ERROR] ConfigurationRetriever:142 - IOException on connection: sw-center.st.com
2025-08-15 10:30:18,167 [INFO] PluginManage:359 - Loaded plugin analytics (category:tool,tabindex:-1)
2025-08-15 10:30:18,167 [ERROR] ConfigurationRetriever:142 - IOException on connection: sw-center.st.com
2025-08-15 10:30:18,168 [INFO] PluginManage:310 - Check plugin cadmodel
2025-08-15 10:30:18,168 [ERROR] ConfigurationRetriever:142 - IOException on connection: sw-center.st.com
2025-08-15 10:30:18,201 [INFO] CADModel:105 - Init CAD model plugin
2025-08-15 10:30:18,202 [INFO] PluginManage:359 - Loaded plugin cadmodel (category:power,tabindex:5)
2025-08-15 10:30:18,203 [INFO] PluginManage:310 - Check plugin clock
2025-08-15 10:30:18,250 [INFO] PluginManage:359 - Loaded plugin clock (category:base,tabindex:2)
2025-08-15 10:30:18,250 [INFO] PluginManage:310 - Check plugin ddr
2025-08-15 10:30:18,255 [INFO] PluginManage:359 - Loaded plugin ddr (category:tool,tabindex:6)
2025-08-15 10:30:18,256 [INFO] PluginManage:310 - Check plugin filemanager
2025-08-15 10:30:18,492 [INFO] PluginManage:359 - Loaded plugin filemanager (category:base,tabindex:10)
2025-08-15 10:30:18,492 [INFO] PluginManage:310 - Check plugin ipmanager
2025-08-15 10:30:18,502 [INFO] PluginManage:359 - Loaded plugin ipmanager (category:base,tabindex:5)
2025-08-15 10:30:18,502 [INFO] PluginManage:310 - Check plugin lpbam
2025-08-15 10:30:18,532 [INFO] PluginManage:359 - Loaded plugin lpbam (category:base,tabindex:0)
2025-08-15 10:30:18,532 [INFO] PluginManage:310 - Check plugin memorymap
2025-08-15 10:30:18,569 [INFO] PluginManage:359 - Loaded plugin memorymap (category:base,tabindex:4)
2025-08-15 10:30:18,570 [INFO] PluginManage:310 - Check plugin pinoutandconfiguration
2025-08-15 10:30:18,601 [INFO] PluginManage:359 - Loaded plugin pinoutandconfiguration (category:base,tabindex:1)
2025-08-15 10:30:18,601 [INFO] PluginManage:310 - Check plugin pinoutconfig
2025-08-15 10:30:18,747 [WARN] SupportedApi:132 - Cannot load RTOS API schema: s4s-elt-must-match.1: The content of 'definitions' must match (annotation?, (simpleType | complexType)?, (unique | key | keyref)*)). A problem was found starting at: attribute.
2025-08-15 10:30:18,936 [INFO] PluginManage:359 - Loaded plugin pinoutconfig (category:base,tabindex:0)
2025-08-15 10:30:18,937 [INFO] PluginManage:310 - Check plugin power
2025-08-15 10:30:18,967 [INFO] PluginManage:359 - Loaded plugin power (category:power,tabindex:4)
2025-08-15 10:30:18,968 [INFO] PluginManage:310 - Check plugin projectmanager
2025-08-15 10:30:18,990 [INFO] PluginManage:359 - Loaded plugin projectmanager (category:projectmanager,tabindex:4)
2025-08-15 10:30:18,990 [INFO] PluginManage:310 - Check plugin rif
2025-08-15 10:30:19,019 [INFO] PluginManage:359 - Loaded plugin rif (category:base,tabindex:3)
2025-08-15 10:30:19,019 [INFO] PluginManage:310 - Check plugin thirdparty
2025-08-15 10:30:19,470 [INFO] PluginManage:359 - Loaded plugin thirdparty (category:base,tabindex:-1)
2025-08-15 10:30:19,470 [INFO] PluginManage:310 - Check plugin tools
2025-08-15 10:30:19,471 [WARN] IntegrityCheckThread:84 - waiting for thirdparty lock release [integrity check]
2025-08-15 10:30:19,471 [INFO] IntegrityCheckThread:86 - entering critical section [integrity check]
2025-08-15 10:30:19,472 [INFO] ThirdPartyUpdaterWithRetryManager:70 - Updater plugin not ready yet. [1/15]
2025-08-15 10:30:19,531 [INFO] PluginManage:359 - Loaded plugin tools (category:base,tabindex:7)
2025-08-15 10:30:19,532 [INFO] PluginManage:310 - Check plugin tutovideos
2025-08-15 10:30:19,856 [INFO] PluginManage:359 - Loaded plugin tutovideos (category:base,tabindex:-1)
2025-08-15 10:30:19,857 [INFO] PluginManage:310 - Check plugin updater
2025-08-15 10:30:19,903 [INFO] PluginManage:359 - Loaded plugin updater (category:base,tabindex:12)
2025-08-15 10:30:19,904 [INFO] PluginManage:310 - Check plugin userauth
2025-08-15 10:30:19,909 [INFO] UserAuth:118 - Init User Auth plugin
2025-08-15 10:30:19,911 [INFO] PluginManage:359 - Loaded plugin userauth (category:base,tabindex:14)
2025-08-15 10:30:19,911 [INFO] PluginManage:283 - PluginManage : Loaded plugins [18]
2025-08-15 10:30:20,229 [INFO] PinOutPanel:1589 - setPackage(No Configuration,No Configuration)
2025-08-15 10:30:20,355 [INFO] CADModel:165 - CPN selected for project level
2025-08-15 10:30:20,355 [INFO] CADModel:114 - Register for checkConnection events
2025-08-15 10:30:20,411 [INFO] IPUIPlugin:80 - create IPUIPlugin
2025-08-15 10:30:20,411 [INFO] PluginManager:220 - loadIPPluginJar : add adc
2025-08-15 10:30:20,485 [INFO] IPUIPlugin:80 - create IPUIPlugin
2025-08-15 10:30:20,486 [INFO] PluginManager:220 - loadIPPluginJar : add aes
2025-08-15 10:30:20,576 [INFO] IPUIPlugin:80 - create IPUIPlugin
2025-08-15 10:30:20,577 [INFO] PluginManager:220 - loadIPPluginJar : add can
2025-08-15 10:30:20,639 [INFO] IPUIPlugin:80 - create IPUIPlugin
2025-08-15 10:30:20,639 [INFO] PluginManager:220 - loadIPPluginJar : add comp
2025-08-15 10:30:20,714 [INFO] IPUIPlugin:80 - create IPUIPlugin
2025-08-15 10:30:20,714 [INFO] PluginManager:220 - loadIPPluginJar : add cryp
2025-08-15 10:30:20,743 [INFO] IPUIPlugin:80 - create IPUIPlugin
2025-08-15 10:30:20,743 [INFO] PluginManager:220 - loadIPPluginJar : add ddr_ctrl_phy
2025-08-15 10:30:20,793 [INFO] IPUIPlugin:80 - create IPUIPlugin
2025-08-15 10:30:20,793 [INFO] PluginManager:220 - loadIPPluginJar : add dfsdm
2025-08-15 10:30:20,826 [INFO] IPUIPlugin:80 - create IPUIPlugin
2025-08-15 10:30:20,827 [INFO] PluginManager:220 - loadIPPluginJar : add dma
2025-08-15 10:30:20,904 [INFO] IPUIPlugin:80 - create IPUIPlugin
2025-08-15 10:30:20,904 [INFO] PluginManager:220 - loadIPPluginJar : add dma3
2025-08-15 10:30:20,987 [INFO] IPUIPlugin:80 - create IPUIPlugin
2025-08-15 10:30:20,987 [INFO] PluginManager:220 - loadIPPluginJar : add extmemmanager
2025-08-15 10:30:21,033 [INFO] IPUIPlugin:80 - create IPUIPlugin
2025-08-15 10:30:21,033 [INFO] PluginManager:220 - loadIPPluginJar : add fatfs
2025-08-15 10:30:21,120 [INFO] IPUIPlugin:80 - create IPUIPlugin
2025-08-15 10:30:21,120 [INFO] PluginManager:220 - loadIPPluginJar : add fmc
2025-08-15 10:30:21,156 [INFO] IPUIPlugin:80 - create IPUIPlugin
2025-08-15 10:30:21,156 [INFO] PluginManager:220 - loadIPPluginJar : add freertos
2025-08-15 10:30:21,222 [INFO] IPUIPlugin:80 - create IPUIPlugin
2025-08-15 10:30:21,222 [INFO] PluginManager:220 - loadIPPluginJar : add genericplugin
2025-08-15 10:30:21,446 [INFO] IPUIPlugin:80 - create IPUIPlugin
2025-08-15 10:30:21,446 [INFO] PluginManager:220 - loadIPPluginJar : add gfxmmu
2025-08-15 10:30:21,688 [INFO] IPUIPlugin:80 - create IPUIPlugin
2025-08-15 10:30:21,688 [INFO] PluginManager:220 - loadIPPluginJar : add gic
2025-08-15 10:30:21,725 [INFO] IPUIPlugin:80 - create IPUIPlugin
2025-08-15 10:30:21,726 [INFO] PluginManager:220 - loadIPPluginJar : add gpio
2025-08-15 10:30:21,883 [INFO] IPUIPlugin:80 - create IPUIPlugin
2025-08-15 10:30:21,883 [INFO] PluginManager:220 - loadIPPluginJar : add gtzc
2025-08-15 10:30:21,946 [INFO] IPUIPlugin:80 - create IPUIPlugin
2025-08-15 10:30:21,947 [INFO] PluginManager:220 - loadIPPluginJar : add hash
2025-08-15 10:30:22,038 [INFO] IPUIPlugin:80 - create IPUIPlugin
2025-08-15 10:30:22,038 [INFO] PluginManager:220 - loadIPPluginJar : add i2c
2025-08-15 10:30:22,116 [INFO] IPUIPlugin:80 - create IPUIPlugin
2025-08-15 10:30:22,117 [INFO] PluginManager:220 - loadIPPluginJar : add i2s
2025-08-15 10:30:22,204 [INFO] IPUIPlugin:80 - create IPUIPlugin
2025-08-15 10:30:22,204 [INFO] PluginManager:220 - loadIPPluginJar : add i3c
2025-08-15 10:30:22,380 [INFO] IPUIPlugin:80 - create IPUIPlugin
2025-08-15 10:30:22,380 [INFO] PluginManager:220 - loadIPPluginJar : add ipddr
2025-08-15 10:30:22,472 [INFO] ThirdPartyUpdaterWithRetryManager:70 - Updater plugin not ready yet. [2/15]
2025-08-15 10:30:22,559 [INFO] IPUIPlugin:80 - create IPUIPlugin
2025-08-15 10:30:22,559 [INFO] PluginManager:220 - loadIPPluginJar : add linkedlist
2025-08-15 10:30:22,623 [INFO] IPUIPlugin:80 - create IPUIPlugin
2025-08-15 10:30:22,623 [INFO] PluginManager:220 - loadIPPluginJar : add lorawan
2025-08-15 10:30:22,695 [INFO] IPUIPlugin:80 - create IPUIPlugin
2025-08-15 10:30:22,695 [INFO] PluginManager:220 - loadIPPluginJar : add ltdc
2025-08-15 10:30:22,717 [INFO] IPUIPlugin:80 - create IPUIPlugin
2025-08-15 10:30:22,717 [INFO] PluginManager:220 - loadIPPluginJar : add mdma
2025-08-15 10:30:22,738 [INFO] IPUIPlugin:80 - create IPUIPlugin
2025-08-15 10:30:22,738 [INFO] PluginManager:220 - loadIPPluginJar : add nvic
2025-08-15 10:30:22,801 [INFO] IPUIPlugin:80 - create IPUIPlugin
2025-08-15 10:30:22,801 [INFO] PluginManager:220 - loadIPPluginJar : add opamp
2025-08-15 10:30:22,909 [INFO] IPUIPlugin:80 - create IPUIPlugin
2025-08-15 10:30:22,910 [INFO] PluginManager:220 - loadIPPluginJar : add openamp
2025-08-15 10:30:22,999 [INFO] IPUIPlugin:80 - create IPUIPlugin
2025-08-15 10:30:22,999 [INFO] PluginManager:220 - loadIPPluginJar : add pdm2pcm
2025-08-15 10:30:23,022 [INFO] IPUIPlugin:80 - create IPUIPlugin
2025-08-15 10:30:23,024 [INFO] PluginManager:220 - loadIPPluginJar : add plateformsettings
2025-08-15 10:30:23,067 [INFO] IPUIPlugin:80 - create IPUIPlugin
2025-08-15 10:30:23,067 [INFO] PluginManager:220 - loadIPPluginJar : add quadspi
2025-08-15 10:30:23,111 [INFO] IPUIPlugin:80 - create IPUIPlugin
2025-08-15 10:30:23,112 [INFO] PluginManager:220 - loadIPPluginJar : add radio
2025-08-15 10:30:23,134 [INFO] IPUIPlugin:80 - create IPUIPlugin
2025-08-15 10:30:23,134 [INFO] PluginManager:220 - loadIPPluginJar : add resmgrutility
2025-08-15 10:30:23,209 [INFO] IPUIPlugin:80 - create IPUIPlugin
2025-08-15 10:30:23,209 [INFO] PluginManager:220 - loadIPPluginJar : add sai
2025-08-15 10:30:23,290 [INFO] IPUIPlugin:80 - create IPUIPlugin
2025-08-15 10:30:23,290 [INFO] PluginManager:220 - loadIPPluginJar : add spi
2025-08-15 10:30:23,497 [INFO] IPUIPlugin:80 - create IPUIPlugin
2025-08-15 10:30:23,497 [INFO] PluginManager:220 - loadIPPluginJar : add stm32_wpan
2025-08-15 10:30:23,566 [INFO] IPUIPlugin:80 - create IPUIPlugin
2025-08-15 10:30:23,566 [INFO] PluginManager:220 - loadIPPluginJar : add tim
2025-08-15 10:30:23,715 [INFO] IPUIPlugin:80 - create IPUIPlugin
2025-08-15 10:30:23,715 [INFO] PluginManager:220 - loadIPPluginJar : add touchsensing
2025-08-15 10:30:23,771 [INFO] IPUIPlugin:80 - create IPUIPlugin
2025-08-15 10:30:23,772 [INFO] PluginManager:220 - loadIPPluginJar : add tracer_emb
2025-08-15 10:30:23,826 [INFO] IPUIPlugin:80 - create IPUIPlugin
2025-08-15 10:30:23,826 [INFO] PluginManager:220 - loadIPPluginJar : add ts
2025-08-15 10:30:23,879 [INFO] IPUIPlugin:80 - create IPUIPlugin
2025-08-15 10:30:23,880 [INFO] PluginManager:220 - loadIPPluginJar : add tsc
2025-08-15 10:30:23,926 [INFO] IPUIPlugin:80 - create IPUIPlugin
2025-08-15 10:30:23,930 [INFO] PluginManager:220 - loadIPPluginJar : add ucpd
2025-08-15 10:30:24,008 [INFO] IPUIPlugin:80 - create IPUIPlugin
2025-08-15 10:30:24,008 [INFO] PluginManager:220 - loadIPPluginJar : add usart
2025-08-15 10:30:24,088 [INFO] IPUIPlugin:80 - create IPUIPlugin
2025-08-15 10:30:24,088 [INFO] PluginManager:220 - loadIPPluginJar : add usbx
2025-08-15 10:30:24,244 [FATAL] Updater:351 - Updater called before beeing initialized
2025-08-15 10:30:24,287 [INFO] RulesReader:64 - Compatibility file has been processed (317 Rules)
2025-08-15 10:30:24,312 [INFO] RulesReader:64 - Compatibility file has been processed (317 Rules)
2025-08-15 10:30:24,339 [INFO] CADModel:165 - CPN selected for project level
2025-08-15 10:30:24,339 [INFO] CADModel:114 - Register for checkConnection events
2025-08-15 10:30:24,339 [FATAL] Updater:351 - Updater called before beeing initialized
2025-08-15 10:30:24,339 [ERROR] CADModel:125 - Updater not yet initialized, retry later 
2025-08-15 10:30:24,600 [FATAL] Updater:351 - Updater called before beeing initialized
2025-08-15 10:30:24,603 [INFO] CADModel:165 - CPN selected for project level
2025-08-15 10:30:24,603 [INFO] CADModel:114 - Register for checkConnection events
2025-08-15 10:30:24,604 [FATAL] Updater:351 - Updater called before beeing initialized
2025-08-15 10:30:24,604 [ERROR] CADModel:125 - Updater not yet initialized, retry later 
2025-08-15 10:30:24,608 [FATAL] Updater:351 - Updater called before beeing initialized
2025-08-15 10:30:24,855 [FATAL] Updater:351 - Updater called before beeing initialized
2025-08-15 10:30:24,874 [INFO] DbMcusAds:53 - JSON generation date=Tue Jul 08 13:44:23 IST 2025 (1751962463582)
2025-08-15 10:30:24,875 [FATAL] Updater:351 - Updater called before beeing initialized
2025-08-15 10:30:24,932 [WARN] DetailPanel:346 - Failed to get advertising image, set to default
2025-08-15 10:30:25,051 [FATAL] Updater:351 - Updater called before beeing initialized
2025-08-15 10:30:25,053 [FATAL] Updater:351 - Updater called before beeing initialized
2025-08-15 10:30:25,053 [FATAL] Updater:351 - Updater called before beeing initialized
2025-08-15 10:30:25,053 [WARN] DetailPanel:346 - Failed to get advertising image, set to default
2025-08-15 10:30:25,054 [FATAL] Updater:351 - Updater called before beeing initialized
2025-08-15 10:30:25,162 [ERROR] Updater:1198 - MainUpdater not yet initialized. External WinMGr cannot be set.
2025-08-15 10:30:25,178 [INFO] Updater:1134 - Updater Version found : 6.15.0
2025-08-15 10:30:25,201 [INFO] ApplicationProperties:184 - Using Application install path: C:\ST\STM32CubeIDE_1.19.0\STM32CubeIDE\plugins\com.st.stm32cube.common.mx_6.15.0.202507011659
2025-08-15 10:30:25,475 [INFO] ThirdPartyUpdaterWithRetryManager:70 - Updater plugin not ready yet. [3/15]
2025-08-15 10:30:26,795 [ERROR] LogOutputStream:75 - [STDERR_REDIRECT] Aug 15, 2025 10:30:26 AM java.util.prefs.WindowsPreferences <init>
2025-08-15 10:30:26,797 [ERROR] LogOutputStream:75 - [STDERR_REDIRECT] WARNING: Could not open/create prefs root node Software\JavaSoft\Prefs at root 0xffffffff80000002. Windows RegCreateKeyEx(...) returned error code 5.
2025-08-15 10:30:26,797 [ERROR] LogOutputStream:75 - [STDERR_REDIRECT] 
2025-08-15 10:30:27,318 [INFO] MainUpdater:2872 - connection check result : 22
2025-08-15 10:30:27,320 [INFO] MainUpdater:289 - Updater Check For Update Now.
2025-08-15 10:30:27,320 [INFO] MicroXplorer:498 - Change Database Version : DB.6.0.150
2025-08-15 10:30:27,358 [INFO] McuFinderGlobals:63 - Set McuFinder mode to 2 (CubeIDE integrated)
2025-08-15 10:30:27,370 [INFO] UserAuth:487 - Internet connection configuration mode: 2
2025-08-15 10:30:27,379 [INFO] UserAuth:487 - Internet connection configuration mode: 2
2025-08-15 10:30:27,619 [INFO] CheckServerUpdateThread:120 - End of CheckServer Thread
2025-08-15 10:30:28,617 [ERROR] LogOutputStream:75 - [STDERR_REDIRECT] [Fatal Error] :1:1: Premature end of file.
2025-08-15 10:30:28,619 [ERROR] LogOutputStream:75 - [STDERR_REDIRECT] 
2025-08-15 10:30:28,971 [WARN] PackLoader:240 - Cannot read IP mode file for STMicroelectronics.FP-SNS-MOTENVWB1.1.4.0
2025-08-15 10:30:29,003 [WARN] PackLoader:240 - Cannot read IP mode file for STMicroelectronics.FP-ATR-ASTRA1.2.0.2
2025-08-15 10:30:29,029 [WARN] PackLoader:240 - Cannot read IP mode file for STMicroelectronics.X-CUBE-SMBUS.2.1.0
2025-08-15 10:30:29,052 [WARN] PackLoader:240 - Cannot read IP mode file for STMicroelectronics.X-CUBE-ST60.1.0.0
2025-08-15 10:30:29,118 [WARN] PackLoader:240 - Cannot read IP mode file for STMicroelectronics.X-CUBE-AZRTOS-F7.1.1.0
2025-08-15 10:30:29,188 [WARN] PackLoader:240 - Cannot read IP mode file for Infineon.AIROC-Wi-Fi-Bluetooth-STM32.1.7.1
2025-08-15 10:30:29,259 [WARN] PackLoader:240 - Cannot read IP mode file for STMicroelectronics.X-CUBE-AZRTOS-H7.3.4.0
2025-08-15 10:30:29,297 [WARN] PackLoader:240 - Cannot read IP mode file for STMicroelectronics.X-CUBE-DISPLAY.3.0.0
2025-08-15 10:30:29,328 [WARN] PackLoader:240 - Cannot read IP mode file for STMicroelectronics.X-CUBE-NFC10.1.0.0
2025-08-15 10:30:29,351 [WARN] PackLoader:240 - Cannot read IP mode file for emotas.I-CUBE-CANOPEN.1.3.0
2025-08-15 10:30:29,373 [WARN] PackLoader:240 - Cannot read IP mode file for STMicroelectronics.FP-SNS-STBOX1.2.1.0
2025-08-15 10:30:29,396 [WARN] PackLoader:240 - Cannot read IP mode file for STMicroelectronics.FP-SNS-SMARTAG2.1.2.0
2025-08-15 10:30:29,416 [WARN] PackLoader:240 - Cannot read IP mode file for STMicroelectronics.FP-SNS-FLIGHT1.5.1.0
2025-08-15 10:30:29,446 [INFO] LogOutputStream:77 - [STDOUT_REDIRECT] 1 : Invalid condition id : UX_CORESTACK_Condition cause : null
2025-08-15 10:30:29,447 [INFO] LogOutputStream:77 - [STDOUT_REDIRECT] 1 : Invalid condition id : UX_CORESTACK_Condition cause : null
2025-08-15 10:30:29,448 [INFO] LogOutputStream:77 - [STDOUT_REDIRECT] 1 : Invalid condition id : UX_CORESTACK_Condition cause : null
2025-08-15 10:30:29,449 [INFO] LogOutputStream:77 - [STDOUT_REDIRECT] 1 : Invalid condition id : UX_CORESTACK_Condition cause : null
2025-08-15 10:30:29,450 [INFO] LogOutputStream:77 - [STDOUT_REDIRECT] 1 : Invalid condition id : UX_CORESTACK_Condition cause : null
2025-08-15 10:30:29,454 [WARN] PackLoader:240 - Cannot read IP mode file for STMicroelectronics.X-CUBE-AZRTOS-WL.2.0.0
2025-08-15 10:30:29,480 [WARN] PackLoader:240 - Cannot read IP mode file for STMicroelectronics.FP-SNS-MOTENV1.5.0.0
2025-08-15 10:30:29,510 [WARN] PackLoader:240 - Cannot read IP mode file for WES.I-CUBE-Cesium.1.3.0
2025-08-15 10:30:29,527 [ERROR] LogOutputStream:75 - [STDERR_REDIRECT] [Fatal Error] :1:1: Premature end of file.
2025-08-15 10:30:29,527 [ERROR] LogOutputStream:75 - [STDERR_REDIRECT] 
2025-08-15 10:30:29,532 [WARN] PackLoader:240 - Cannot read IP mode file for STMicroelectronics.X-CUBE-BLE2.3.3.0
2025-08-15 10:30:29,556 [WARN] PackLoader:240 - Cannot read IP mode file for STMicroelectronics.X-CUBE-NFC9.1.0.0
2025-08-15 10:30:29,580 [WARN] PackLoader:240 - Cannot read IP mode file for wolfSSL.I-CUBE-wolfSSL.5.8.2
2025-08-15 10:30:29,605 [WARN] PackLoader:240 - Cannot read IP mode file for STMicroelectronics.X-CUBE-BLE1.7.1.0
2025-08-15 10:30:29,626 [WARN] PackLoader:240 - Cannot read IP mode file for wolfSSL.I-CUBE-wolfMQTT.1.19.2
2025-08-15 10:30:29,655 [WARN] PackLoader:240 - Cannot read IP mode file for STMicroelectronics.X-CUBE-EEPRMA1.5.2.0
2025-08-15 10:30:29,681 [WARN] PackLoader:240 - Cannot read IP mode file for STMicroelectronics.X-CUBE-AI.10.1.0
2025-08-15 10:30:29,726 [WARN] PackLoader:240 - Cannot read IP mode file for STMicroelectronics.X-CUBE-AZRTOS-G0.1.1.0
2025-08-15 10:30:29,757 [WARN] PackLoader:240 - Cannot read IP mode file for STMicroelectronics.X-CUBE-SAFEA1.1.2.2
2025-08-15 10:30:29,784 [WARN] PackLoader:240 - Cannot read IP mode file for STMicroelectronics.X-CUBE-NFC4.3.0.0
2025-08-15 10:30:29,809 [WARN] PackLoader:240 - Cannot read IP mode file for EmbeddedOffice.I-CUBE-FS-RTOS.1.0.1
2025-08-15 10:30:29,836 [WARN] PackLoader:240 - Cannot read IP mode file for STMicroelectronics.X-CUBE-WB05N.2.0.0
2025-08-15 10:30:29,856 [WARN] PackLoader:240 - Cannot read IP mode file for wolfSSL.I-CUBE-wolfTPM.3.8.0
2025-08-15 10:30:29,876 [WARN] PackLoader:240 - Cannot read IP mode file for STMicroelectronics.X-CUBE-TCPP.4.2.0
2025-08-15 10:30:29,897 [WARN] PackLoader:240 - Cannot read IP mode file for RealThread.X-CUBE-RT-Thread_Nano.4.1.1
2025-08-15 10:30:29,914 [WARN] PackLoader:240 - Cannot read IP mode file for STMicroelectronics.FP-ATR-SIGFOX1.3.2.0
2025-08-15 10:30:29,935 [WARN] PackLoader:240 - Cannot read IP mode file for ITTIA_DB.I-CUBE-ITTIADB.8.9.0
2025-08-15 10:30:29,957 [WARN] PackLoader:240 - Cannot read IP mode file for STMicroelectronics.X-CUBE-ST67W61.1.0.0
2025-08-15 10:30:29,975 [WARN] PackLoader:240 - Cannot read IP mode file for STMicroelectronics.X-CUBE-AI.10.2.0
2025-08-15 10:30:30,014 [WARN] PackLoader:240 - Cannot read IP mode file for SEGGER.I-CUBE-embOS.1.3.1
2025-08-15 10:30:30,083 [WARN] PackLoader:240 - Cannot read IP mode file for STMicroelectronics.X-CUBE-ALGOBUILD.1.4.0
2025-08-15 10:30:30,157 [WARN] PackLoader:240 - Cannot read IP mode file for STMicroelectronics.X-CUBE-MEMS1.11.3.0
2025-08-15 10:30:30,361 [WARN] PackLoader:240 - Cannot read IP mode file for STMicroelectronics.X-CUBE-PM33A1.1.0.0
2025-08-15 10:30:30,432 [WARN] PackLoader:240 - Cannot read IP mode file for STMicroelectronics.X-CUBE-AZRTOS-F4.1.1.0
2025-08-15 10:30:30,469 [WARN] PackLoader:240 - Cannot read IP mode file for Avnet-IotConnect.X-CUBE-IoTC-DA16k-PMOD.1.0.0
2025-08-15 10:30:30,495 [WARN] PackLoader:240 - Cannot read IP mode file for STMicroelectronics.X-CUBE-ISPU.2.1.0
2025-08-15 10:30:30,522 [WARN] PackLoader:240 - Cannot read IP mode file for STMicroelectronics.X-CUBE-NFC12.1.0.0
2025-08-15 10:30:30,527 [ERROR] LogOutputStream:75 - [STDERR_REDIRECT] [Fatal Error] :1:1: Premature end of file.
2025-08-15 10:30:30,528 [ERROR] LogOutputStream:75 - [STDERR_REDIRECT] 
2025-08-15 10:30:30,561 [WARN] PackLoader:240 - Cannot read IP mode file for STMicroelectronics.X-CUBE-AZRTOS-L5.2.0.0
2025-08-15 10:30:30,586 [WARN] PackLoader:240 - Cannot read IP mode file for STMicroelectronics.X-CUBE-NFC6.3.1.0
2025-08-15 10:30:30,610 [WARN] PackLoader:240 - Cannot read IP mode file for STMicroelectronics.X-CUBE-FREERTOS.1.3.1
2025-08-15 10:30:30,632 [WARN] PackLoader:240 - Cannot read IP mode file for STMicroelectronics.FP-SNS-STAIOTCFT.1.0.0
2025-08-15 10:30:30,658 [WARN] PackLoader:240 - Cannot read IP mode file for STMicroelectronics.X-CUBE-DPower.1.3.0
2025-08-15 10:30:30,706 [WARN] ConditionMgr:438 - getConditionDescription Invalid condition id : LAN8742 Phy interface Condition cause : null
2025-08-15 10:30:30,707 [WARN] PackLoader:240 - Cannot read IP mode file for STMicroelectronics.X-CUBE-AZRTOS-L4.2.0.0
2025-08-15 10:30:30,709 [WARN] ConditionMgr:1044 - genDependencies : Invalid condition id : LAN8742 Phy interface Condition cause : null
2025-08-15 10:30:30,709 [WARN] ConditionMgr:1044 - genDependencies : Invalid condition id : LAN8742 Phy interface Condition cause : null
2025-08-15 10:30:30,710 [WARN] ConditionMgr:1044 - genDependencies : Invalid condition id : LAN8742 Phy interface Condition cause : null
2025-08-15 10:30:30,739 [WARN] PackLoader:240 - Cannot read IP mode file for STMicroelectronics.X-CUBE-SFXS2LP1.4.0.0
2025-08-15 10:30:30,768 [WARN] PackLoader:240 - Cannot read IP mode file for STMicroelectronics.X-CUBE-BLEMGR.4.1.0
2025-08-15 10:30:30,811 [WARN] ConditionMgr:438 - getConditionDescription Invalid condition id : UX DEVICE CLASS RTOS Condition cause : null
2025-08-15 10:30:30,812 [WARN] ConditionMgr:438 - getConditionDescription Invalid condition id : UX DEVICE CLASS RTOS Condition cause : null
2025-08-15 10:30:30,813 [WARN] PackLoader:240 - Cannot read IP mode file for STMicroelectronics.X-CUBE-AZRTOS-WB.2.0.0
2025-08-15 10:30:30,814 [WARN] ConditionMgr:1044 - genDependencies : Invalid condition id : UX DEVICE CLASS RTOS Condition cause : null
2025-08-15 10:30:30,814 [WARN] ConditionMgr:1044 - genDependencies : Invalid condition id : UX DEVICE CLASS RTOS Condition cause : null
2025-08-15 10:30:30,814 [WARN] ConditionMgr:1044 - genDependencies : Invalid condition id : UX DEVICE CLASS RTOS Condition cause : null
2025-08-15 10:30:30,815 [WARN] ConditionMgr:1044 - genDependencies : Invalid condition id : UX DEVICE CLASS RTOS Condition cause : null
2025-08-15 10:30:30,815 [WARN] ConditionMgr:1044 - genDependencies : Invalid condition id : UX DEVICE CLASS RTOS Condition cause : null
2025-08-15 10:30:30,835 [WARN] PackLoader:240 - Cannot read IP mode file for STMicroelectronics.X-CUBE-GNSS1.7.0.1
2025-08-15 10:30:30,860 [WARN] PackLoader:240 - Cannot read IP mode file for STMicroelectronics.X-CUBE-TOUCHGFX.4.25.0
2025-08-15 10:30:30,881 [WARN] PackLoader:240 - Cannot read IP mode file for STMicroelectronics.FP-SNS-STBOX1.2.0.0
2025-08-15 10:30:30,903 [WARN] ConditionMgr:438 - getConditionDescription Invalid condition id : Cortex-A Device cause : null
2025-08-15 10:30:30,936 [WARN] ConditionMgr:1044 - genDependencies : Invalid condition id : Cortex-A Device cause : null
2025-08-15 10:30:30,937 [WARN] ConditionMgr:1044 - genDependencies : Invalid condition id : Cortex-A Device cause : null
2025-08-15 10:30:30,937 [WARN] ConditionMgr:1044 - genDependencies : Invalid condition id : Cortex-A Device cause : null
2025-08-15 10:30:30,962 [WARN] PackLoader:240 - Cannot read IP mode file for STMicroelectronics.X-CUBE-SUBG2.5.0.0
2025-08-15 10:30:31,004 [WARN] PackLoader:240 - Cannot read IP mode file for STMicroelectronics.X-CUBE-AZRTOS-H7RS.1.1.0
2025-08-15 10:30:31,028 [WARN] PackLoader:240 - Cannot read IP mode file for Cesanta.I-CUBE-Mongoose.7.13.0
2025-08-15 10:30:31,062 [WARN] PackLoader:240 - Cannot read IP mode file for STMicroelectronics.X-CUBE-AZRTOS-G4.2.0.0
2025-08-15 10:30:31,082 [WARN] PackLoader:240 - Cannot read IP mode file for wolfSSL.I-CUBE-wolfSSH.1.4.20
2025-08-15 10:30:31,103 [WARN] PackLoader:240 - Cannot read IP mode file for STMicroelectronics.X-CUBE-NFC7.2.0.0
2025-08-15 10:30:31,133 [WARN] PackLoader:240 - Cannot read IP mode file for STMicroelectronics.X-CUBE-IPS.3.1.0
2025-08-15 10:30:31,163 [WARN] PackLoader:240 - Cannot read IP mode file for STMicroelectronics.X-CUBE-ALS.1.0.2
2025-08-15 10:30:31,186 [WARN] PackLoader:240 - Cannot read IP mode file for portGmbH.I-Cube-SoM-uGOAL.1.1.0
2025-08-15 10:30:31,218 [WARN] PackLoader:240 - Cannot read IP mode file for STMicroelectronics.X-CUBE-TOF1.3.4.3
2025-08-15 10:30:31,226 [INFO] ThirdParty:978 - Integrity check success = true
2025-08-15 10:30:31,226 [INFO] IntegrityCheckThread:100 - exiting critical section [integrity check]
2025-08-15 10:30:31,226 [INFO] IntegrityCheckThread:103 - End integrity checks thread
2025-08-15 10:30:31,518 [ERROR] LogOutputStream:75 - [STDERR_REDIRECT] [Fatal Error] :1:1: Premature end of file.
2025-08-15 10:30:31,518 [ERROR] LogOutputStream:75 - [STDERR_REDIRECT] 
2025-08-15 10:30:32,523 [ERROR] LogOutputStream:75 - [STDERR_REDIRECT] [Fatal Error] :1:1: Premature end of file.
2025-08-15 10:30:32,523 [ERROR] LogOutputStream:75 - [STDERR_REDIRECT] 
2025-08-15 10:30:33,520 [ERROR] LogOutputStream:75 - [STDERR_REDIRECT] [Fatal Error] :1:1: Premature end of file.
2025-08-15 10:30:33,521 [ERROR] LogOutputStream:75 - [STDERR_REDIRECT] 
2025-08-15 10:30:34,521 [ERROR] LogOutputStream:75 - [STDERR_REDIRECT] [Fatal Error] :1:1: Premature end of file.
2025-08-15 10:30:34,521 [ERROR] LogOutputStream:75 - [STDERR_REDIRECT] 
2025-08-15 10:30:35,519 [ERROR] LogOutputStream:75 - [STDERR_REDIRECT] [Fatal Error] :1:1: Premature end of file.
2025-08-15 10:30:35,519 [ERROR] LogOutputStream:75 - [STDERR_REDIRECT] 
2025-08-15 10:30:36,519 [ERROR] LogOutputStream:75 - [STDERR_REDIRECT] [Fatal Error] :1:1: Premature end of file.
2025-08-15 10:30:36,519 [ERROR] LogOutputStream:75 - [STDERR_REDIRECT] 
2025-08-15 10:30:37,520 [ERROR] LogOutputStream:75 - [STDERR_REDIRECT] [Fatal Error] :1:1: Premature end of file.
2025-08-15 10:30:37,521 [ERROR] LogOutputStream:75 - [STDERR_REDIRECT] 
2025-08-15 10:30:38,521 [ERROR] LogOutputStream:75 - [STDERR_REDIRECT] [Fatal Error] :1:1: Premature end of file.
2025-08-15 10:30:38,521 [ERROR] LogOutputStream:75 - [STDERR_REDIRECT] 
2025-08-15 10:30:39,521 [ERROR] LogOutputStream:75 - [STDERR_REDIRECT] [Fatal Error] :1:1: Premature end of file.
2025-08-15 10:30:39,522 [ERROR] LogOutputStream:75 - [STDERR_REDIRECT] 
2025-08-15 10:30:40,520 [ERROR] LogOutputStream:75 - [STDERR_REDIRECT] [Fatal Error] :1:1: Premature end of file.
2025-08-15 10:30:40,520 [ERROR] LogOutputStream:75 - [STDERR_REDIRECT] 
2025-08-15 10:30:41,520 [ERROR] LogOutputStream:75 - [STDERR_REDIRECT] [Fatal Error] :1:1: Premature end of file.
2025-08-15 10:30:41,520 [ERROR] LogOutputStream:75 - [STDERR_REDIRECT] 
2025-08-15 10:30:42,519 [ERROR] LogOutputStream:75 - [STDERR_REDIRECT] [Fatal Error] :1:1: Premature end of file.
2025-08-15 10:30:42,520 [ERROR] LogOutputStream:75 - [STDERR_REDIRECT] 
2025-08-15 10:30:43,519 [ERROR] LogOutputStream:75 - [STDERR_REDIRECT] [Fatal Error] :1:1: Premature end of file.
2025-08-15 10:30:43,519 [ERROR] LogOutputStream:75 - [STDERR_REDIRECT] 
2025-08-15 10:30:44,523 [ERROR] LogOutputStream:75 - [STDERR_REDIRECT] [Fatal Error] :1:1: Premature end of file.
2025-08-15 10:30:44,524 [ERROR] LogOutputStream:75 - [STDERR_REDIRECT] 
2025-08-15 10:30:45,520 [ERROR] LogOutputStream:75 - [STDERR_REDIRECT] [Fatal Error] :1:1: Premature end of file.
2025-08-15 10:30:45,520 [ERROR] LogOutputStream:75 - [STDERR_REDIRECT] 
2025-08-15 10:30:46,520 [ERROR] LogOutputStream:75 - [STDERR_REDIRECT] [Fatal Error] :1:1: Premature end of file.
2025-08-15 10:30:46,520 [ERROR] LogOutputStream:75 - [STDERR_REDIRECT] 
2025-08-15 10:30:47,519 [ERROR] LogOutputStream:75 - [STDERR_REDIRECT] [Fatal Error] :1:1: Premature end of file.
2025-08-15 10:30:47,520 [ERROR] LogOutputStream:75 - [STDERR_REDIRECT] 
2025-08-15 10:30:48,527 [ERROR] LogOutputStream:75 - [STDERR_REDIRECT] [Fatal Error] :1:1: Premature end of file.
2025-08-15 10:30:48,528 [ERROR] LogOutputStream:75 - [STDERR_REDIRECT] 
2025-08-15 10:30:49,531 [ERROR] LogOutputStream:75 - [STDERR_REDIRECT] [Fatal Error] :1:1: Premature end of file.
2025-08-15 10:30:49,531 [ERROR] LogOutputStream:75 - [STDERR_REDIRECT] 
2025-08-15 10:30:50,520 [ERROR] LogOutputStream:75 - [STDERR_REDIRECT] [Fatal Error] :1:1: Premature end of file.
2025-08-15 10:30:50,521 [ERROR] LogOutputStream:75 - [STDERR_REDIRECT] 
2025-08-15 10:30:51,521 [ERROR] LogOutputStream:75 - [STDERR_REDIRECT] [Fatal Error] :1:1: Premature end of file.
2025-08-15 10:30:51,522 [ERROR] LogOutputStream:75 - [STDERR_REDIRECT] 
2025-08-15 10:30:52,520 [ERROR] LogOutputStream:75 - [STDERR_REDIRECT] [Fatal Error] :1:1: Premature end of file.
2025-08-15 10:30:52,521 [ERROR] LogOutputStream:75 - [STDERR_REDIRECT] 
2025-08-15 10:30:53,521 [ERROR] LogOutputStream:75 - [STDERR_REDIRECT] [Fatal Error] :1:1: Premature end of file.
2025-08-15 10:30:53,522 [ERROR] LogOutputStream:75 - [STDERR_REDIRECT] 
2025-08-15 10:30:54,522 [ERROR] LogOutputStream:75 - [STDERR_REDIRECT] [Fatal Error] :1:1: Premature end of file.
2025-08-15 10:30:54,522 [ERROR] LogOutputStream:75 - [STDERR_REDIRECT] 
2025-08-15 10:30:55,520 [ERROR] LogOutputStream:75 - [STDERR_REDIRECT] [Fatal Error] :1:1: Premature end of file.
2025-08-15 10:30:55,521 [ERROR] LogOutputStream:75 - [STDERR_REDIRECT] 
2025-08-15 10:30:56,519 [ERROR] LogOutputStream:75 - [STDERR_REDIRECT] [Fatal Error] :1:1: Premature end of file.
2025-08-15 10:30:56,519 [ERROR] LogOutputStream:75 - [STDERR_REDIRECT] 
2025-08-15 10:30:57,520 [ERROR] LogOutputStream:75 - [STDERR_REDIRECT] [Fatal Error] :1:1: Premature end of file.
2025-08-15 10:30:57,521 [ERROR] LogOutputStream:75 - [STDERR_REDIRECT] 
2025-08-15 10:30:58,521 [ERROR] LogOutputStream:75 - [STDERR_REDIRECT] [Fatal Error] :1:1: Premature end of file.
2025-08-15 10:30:58,521 [ERROR] LogOutputStream:75 - [STDERR_REDIRECT] 
2025-08-15 10:30:59,519 [ERROR] LogOutputStream:75 - [STDERR_REDIRECT] [Fatal Error] :1:1: Premature end of file.
2025-08-15 10:30:59,519 [ERROR] LogOutputStream:75 - [STDERR_REDIRECT] 
2025-08-15 10:31:00,520 [ERROR] LogOutputStream:75 - [STDERR_REDIRECT] [Fatal Error] :1:1: Premature end of file.
2025-08-15 10:31:00,520 [ERROR] LogOutputStream:75 - [STDERR_REDIRECT] 
2025-08-15 10:31:01,521 [ERROR] LogOutputStream:75 - [STDERR_REDIRECT] [Fatal Error] :1:1: Premature end of file.
2025-08-15 10:31:01,521 [ERROR] LogOutputStream:75 - [STDERR_REDIRECT] 
2025-08-15 10:31:02,545 [ERROR] LogOutputStream:75 - [STDERR_REDIRECT] [Fatal Error] :1:1: Premature end of file.
2025-08-15 10:31:02,545 [ERROR] LogOutputStream:75 - [STDERR_REDIRECT] 
2025-08-15 10:31:03,522 [ERROR] LogOutputStream:75 - [STDERR_REDIRECT] [Fatal Error] :1:1: Premature end of file.
2025-08-15 10:31:03,523 [ERROR] LogOutputStream:75 - [STDERR_REDIRECT] 
2025-08-15 10:31:04,529 [ERROR] LogOutputStream:75 - [STDERR_REDIRECT] [Fatal Error] :1:1: Premature end of file.
2025-08-15 10:31:04,529 [ERROR] LogOutputStream:75 - [STDERR_REDIRECT] 
2025-08-15 10:31:05,533 [ERROR] LogOutputStream:75 - [STDERR_REDIRECT] [Fatal Error] :1:1: Premature end of file.
2025-08-15 10:31:05,533 [ERROR] LogOutputStream:75 - [STDERR_REDIRECT] 
2025-08-15 10:31:06,521 [ERROR] LogOutputStream:75 - [STDERR_REDIRECT] [Fatal Error] :1:1: Premature end of file.
2025-08-15 10:31:06,521 [ERROR] LogOutputStream:75 - [STDERR_REDIRECT] 
2025-08-15 10:31:07,522 [ERROR] LogOutputStream:75 - [STDERR_REDIRECT] [Fatal Error] :1:1: Premature end of file.
2025-08-15 10:31:07,523 [ERROR] LogOutputStream:75 - [STDERR_REDIRECT] 
2025-08-15 10:31:08,525 [ERROR] LogOutputStream:75 - [STDERR_REDIRECT] [Fatal Error] :1:1: Premature end of file.
2025-08-15 10:31:08,525 [ERROR] LogOutputStream:75 - [STDERR_REDIRECT] 
2025-08-15 10:31:09,521 [ERROR] LogOutputStream:75 - [STDERR_REDIRECT] [Fatal Error] :1:1: Premature end of file.
2025-08-15 10:31:09,522 [ERROR] LogOutputStream:75 - [STDERR_REDIRECT] 
2025-08-15 10:31:10,519 [ERROR] LogOutputStream:75 - [STDERR_REDIRECT] [Fatal Error] :1:1: Premature end of file.
2025-08-15 10:31:10,519 [ERROR] LogOutputStream:75 - [STDERR_REDIRECT] 
2025-08-15 10:31:11,520 [ERROR] LogOutputStream:75 - [STDERR_REDIRECT] [Fatal Error] :1:1: Premature end of file.
2025-08-15 10:31:11,521 [ERROR] LogOutputStream:75 - [STDERR_REDIRECT] 
2025-08-15 10:31:12,519 [ERROR] LogOutputStream:75 - [STDERR_REDIRECT] [Fatal Error] :1:1: Premature end of file.
2025-08-15 10:31:12,519 [ERROR] LogOutputStream:75 - [STDERR_REDIRECT] 
2025-08-15 10:31:13,520 [ERROR] LogOutputStream:75 - [STDERR_REDIRECT] [Fatal Error] :1:1: Premature end of file.
2025-08-15 10:31:13,521 [ERROR] LogOutputStream:75 - [STDERR_REDIRECT] 
2025-08-15 10:31:14,522 [ERROR] LogOutputStream:75 - [STDERR_REDIRECT] [Fatal Error] :1:1: Premature end of file.
2025-08-15 10:31:14,522 [ERROR] LogOutputStream:75 - [STDERR_REDIRECT] 
2025-08-15 10:31:15,522 [ERROR] LogOutputStream:75 - [STDERR_REDIRECT] [Fatal Error] :1:1: Premature end of file.
2025-08-15 10:31:15,523 [ERROR] LogOutputStream:75 - [STDERR_REDIRECT] 
2025-08-15 10:31:16,519 [ERROR] LogOutputStream:75 - [STDERR_REDIRECT] [Fatal Error] :1:1: Premature end of file.
2025-08-15 10:31:16,520 [ERROR] LogOutputStream:75 - [STDERR_REDIRECT] 
2025-08-15 10:31:17,518 [ERROR] LogOutputStream:75 - [STDERR_REDIRECT] [Fatal Error] :1:1: Premature end of file.
2025-08-15 10:31:17,518 [ERROR] LogOutputStream:75 - [STDERR_REDIRECT] 
2025-08-15 10:31:18,521 [ERROR] LogOutputStream:75 - [STDERR_REDIRECT] [Fatal Error] :1:1: Premature end of file.
2025-08-15 10:31:18,522 [ERROR] LogOutputStream:75 - [STDERR_REDIRECT] 
2025-08-15 10:31:19,519 [ERROR] LogOutputStream:75 - [STDERR_REDIRECT] [Fatal Error] :1:1: Premature end of file.
2025-08-15 10:31:19,520 [ERROR] LogOutputStream:75 - [STDERR_REDIRECT] 
2025-08-15 10:31:20,521 [ERROR] LogOutputStream:75 - [STDERR_REDIRECT] [Fatal Error] :1:1: Premature end of file.
2025-08-15 10:31:20,522 [ERROR] LogOutputStream:75 - [STDERR_REDIRECT] 
2025-08-15 10:31:21,520 [ERROR] LogOutputStream:75 - [STDERR_REDIRECT] [Fatal Error] :1:1: Premature end of file.
2025-08-15 10:31:21,520 [ERROR] LogOutputStream:75 - [STDERR_REDIRECT] 
2025-08-15 10:31:22,519 [ERROR] LogOutputStream:75 - [STDERR_REDIRECT] [Fatal Error] :1:1: Premature end of file.
2025-08-15 10:31:22,519 [ERROR] LogOutputStream:75 - [STDERR_REDIRECT] 
2025-08-15 10:31:23,520 [ERROR] LogOutputStream:75 - [STDERR_REDIRECT] [Fatal Error] :1:1: Premature end of file.
2025-08-15 10:31:23,520 [ERROR] LogOutputStream:75 - [STDERR_REDIRECT] 
2025-08-15 10:31:24,521 [ERROR] LogOutputStream:75 - [STDERR_REDIRECT] [Fatal Error] :1:1: Premature end of file.
2025-08-15 10:31:24,521 [ERROR] LogOutputStream:75 - [STDERR_REDIRECT] 
2025-08-15 10:31:25,521 [ERROR] LogOutputStream:75 - [STDERR_REDIRECT] [Fatal Error] :1:1: Premature end of file.
2025-08-15 10:31:25,521 [ERROR] LogOutputStream:75 - [STDERR_REDIRECT] 
2025-08-15 10:31:26,520 [ERROR] LogOutputStream:75 - [STDERR_REDIRECT] [Fatal Error] :1:1: Premature end of file.
2025-08-15 10:31:26,521 [ERROR] LogOutputStream:75 - [STDERR_REDIRECT] 
2025-08-15 10:31:27,519 [ERROR] LogOutputStream:75 - [STDERR_REDIRECT] [Fatal Error] :1:1: Premature end of file.
2025-08-15 10:31:27,519 [ERROR] LogOutputStream:75 - [STDERR_REDIRECT] 
2025-08-15 10:31:28,520 [ERROR] LogOutputStream:75 - [STDERR_REDIRECT] [Fatal Error] :1:1: Premature end of file.
2025-08-15 10:31:28,520 [ERROR] LogOutputStream:75 - [STDERR_REDIRECT] 
2025-08-15 10:31:29,520 [ERROR] LogOutputStream:75 - [STDERR_REDIRECT] [Fatal Error] :1:1: Premature end of file.
2025-08-15 10:31:29,521 [ERROR] LogOutputStream:75 - [STDERR_REDIRECT] 
2025-08-15 10:31:30,520 [ERROR] LogOutputStream:75 - [STDERR_REDIRECT] [Fatal Error] :1:1: Premature end of file.
2025-08-15 10:31:30,520 [ERROR] LogOutputStream:75 - [STDERR_REDIRECT] 
2025-08-15 10:31:31,522 [ERROR] LogOutputStream:75 - [STDERR_REDIRECT] [Fatal Error] :1:1: Premature end of file.
2025-08-15 10:31:31,522 [ERROR] LogOutputStream:75 - [STDERR_REDIRECT] 
2025-08-15 10:31:32,519 [ERROR] LogOutputStream:75 - [STDERR_REDIRECT] [Fatal Error] :1:1: Premature end of file.
2025-08-15 10:31:32,520 [ERROR] LogOutputStream:75 - [STDERR_REDIRECT] 
2025-08-15 10:31:33,520 [ERROR] LogOutputStream:75 - [STDERR_REDIRECT] [Fatal Error] :1:1: Premature end of file.
2025-08-15 10:31:33,521 [ERROR] LogOutputStream:75 - [STDERR_REDIRECT] 
2025-08-15 10:31:34,519 [ERROR] LogOutputStream:75 - [STDERR_REDIRECT] [Fatal Error] :1:1: Premature end of file.
2025-08-15 10:31:34,520 [ERROR] LogOutputStream:75 - [STDERR_REDIRECT] 
2025-08-15 10:31:35,520 [ERROR] LogOutputStream:75 - [STDERR_REDIRECT] [Fatal Error] :1:1: Premature end of file.
2025-08-15 10:31:35,521 [ERROR] LogOutputStream:75 - [STDERR_REDIRECT] 
2025-08-15 10:31:36,520 [ERROR] LogOutputStream:75 - [STDERR_REDIRECT] [Fatal Error] :1:1: Premature end of file.
2025-08-15 10:31:36,520 [ERROR] LogOutputStream:75 - [STDERR_REDIRECT] 
2025-08-15 10:31:37,520 [ERROR] LogOutputStream:75 - [STDERR_REDIRECT] [Fatal Error] :1:1: Premature end of file.
2025-08-15 10:31:37,520 [ERROR] LogOutputStream:75 - [STDERR_REDIRECT] 
2025-08-15 10:31:38,521 [ERROR] LogOutputStream:75 - [STDERR_REDIRECT] [Fatal Error] :1:1: Premature end of file.
2025-08-15 10:31:38,521 [ERROR] LogOutputStream:75 - [STDERR_REDIRECT] 
2025-08-15 10:31:39,520 [ERROR] LogOutputStream:75 - [STDERR_REDIRECT] [Fatal Error] :1:1: Premature end of file.
2025-08-15 10:31:39,520 [ERROR] LogOutputStream:75 - [STDERR_REDIRECT] 
2025-08-15 10:31:40,521 [ERROR] LogOutputStream:75 - [STDERR_REDIRECT] [Fatal Error] :1:1: Premature end of file.
2025-08-15 10:31:40,521 [ERROR] LogOutputStream:75 - [STDERR_REDIRECT] 
2025-08-15 10:31:41,518 [ERROR] LogOutputStream:75 - [STDERR_REDIRECT] [Fatal Error] :1:1: Premature end of file.
2025-08-15 10:31:41,519 [ERROR] LogOutputStream:75 - [STDERR_REDIRECT] 
2025-08-15 10:31:42,520 [ERROR] LogOutputStream:75 - [STDERR_REDIRECT] [Fatal Error] :1:1: Premature end of file.
2025-08-15 10:31:42,521 [ERROR] LogOutputStream:75 - [STDERR_REDIRECT] 
2025-08-15 10:31:43,521 [ERROR] LogOutputStream:75 - [STDERR_REDIRECT] [Fatal Error] :1:1: Premature end of file.
2025-08-15 10:31:43,521 [ERROR] LogOutputStream:75 - [STDERR_REDIRECT] 
2025-08-15 10:31:44,521 [ERROR] LogOutputStream:75 - [STDERR_REDIRECT] [Fatal Error] :1:1: Premature end of file.
2025-08-15 10:31:44,521 [ERROR] LogOutputStream:75 - [STDERR_REDIRECT] 
2025-08-15 10:31:45,520 [ERROR] LogOutputStream:75 - [STDERR_REDIRECT] [Fatal Error] :1:1: Premature end of file.
2025-08-15 10:31:45,521 [ERROR] LogOutputStream:75 - [STDERR_REDIRECT] 
2025-08-15 10:31:46,520 [ERROR] LogOutputStream:75 - [STDERR_REDIRECT] [Fatal Error] :1:1: Premature end of file.
2025-08-15 10:31:46,521 [ERROR] LogOutputStream:75 - [STDERR_REDIRECT] 
2025-08-15 10:31:47,520 [ERROR] LogOutputStream:75 - [STDERR_REDIRECT] [Fatal Error] :1:1: Premature end of file.
2025-08-15 10:31:47,520 [ERROR] LogOutputStream:75 - [STDERR_REDIRECT] 
2025-08-15 10:31:48,519 [ERROR] LogOutputStream:75 - [STDERR_REDIRECT] [Fatal Error] :1:1: Premature end of file.
2025-08-15 10:31:48,520 [ERROR] LogOutputStream:75 - [STDERR_REDIRECT] 
2025-08-15 10:31:49,520 [ERROR] LogOutputStream:75 - [STDERR_REDIRECT] [Fatal Error] :1:1: Premature end of file.
2025-08-15 10:31:49,520 [ERROR] LogOutputStream:75 - [STDERR_REDIRECT] 
2025-08-15 10:31:50,520 [ERROR] LogOutputStream:75 - [STDERR_REDIRECT] [Fatal Error] :1:1: Premature end of file.
2025-08-15 10:31:50,520 [ERROR] LogOutputStream:75 - [STDERR_REDIRECT] 
2025-08-15 10:31:51,519 [ERROR] LogOutputStream:75 - [STDERR_REDIRECT] [Fatal Error] :1:1: Premature end of file.
2025-08-15 10:31:51,520 [ERROR] LogOutputStream:75 - [STDERR_REDIRECT] 
2025-08-15 10:31:52,520 [ERROR] LogOutputStream:75 - [STDERR_REDIRECT] [Fatal Error] :1:1: Premature end of file.
2025-08-15 10:31:52,526 [ERROR] LogOutputStream:75 - [STDERR_REDIRECT] 
2025-08-15 10:31:53,521 [ERROR] LogOutputStream:75 - [STDERR_REDIRECT] [Fatal Error] :1:1: Premature end of file.
2025-08-15 10:31:53,521 [ERROR] LogOutputStream:75 - [STDERR_REDIRECT] 
2025-08-15 10:31:54,521 [ERROR] LogOutputStream:75 - [STDERR_REDIRECT] [Fatal Error] :1:1: Premature end of file.
2025-08-15 10:31:54,521 [ERROR] LogOutputStream:75 - [STDERR_REDIRECT] 
2025-08-15 10:31:55,520 [ERROR] LogOutputStream:75 - [STDERR_REDIRECT] [Fatal Error] :1:1: Premature end of file.
2025-08-15 10:31:55,521 [ERROR] LogOutputStream:75 - [STDERR_REDIRECT] 
2025-08-15 10:31:56,521 [ERROR] LogOutputStream:75 - [STDERR_REDIRECT] [Fatal Error] :1:1: Premature end of file.
2025-08-15 10:31:56,521 [ERROR] LogOutputStream:75 - [STDERR_REDIRECT] 
2025-08-15 10:31:57,520 [ERROR] LogOutputStream:75 - [STDERR_REDIRECT] [Fatal Error] :1:1: Premature end of file.
2025-08-15 10:31:57,520 [ERROR] LogOutputStream:75 - [STDERR_REDIRECT] 
2025-08-15 10:31:58,520 [ERROR] LogOutputStream:75 - [STDERR_REDIRECT] [Fatal Error] :1:1: Premature end of file.
2025-08-15 10:31:58,521 [ERROR] LogOutputStream:75 - [STDERR_REDIRECT] 
2025-08-15 10:31:59,521 [ERROR] LogOutputStream:75 - [STDERR_REDIRECT] [Fatal Error] :1:1: Premature end of file.
2025-08-15 10:31:59,521 [ERROR] LogOutputStream:75 - [STDERR_REDIRECT] 
2025-08-15 10:32:00,521 [ERROR] LogOutputStream:75 - [STDERR_REDIRECT] [Fatal Error] :1:1: Premature end of file.
2025-08-15 10:32:00,522 [ERROR] LogOutputStream:75 - [STDERR_REDIRECT] 
2025-08-15 10:32:01,520 [ERROR] LogOutputStream:75 - [STDERR_REDIRECT] [Fatal Error] :1:1: Premature end of file.
2025-08-15 10:32:01,520 [ERROR] LogOutputStream:75 - [STDERR_REDIRECT] 
2025-08-15 10:32:02,522 [ERROR] LogOutputStream:75 - [STDERR_REDIRECT] [Fatal Error] :1:1: Premature end of file.
2025-08-15 10:32:02,522 [ERROR] LogOutputStream:75 - [STDERR_REDIRECT] 
2025-08-15 10:32:03,519 [ERROR] LogOutputStream:75 - [STDERR_REDIRECT] [Fatal Error] :1:1: Premature end of file.
2025-08-15 10:32:03,519 [ERROR] LogOutputStream:75 - [STDERR_REDIRECT] 
2025-08-15 10:32:04,523 [ERROR] LogOutputStream:75 - [STDERR_REDIRECT] [Fatal Error] :1:1: Premature end of file.
2025-08-15 10:32:04,523 [ERROR] LogOutputStream:75 - [STDERR_REDIRECT] 
2025-08-15 10:32:05,521 [ERROR] LogOutputStream:75 - [STDERR_REDIRECT] [Fatal Error] :1:1: Premature end of file.
2025-08-15 10:32:05,521 [ERROR] LogOutputStream:75 - [STDERR_REDIRECT] 
2025-08-15 10:32:06,520 [ERROR] LogOutputStream:75 - [STDERR_REDIRECT] [Fatal Error] :1:1: Premature end of file.
2025-08-15 10:32:06,521 [ERROR] LogOutputStream:75 - [STDERR_REDIRECT] 
2025-08-15 10:32:07,519 [ERROR] LogOutputStream:75 - [STDERR_REDIRECT] [Fatal Error] :1:1: Premature end of file.
2025-08-15 10:32:07,519 [ERROR] LogOutputStream:75 - [STDERR_REDIRECT] 
2025-08-15 10:32:08,520 [ERROR] LogOutputStream:75 - [STDERR_REDIRECT] [Fatal Error] :1:1: Premature end of file.
2025-08-15 10:32:08,520 [ERROR] LogOutputStream:75 - [STDERR_REDIRECT] 
2025-08-15 10:32:09,520 [ERROR] LogOutputStream:75 - [STDERR_REDIRECT] [Fatal Error] :1:1: Premature end of file.
2025-08-15 10:32:09,520 [ERROR] LogOutputStream:75 - [STDERR_REDIRECT] 
2025-08-15 10:32:10,519 [ERROR] LogOutputStream:75 - [STDERR_REDIRECT] [Fatal Error] :1:1: Premature end of file.
2025-08-15 10:32:10,520 [ERROR] LogOutputStream:75 - [STDERR_REDIRECT] 
2025-08-15 10:32:11,520 [ERROR] LogOutputStream:75 - [STDERR_REDIRECT] [Fatal Error] :1:1: Premature end of file.
2025-08-15 10:32:11,520 [ERROR] LogOutputStream:75 - [STDERR_REDIRECT] 
2025-08-15 10:32:12,518 [ERROR] LogOutputStream:75 - [STDERR_REDIRECT] [Fatal Error] :1:1: Premature end of file.
2025-08-15 10:32:12,519 [ERROR] LogOutputStream:75 - [STDERR_REDIRECT] 
2025-08-15 10:32:13,520 [ERROR] LogOutputStream:75 - [STDERR_REDIRECT] [Fatal Error] :1:1: Premature end of file.
2025-08-15 10:32:13,520 [ERROR] LogOutputStream:75 - [STDERR_REDIRECT] 
2025-08-15 10:32:14,519 [ERROR] LogOutputStream:75 - [STDERR_REDIRECT] [Fatal Error] :1:1: Premature end of file.
2025-08-15 10:32:14,520 [ERROR] LogOutputStream:75 - [STDERR_REDIRECT] 
2025-08-15 10:32:15,520 [ERROR] LogOutputStream:75 - [STDERR_REDIRECT] [Fatal Error] :1:1: Premature end of file.
2025-08-15 10:32:15,520 [ERROR] LogOutputStream:75 - [STDERR_REDIRECT] 
2025-08-15 10:32:16,520 [ERROR] LogOutputStream:75 - [STDERR_REDIRECT] [Fatal Error] :1:1: Premature end of file.
2025-08-15 10:32:16,521 [ERROR] LogOutputStream:75 - [STDERR_REDIRECT] 
2025-08-15 10:32:17,522 [ERROR] LogOutputStream:75 - [STDERR_REDIRECT] [Fatal Error] :1:1: Premature end of file.
2025-08-15 10:32:17,522 [ERROR] LogOutputStream:75 - [STDERR_REDIRECT] 
2025-08-15 10:32:18,519 [ERROR] LogOutputStream:75 - [STDERR_REDIRECT] [Fatal Error] :1:1: Premature end of file.
2025-08-15 10:32:18,519 [ERROR] LogOutputStream:75 - [STDERR_REDIRECT] 
2025-08-15 10:32:19,519 [ERROR] LogOutputStream:75 - [STDERR_REDIRECT] [Fatal Error] :1:1: Premature end of file.
2025-08-15 10:32:19,519 [ERROR] LogOutputStream:75 - [STDERR_REDIRECT] 
2025-08-15 10:32:20,521 [ERROR] LogOutputStream:75 - [STDERR_REDIRECT] [Fatal Error] :1:1: Premature end of file.
2025-08-15 10:32:20,521 [ERROR] LogOutputStream:75 - [STDERR_REDIRECT] 
2025-08-15 10:32:21,520 [ERROR] LogOutputStream:75 - [STDERR_REDIRECT] [Fatal Error] :1:1: Premature end of file.
2025-08-15 10:32:21,520 [ERROR] LogOutputStream:75 - [STDERR_REDIRECT] 
2025-08-15 10:32:22,518 [ERROR] LogOutputStream:75 - [STDERR_REDIRECT] [Fatal Error] :1:1: Premature end of file.
2025-08-15 10:32:22,518 [ERROR] LogOutputStream:75 - [STDERR_REDIRECT] 
2025-08-15 10:32:23,520 [ERROR] LogOutputStream:75 - [STDERR_REDIRECT] [Fatal Error] :1:1: Premature end of file.
2025-08-15 10:32:23,520 [ERROR] LogOutputStream:75 - [STDERR_REDIRECT] 
2025-08-15 10:32:24,520 [ERROR] LogOutputStream:75 - [STDERR_REDIRECT] [Fatal Error] :1:1: Premature end of file.
2025-08-15 10:32:24,521 [ERROR] LogOutputStream:75 - [STDERR_REDIRECT] 
2025-08-15 10:32:25,520 [ERROR] LogOutputStream:75 - [STDERR_REDIRECT] [Fatal Error] :1:1: Premature end of file.
2025-08-15 10:32:25,521 [ERROR] LogOutputStream:75 - [STDERR_REDIRECT] 
2025-08-15 10:32:26,521 [ERROR] LogOutputStream:75 - [STDERR_REDIRECT] [Fatal Error] :1:1: Premature end of file.
2025-08-15 10:32:26,521 [ERROR] LogOutputStream:75 - [STDERR_REDIRECT] 
2025-08-15 10:32:27,520 [ERROR] LogOutputStream:75 - [STDERR_REDIRECT] [Fatal Error] :1:1: Premature end of file.
2025-08-15 10:32:27,521 [ERROR] LogOutputStream:75 - [STDERR_REDIRECT] 
2025-08-15 10:32:28,519 [ERROR] LogOutputStream:75 - [STDERR_REDIRECT] [Fatal Error] :1:1: Premature end of file.
2025-08-15 10:32:28,520 [ERROR] LogOutputStream:75 - [STDERR_REDIRECT] 
2025-08-15 10:32:29,519 [ERROR] LogOutputStream:75 - [STDERR_REDIRECT] [Fatal Error] :1:1: Premature end of file.
2025-08-15 10:32:29,519 [ERROR] LogOutputStream:75 - [STDERR_REDIRECT] 
2025-08-15 10:32:30,520 [ERROR] LogOutputStream:75 - [STDERR_REDIRECT] [Fatal Error] :1:1: Premature end of file.
2025-08-15 10:32:30,521 [ERROR] LogOutputStream:75 - [STDERR_REDIRECT] 
2025-08-15 10:32:31,519 [ERROR] LogOutputStream:75 - [STDERR_REDIRECT] [Fatal Error] :1:1: Premature end of file.
2025-08-15 10:32:31,519 [ERROR] LogOutputStream:75 - [STDERR_REDIRECT] 
2025-08-15 10:32:32,519 [ERROR] LogOutputStream:75 - [STDERR_REDIRECT] [Fatal Error] :1:1: Premature end of file.
2025-08-15 10:32:32,519 [ERROR] LogOutputStream:75 - [STDERR_REDIRECT] 
2025-08-15 10:32:33,520 [ERROR] LogOutputStream:75 - [STDERR_REDIRECT] [Fatal Error] :1:1: Premature end of file.
2025-08-15 10:32:33,521 [ERROR] LogOutputStream:75 - [STDERR_REDIRECT] 
2025-08-15 10:32:34,518 [ERROR] LogOutputStream:75 - [STDERR_REDIRECT] [Fatal Error] :1:1: Premature end of file.
2025-08-15 10:32:34,518 [ERROR] LogOutputStream:75 - [STDERR_REDIRECT] 
2025-08-15 10:32:35,521 [ERROR] LogOutputStream:75 - [STDERR_REDIRECT] [Fatal Error] :1:1: Premature end of file.
2025-08-15 10:32:35,521 [ERROR] LogOutputStream:75 - [STDERR_REDIRECT] 
2025-08-15 10:32:36,519 [ERROR] LogOutputStream:75 - [STDERR_REDIRECT] [Fatal Error] :1:1: Premature end of file.
2025-08-15 10:32:36,519 [ERROR] LogOutputStream:75 - [STDERR_REDIRECT] 
2025-08-15 10:32:37,520 [ERROR] LogOutputStream:75 - [STDERR_REDIRECT] [Fatal Error] :1:1: Premature end of file.
2025-08-15 10:32:37,520 [ERROR] LogOutputStream:75 - [STDERR_REDIRECT] 
2025-08-15 10:32:38,519 [ERROR] LogOutputStream:75 - [STDERR_REDIRECT] [Fatal Error] :1:1: Premature end of file.
2025-08-15 10:32:38,519 [ERROR] LogOutputStream:75 - [STDERR_REDIRECT] 
2025-08-15 10:32:39,519 [ERROR] LogOutputStream:75 - [STDERR_REDIRECT] [Fatal Error] :1:1: Premature end of file.
2025-08-15 10:32:39,519 [ERROR] LogOutputStream:75 - [STDERR_REDIRECT] 
2025-08-15 10:32:40,519 [ERROR] LogOutputStream:75 - [STDERR_REDIRECT] [Fatal Error] :1:1: Premature end of file.
2025-08-15 10:32:40,519 [ERROR] LogOutputStream:75 - [STDERR_REDIRECT] 
2025-08-15 10:32:41,520 [ERROR] LogOutputStream:75 - [STDERR_REDIRECT] [Fatal Error] :1:1: Premature end of file.
2025-08-15 10:32:41,520 [ERROR] LogOutputStream:75 - [STDERR_REDIRECT] 
2025-08-15 10:32:42,521 [ERROR] LogOutputStream:75 - [STDERR_REDIRECT] [Fatal Error] :1:1: Premature end of file.
2025-08-15 10:32:42,521 [ERROR] LogOutputStream:75 - [STDERR_REDIRECT] 
2025-08-15 10:32:43,518 [ERROR] LogOutputStream:75 - [STDERR_REDIRECT] [Fatal Error] :1:1: Premature end of file.
2025-08-15 10:32:43,518 [ERROR] LogOutputStream:75 - [STDERR_REDIRECT] 
2025-08-15 10:32:44,521 [ERROR] LogOutputStream:75 - [STDERR_REDIRECT] [Fatal Error] :1:1: Premature end of file.
2025-08-15 10:32:44,522 [ERROR] LogOutputStream:75 - [STDERR_REDIRECT] 
2025-08-15 10:32:45,526 [ERROR] LogOutputStream:75 - [STDERR_REDIRECT] [Fatal Error] :1:1: Premature end of file.
2025-08-15 10:32:45,526 [ERROR] LogOutputStream:75 - [STDERR_REDIRECT] 
2025-08-15 10:32:46,520 [ERROR] LogOutputStream:75 - [STDERR_REDIRECT] [Fatal Error] :1:1: Premature end of file.
2025-08-15 10:32:46,520 [ERROR] LogOutputStream:75 - [STDERR_REDIRECT] 
2025-08-15 10:32:47,518 [ERROR] LogOutputStream:75 - [STDERR_REDIRECT] [Fatal Error] :1:1: Premature end of file.
2025-08-15 10:32:47,519 [ERROR] LogOutputStream:75 - [STDERR_REDIRECT] 
2025-08-15 10:32:48,521 [ERROR] LogOutputStream:75 - [STDERR_REDIRECT] [Fatal Error] :1:1: Premature end of file.
2025-08-15 10:32:48,521 [ERROR] LogOutputStream:75 - [STDERR_REDIRECT] 
2025-08-15 10:32:49,519 [ERROR] LogOutputStream:75 - [STDERR_REDIRECT] [Fatal Error] :1:1: Premature end of file.
2025-08-15 10:32:49,519 [ERROR] LogOutputStream:75 - [STDERR_REDIRECT] 
2025-08-15 10:32:50,519 [ERROR] LogOutputStream:75 - [STDERR_REDIRECT] [Fatal Error] :1:1: Premature end of file.
2025-08-15 10:32:50,519 [ERROR] LogOutputStream:75 - [STDERR_REDIRECT] 
2025-08-15 10:32:51,518 [ERROR] LogOutputStream:75 - [STDERR_REDIRECT] [Fatal Error] :1:1: Premature end of file.
2025-08-15 10:32:51,518 [ERROR] LogOutputStream:75 - [STDERR_REDIRECT] 
2025-08-15 10:32:52,519 [ERROR] LogOutputStream:75 - [STDERR_REDIRECT] [Fatal Error] :1:1: Premature end of file.
2025-08-15 10:32:52,520 [ERROR] LogOutputStream:75 - [STDERR_REDIRECT] 
2025-08-15 10:32:53,520 [ERROR] LogOutputStream:75 - [STDERR_REDIRECT] [Fatal Error] :1:1: Premature end of file.
2025-08-15 10:32:53,520 [ERROR] LogOutputStream:75 - [STDERR_REDIRECT] 
2025-08-15 10:32:54,520 [ERROR] LogOutputStream:75 - [STDERR_REDIRECT] [Fatal Error] :1:1: Premature end of file.
2025-08-15 10:32:54,521 [ERROR] LogOutputStream:75 - [STDERR_REDIRECT] 
2025-08-15 10:32:55,518 [ERROR] LogOutputStream:75 - [STDERR_REDIRECT] [Fatal Error] :1:1: Premature end of file.
2025-08-15 10:32:55,518 [ERROR] LogOutputStream:75 - [STDERR_REDIRECT] 
2025-08-15 10:32:56,520 [ERROR] LogOutputStream:75 - [STDERR_REDIRECT] [Fatal Error] :1:1: Premature end of file.
2025-08-15 10:32:56,520 [ERROR] LogOutputStream:75 - [STDERR_REDIRECT] 
2025-08-15 10:32:57,521 [ERROR] LogOutputStream:75 - [STDERR_REDIRECT] [Fatal Error] :1:1: Premature end of file.
2025-08-15 10:32:57,521 [ERROR] LogOutputStream:75 - [STDERR_REDIRECT] 
2025-08-15 10:32:58,520 [ERROR] LogOutputStream:75 - [STDERR_REDIRECT] [Fatal Error] :1:1: Premature end of file.
2025-08-15 10:32:58,521 [ERROR] LogOutputStream:75 - [STDERR_REDIRECT] 
2025-08-15 10:32:59,520 [ERROR] LogOutputStream:75 - [STDERR_REDIRECT] [Fatal Error] :1:1: Premature end of file.
2025-08-15 10:32:59,520 [ERROR] LogOutputStream:75 - [STDERR_REDIRECT] 
2025-08-15 10:33:00,519 [ERROR] LogOutputStream:75 - [STDERR_REDIRECT] [Fatal Error] :1:1: Premature end of file.
2025-08-15 10:33:00,520 [ERROR] LogOutputStream:75 - [STDERR_REDIRECT] 
2025-08-15 10:33:01,523 [ERROR] LogOutputStream:75 - [STDERR_REDIRECT] [Fatal Error] :1:1: Premature end of file.
2025-08-15 10:33:01,523 [ERROR] LogOutputStream:75 - [STDERR_REDIRECT] 
2025-08-15 10:33:02,521 [ERROR] LogOutputStream:75 - [STDERR_REDIRECT] [Fatal Error] :1:1: Premature end of file.
2025-08-15 10:33:02,521 [ERROR] LogOutputStream:75 - [STDERR_REDIRECT] 
2025-08-15 10:33:03,519 [ERROR] LogOutputStream:75 - [STDERR_REDIRECT] [Fatal Error] :1:1: Premature end of file.
2025-08-15 10:33:03,519 [ERROR] LogOutputStream:75 - [STDERR_REDIRECT] 
2025-08-15 10:33:04,520 [ERROR] LogOutputStream:75 - [STDERR_REDIRECT] [Fatal Error] :1:1: Premature end of file.
2025-08-15 10:33:04,521 [ERROR] LogOutputStream:75 - [STDERR_REDIRECT] 
2025-08-15 10:33:05,523 [ERROR] LogOutputStream:75 - [STDERR_REDIRECT] [Fatal Error] :1:1: Premature end of file.
2025-08-15 10:33:05,523 [ERROR] LogOutputStream:75 - [STDERR_REDIRECT] 
2025-08-15 10:33:06,522 [ERROR] LogOutputStream:75 - [STDERR_REDIRECT] [Fatal Error] :1:1: Premature end of file.
2025-08-15 10:33:06,522 [ERROR] LogOutputStream:75 - [STDERR_REDIRECT] 
2025-08-15 10:33:07,520 [ERROR] LogOutputStream:75 - [STDERR_REDIRECT] [Fatal Error] :1:1: Premature end of file.
2025-08-15 10:33:07,520 [ERROR] LogOutputStream:75 - [STDERR_REDIRECT] 
2025-08-15 10:33:08,518 [ERROR] LogOutputStream:75 - [STDERR_REDIRECT] [Fatal Error] :1:1: Premature end of file.
2025-08-15 10:33:08,518 [ERROR] LogOutputStream:75 - [STDERR_REDIRECT] 
2025-08-15 10:33:09,518 [ERROR] LogOutputStream:75 - [STDERR_REDIRECT] [Fatal Error] :1:1: Premature end of file.
2025-08-15 10:33:09,519 [ERROR] LogOutputStream:75 - [STDERR_REDIRECT] 
2025-08-15 10:33:10,519 [ERROR] LogOutputStream:75 - [STDERR_REDIRECT] [Fatal Error] :1:1: Premature end of file.
2025-08-15 10:33:10,520 [ERROR] LogOutputStream:75 - [STDERR_REDIRECT] 
2025-08-15 10:33:11,519 [ERROR] LogOutputStream:75 - [STDERR_REDIRECT] [Fatal Error] :1:1: Premature end of file.
2025-08-15 10:33:11,519 [ERROR] LogOutputStream:75 - [STDERR_REDIRECT] 
2025-08-15 10:33:12,519 [ERROR] LogOutputStream:75 - [STDERR_REDIRECT] [Fatal Error] :1:1: Premature end of file.
2025-08-15 10:33:12,519 [ERROR] LogOutputStream:75 - [STDERR_REDIRECT] 
2025-08-15 10:33:13,540 [ERROR] LogOutputStream:75 - [STDERR_REDIRECT] [Fatal Error] :1:1: Premature end of file.
2025-08-15 10:33:13,540 [ERROR] LogOutputStream:75 - [STDERR_REDIRECT] 
2025-08-15 10:33:14,519 [ERROR] LogOutputStream:75 - [STDERR_REDIRECT] [Fatal Error] :1:1: Premature end of file.
2025-08-15 10:33:14,520 [ERROR] LogOutputStream:75 - [STDERR_REDIRECT] 
2025-08-15 10:33:15,519 [ERROR] LogOutputStream:75 - [STDERR_REDIRECT] [Fatal Error] :1:1: Premature end of file.
2025-08-15 10:33:15,520 [ERROR] LogOutputStream:75 - [STDERR_REDIRECT] 
2025-08-15 10:33:16,519 [ERROR] LogOutputStream:75 - [STDERR_REDIRECT] [Fatal Error] :1:1: Premature end of file.
2025-08-15 10:33:16,520 [ERROR] LogOutputStream:75 - [STDERR_REDIRECT] 
2025-08-15 10:33:17,519 [ERROR] LogOutputStream:75 - [STDERR_REDIRECT] [Fatal Error] :1:1: Premature end of file.
2025-08-15 10:33:17,520 [ERROR] LogOutputStream:75 - [STDERR_REDIRECT] 
2025-08-15 10:33:18,520 [ERROR] LogOutputStream:75 - [STDERR_REDIRECT] [Fatal Error] :1:1: Premature end of file.
2025-08-15 10:33:18,521 [ERROR] LogOutputStream:75 - [STDERR_REDIRECT] 
2025-08-15 10:33:19,520 [ERROR] LogOutputStream:75 - [STDERR_REDIRECT] [Fatal Error] :1:1: Premature end of file.
2025-08-15 10:33:19,520 [ERROR] LogOutputStream:75 - [STDERR_REDIRECT] 
2025-08-15 10:33:20,521 [ERROR] LogOutputStream:75 - [STDERR_REDIRECT] [Fatal Error] :1:1: Premature end of file.
2025-08-15 10:33:20,521 [ERROR] LogOutputStream:75 - [STDERR_REDIRECT] 
2025-08-15 10:33:21,520 [ERROR] LogOutputStream:75 - [STDERR_REDIRECT] [Fatal Error] :1:1: Premature end of file.
2025-08-15 10:33:21,520 [ERROR] LogOutputStream:75 - [STDERR_REDIRECT] 
2025-08-15 10:33:22,522 [ERROR] LogOutputStream:75 - [STDERR_REDIRECT] [Fatal Error] :1:1: Premature end of file.
2025-08-15 10:33:22,522 [ERROR] LogOutputStream:75 - [STDERR_REDIRECT] 
2025-08-15 10:33:23,519 [ERROR] LogOutputStream:75 - [STDERR_REDIRECT] [Fatal Error] :1:1: Premature end of file.
2025-08-15 10:33:23,519 [ERROR] LogOutputStream:75 - [STDERR_REDIRECT] 
2025-08-15 10:33:24,519 [ERROR] LogOutputStream:75 - [STDERR_REDIRECT] [Fatal Error] :1:1: Premature end of file.
2025-08-15 10:33:24,519 [ERROR] LogOutputStream:75 - [STDERR_REDIRECT] 
2025-08-15 10:33:25,518 [ERROR] LogOutputStream:75 - [STDERR_REDIRECT] [Fatal Error] :1:1: Premature end of file.
2025-08-15 10:33:25,519 [ERROR] LogOutputStream:75 - [STDERR_REDIRECT] 
2025-08-15 10:33:26,520 [ERROR] LogOutputStream:75 - [STDERR_REDIRECT] [Fatal Error] :1:1: Premature end of file.
2025-08-15 10:33:26,520 [ERROR] LogOutputStream:75 - [STDERR_REDIRECT] 
2025-08-15 10:33:27,519 [ERROR] LogOutputStream:75 - [STDERR_REDIRECT] [Fatal Error] :1:1: Premature end of file.
2025-08-15 10:33:27,520 [ERROR] LogOutputStream:75 - [STDERR_REDIRECT] 
2025-08-15 10:33:28,521 [ERROR] LogOutputStream:75 - [STDERR_REDIRECT] [Fatal Error] :1:1: Premature end of file.
2025-08-15 10:33:28,521 [ERROR] LogOutputStream:75 - [STDERR_REDIRECT] 
2025-08-15 10:33:29,519 [ERROR] LogOutputStream:75 - [STDERR_REDIRECT] [Fatal Error] :1:1: Premature end of file.
2025-08-15 10:33:29,519 [ERROR] LogOutputStream:75 - [STDERR_REDIRECT] 
2025-08-15 10:33:30,530 [ERROR] LogOutputStream:75 - [STDERR_REDIRECT] [Fatal Error] :1:1: Premature end of file.
2025-08-15 10:33:30,530 [ERROR] LogOutputStream:75 - [STDERR_REDIRECT] 
2025-08-15 10:33:31,523 [ERROR] LogOutputStream:75 - [STDERR_REDIRECT] [Fatal Error] :1:1: Premature end of file.
2025-08-15 10:33:31,524 [ERROR] LogOutputStream:75 - [STDERR_REDIRECT] 
2025-08-15 10:33:32,519 [ERROR] LogOutputStream:75 - [STDERR_REDIRECT] [Fatal Error] :1:1: Premature end of file.
2025-08-15 10:33:32,519 [ERROR] LogOutputStream:75 - [STDERR_REDIRECT] 
2025-08-15 10:33:33,519 [ERROR] LogOutputStream:75 - [STDERR_REDIRECT] [Fatal Error] :1:1: Premature end of file.
2025-08-15 10:33:33,519 [ERROR] LogOutputStream:75 - [STDERR_REDIRECT] 
2025-08-15 10:33:34,519 [ERROR] LogOutputStream:75 - [STDERR_REDIRECT] [Fatal Error] :1:1: Premature end of file.
2025-08-15 10:33:34,520 [ERROR] LogOutputStream:75 - [STDERR_REDIRECT] 
2025-08-15 10:33:35,519 [ERROR] LogOutputStream:75 - [STDERR_REDIRECT] [Fatal Error] :1:1: Premature end of file.
2025-08-15 10:33:35,519 [ERROR] LogOutputStream:75 - [STDERR_REDIRECT] 
2025-08-15 10:33:36,519 [ERROR] LogOutputStream:75 - [STDERR_REDIRECT] [Fatal Error] :1:1: Premature end of file.
2025-08-15 10:33:36,519 [ERROR] LogOutputStream:75 - [STDERR_REDIRECT] 
2025-08-15 10:33:37,520 [ERROR] LogOutputStream:75 - [STDERR_REDIRECT] [Fatal Error] :1:1: Premature end of file.
2025-08-15 10:33:37,520 [ERROR] LogOutputStream:75 - [STDERR_REDIRECT] 
2025-08-15 10:33:38,526 [ERROR] LogOutputStream:75 - [STDERR_REDIRECT] [Fatal Error] :1:1: Premature end of file.
2025-08-15 10:33:38,526 [ERROR] LogOutputStream:75 - [STDERR_REDIRECT] 
2025-08-15 10:33:39,518 [ERROR] LogOutputStream:75 - [STDERR_REDIRECT] [Fatal Error] :1:1: Premature end of file.
2025-08-15 10:33:39,518 [ERROR] LogOutputStream:75 - [STDERR_REDIRECT] 
2025-08-15 10:33:40,522 [ERROR] LogOutputStream:75 - [STDERR_REDIRECT] [Fatal Error] :1:1: Premature end of file.
2025-08-15 10:33:40,523 [ERROR] LogOutputStream:75 - [STDERR_REDIRECT] 
2025-08-15 10:33:41,519 [ERROR] LogOutputStream:75 - [STDERR_REDIRECT] [Fatal Error] :1:1: Premature end of file.
2025-08-15 10:33:41,519 [ERROR] LogOutputStream:75 - [STDERR_REDIRECT] 
2025-08-15 10:33:42,520 [ERROR] LogOutputStream:75 - [STDERR_REDIRECT] [Fatal Error] :1:1: Premature end of file.
2025-08-15 10:33:42,520 [ERROR] LogOutputStream:75 - [STDERR_REDIRECT] 
2025-08-15 10:33:43,519 [ERROR] LogOutputStream:75 - [STDERR_REDIRECT] [Fatal Error] :1:1: Premature end of file.
2025-08-15 10:33:43,519 [ERROR] LogOutputStream:75 - [STDERR_REDIRECT] 
2025-08-15 10:33:44,521 [ERROR] LogOutputStream:75 - [STDERR_REDIRECT] [Fatal Error] :1:1: Premature end of file.
2025-08-15 10:33:44,521 [ERROR] LogOutputStream:75 - [STDERR_REDIRECT] 
2025-08-15 10:33:45,519 [ERROR] LogOutputStream:75 - [STDERR_REDIRECT] [Fatal Error] :1:1: Premature end of file.
2025-08-15 10:33:45,519 [ERROR] LogOutputStream:75 - [STDERR_REDIRECT] 
2025-08-15 10:33:46,519 [ERROR] LogOutputStream:75 - [STDERR_REDIRECT] [Fatal Error] :1:1: Premature end of file.
2025-08-15 10:33:46,519 [ERROR] LogOutputStream:75 - [STDERR_REDIRECT] 
2025-08-15 10:33:47,519 [ERROR] LogOutputStream:75 - [STDERR_REDIRECT] [Fatal Error] :1:1: Premature end of file.
2025-08-15 10:33:47,519 [ERROR] LogOutputStream:75 - [STDERR_REDIRECT] 
2025-08-15 10:33:48,524 [ERROR] LogOutputStream:75 - [STDERR_REDIRECT] [Fatal Error] :1:1: Premature end of file.
2025-08-15 10:33:48,524 [ERROR] LogOutputStream:75 - [STDERR_REDIRECT] 
2025-08-15 10:33:49,519 [ERROR] LogOutputStream:75 - [STDERR_REDIRECT] [Fatal Error] :1:1: Premature end of file.
2025-08-15 10:33:49,520 [ERROR] LogOutputStream:75 - [STDERR_REDIRECT] 
2025-08-15 10:33:50,519 [ERROR] LogOutputStream:75 - [STDERR_REDIRECT] [Fatal Error] :1:1: Premature end of file.
2025-08-15 10:33:50,519 [ERROR] LogOutputStream:75 - [STDERR_REDIRECT] 
2025-08-15 10:33:51,520 [ERROR] LogOutputStream:75 - [STDERR_REDIRECT] [Fatal Error] :1:1: Premature end of file.
2025-08-15 10:33:51,520 [ERROR] LogOutputStream:75 - [STDERR_REDIRECT] 
2025-08-15 10:33:52,519 [ERROR] LogOutputStream:75 - [STDERR_REDIRECT] [Fatal Error] :1:1: Premature end of file.
2025-08-15 10:33:52,519 [ERROR] LogOutputStream:75 - [STDERR_REDIRECT] 
2025-08-15 10:33:53,517 [ERROR] LogOutputStream:75 - [STDERR_REDIRECT] [Fatal Error] :1:1: Premature end of file.
2025-08-15 10:33:53,518 [ERROR] LogOutputStream:75 - [STDERR_REDIRECT] 
2025-08-15 10:33:54,518 [ERROR] LogOutputStream:75 - [STDERR_REDIRECT] [Fatal Error] :1:1: Premature end of file.
2025-08-15 10:33:54,518 [ERROR] LogOutputStream:75 - [STDERR_REDIRECT] 
2025-08-15 10:33:55,519 [ERROR] LogOutputStream:75 - [STDERR_REDIRECT] [Fatal Error] :1:1: Premature end of file.
2025-08-15 10:33:55,520 [ERROR] LogOutputStream:75 - [STDERR_REDIRECT] 
2025-08-15 10:33:56,519 [ERROR] LogOutputStream:75 - [STDERR_REDIRECT] [Fatal Error] :1:1: Premature end of file.
2025-08-15 10:33:56,519 [ERROR] LogOutputStream:75 - [STDERR_REDIRECT] 
2025-08-15 10:33:57,520 [ERROR] LogOutputStream:75 - [STDERR_REDIRECT] [Fatal Error] :1:1: Premature end of file.
2025-08-15 10:33:57,520 [ERROR] LogOutputStream:75 - [STDERR_REDIRECT] 
2025-08-15 10:33:58,519 [ERROR] LogOutputStream:75 - [STDERR_REDIRECT] [Fatal Error] :1:1: Premature end of file.
2025-08-15 10:33:58,519 [ERROR] LogOutputStream:75 - [STDERR_REDIRECT] 
2025-08-15 10:33:59,519 [ERROR] LogOutputStream:75 - [STDERR_REDIRECT] [Fatal Error] :1:1: Premature end of file.
2025-08-15 10:33:59,519 [ERROR] LogOutputStream:75 - [STDERR_REDIRECT] 
2025-08-15 10:34:00,520 [ERROR] LogOutputStream:75 - [STDERR_REDIRECT] [Fatal Error] :1:1: Premature end of file.
2025-08-15 10:34:00,520 [ERROR] LogOutputStream:75 - [STDERR_REDIRECT] 
2025-08-15 10:34:01,519 [ERROR] LogOutputStream:75 - [STDERR_REDIRECT] [Fatal Error] :1:1: Premature end of file.
2025-08-15 10:34:01,520 [ERROR] LogOutputStream:75 - [STDERR_REDIRECT] 
2025-08-15 10:34:02,520 [ERROR] LogOutputStream:75 - [STDERR_REDIRECT] [Fatal Error] :1:1: Premature end of file.
2025-08-15 10:34:02,521 [ERROR] LogOutputStream:75 - [STDERR_REDIRECT] 
2025-08-15 10:34:03,520 [ERROR] LogOutputStream:75 - [STDERR_REDIRECT] [Fatal Error] :1:1: Premature end of file.
2025-08-15 10:34:03,521 [ERROR] LogOutputStream:75 - [STDERR_REDIRECT] 
2025-08-15 10:34:04,520 [ERROR] LogOutputStream:75 - [STDERR_REDIRECT] [Fatal Error] :1:1: Premature end of file.
2025-08-15 10:34:04,520 [ERROR] LogOutputStream:75 - [STDERR_REDIRECT] 
2025-08-15 10:34:05,521 [ERROR] LogOutputStream:75 - [STDERR_REDIRECT] [Fatal Error] :1:1: Premature end of file.
2025-08-15 10:34:05,521 [ERROR] LogOutputStream:75 - [STDERR_REDIRECT] 
2025-08-15 10:34:06,519 [ERROR] LogOutputStream:75 - [STDERR_REDIRECT] [Fatal Error] :1:1: Premature end of file.
2025-08-15 10:34:06,520 [ERROR] LogOutputStream:75 - [STDERR_REDIRECT] 
2025-08-15 10:34:07,521 [ERROR] LogOutputStream:75 - [STDERR_REDIRECT] [Fatal Error] :1:1: Premature end of file.
2025-08-15 10:34:07,521 [ERROR] LogOutputStream:75 - [STDERR_REDIRECT] 
2025-08-15 10:34:08,519 [ERROR] LogOutputStream:75 - [STDERR_REDIRECT] [Fatal Error] :1:1: Premature end of file.
2025-08-15 10:34:08,519 [ERROR] LogOutputStream:75 - [STDERR_REDIRECT] 
2025-08-15 10:34:09,518 [ERROR] LogOutputStream:75 - [STDERR_REDIRECT] [Fatal Error] :1:1: Premature end of file.
2025-08-15 10:34:09,518 [ERROR] LogOutputStream:75 - [STDERR_REDIRECT] 
2025-08-15 10:34:10,522 [ERROR] LogOutputStream:75 - [STDERR_REDIRECT] [Fatal Error] :1:1: Premature end of file.
2025-08-15 10:34:10,522 [ERROR] LogOutputStream:75 - [STDERR_REDIRECT] 
2025-08-15 10:34:11,519 [ERROR] LogOutputStream:75 - [STDERR_REDIRECT] [Fatal Error] :1:1: Premature end of file.
2025-08-15 10:34:11,519 [ERROR] LogOutputStream:75 - [STDERR_REDIRECT] 
2025-08-15 10:34:12,519 [ERROR] LogOutputStream:75 - [STDERR_REDIRECT] [Fatal Error] :1:1: Premature end of file.
2025-08-15 10:34:12,519 [ERROR] LogOutputStream:75 - [STDERR_REDIRECT] 
2025-08-15 10:34:13,520 [ERROR] LogOutputStream:75 - [STDERR_REDIRECT] [Fatal Error] :1:1: Premature end of file.
2025-08-15 10:34:13,520 [ERROR] LogOutputStream:75 - [STDERR_REDIRECT] 
2025-08-15 10:34:14,522 [ERROR] LogOutputStream:75 - [STDERR_REDIRECT] [Fatal Error] :1:1: Premature end of file.
2025-08-15 10:34:14,522 [ERROR] LogOutputStream:75 - [STDERR_REDIRECT] 
2025-08-15 10:34:15,519 [ERROR] LogOutputStream:75 - [STDERR_REDIRECT] [Fatal Error] :1:1: Premature end of file.
2025-08-15 10:34:15,519 [ERROR] LogOutputStream:75 - [STDERR_REDIRECT] 
2025-08-15 10:34:16,519 [ERROR] LogOutputStream:75 - [STDERR_REDIRECT] [Fatal Error] :1:1: Premature end of file.
2025-08-15 10:34:16,519 [ERROR] LogOutputStream:75 - [STDERR_REDIRECT] 
2025-08-15 10:34:17,518 [ERROR] LogOutputStream:75 - [STDERR_REDIRECT] [Fatal Error] :1:1: Premature end of file.
2025-08-15 10:34:17,518 [ERROR] LogOutputStream:75 - [STDERR_REDIRECT] 
2025-08-15 10:34:18,518 [ERROR] LogOutputStream:75 - [STDERR_REDIRECT] [Fatal Error] :1:1: Premature end of file.
2025-08-15 10:34:18,519 [ERROR] LogOutputStream:75 - [STDERR_REDIRECT] 
2025-08-15 10:34:19,520 [ERROR] LogOutputStream:75 - [STDERR_REDIRECT] [Fatal Error] :1:1: Premature end of file.
2025-08-15 10:34:19,520 [ERROR] LogOutputStream:75 - [STDERR_REDIRECT] 
2025-08-15 10:34:20,521 [ERROR] LogOutputStream:75 - [STDERR_REDIRECT] [Fatal Error] :1:1: Premature end of file.
2025-08-15 10:34:20,521 [ERROR] LogOutputStream:75 - [STDERR_REDIRECT] 
2025-08-15 10:34:21,518 [ERROR] LogOutputStream:75 - [STDERR_REDIRECT] [Fatal Error] :1:1: Premature end of file.
2025-08-15 10:34:21,519 [ERROR] LogOutputStream:75 - [STDERR_REDIRECT] 
2025-08-15 10:34:22,519 [ERROR] LogOutputStream:75 - [STDERR_REDIRECT] [Fatal Error] :1:1: Premature end of file.
2025-08-15 10:34:22,520 [ERROR] LogOutputStream:75 - [STDERR_REDIRECT] 
2025-08-15 10:34:23,521 [ERROR] LogOutputStream:75 - [STDERR_REDIRECT] [Fatal Error] :1:1: Premature end of file.
2025-08-15 10:34:23,521 [ERROR] LogOutputStream:75 - [STDERR_REDIRECT] 
2025-08-15 10:34:24,519 [ERROR] LogOutputStream:75 - [STDERR_REDIRECT] [Fatal Error] :1:1: Premature end of file.
2025-08-15 10:34:24,520 [ERROR] LogOutputStream:75 - [STDERR_REDIRECT] 
2025-08-15 10:34:25,518 [ERROR] LogOutputStream:75 - [STDERR_REDIRECT] [Fatal Error] :1:1: Premature end of file.
2025-08-15 10:34:25,519 [ERROR] LogOutputStream:75 - [STDERR_REDIRECT] 
2025-08-15 10:34:26,521 [ERROR] LogOutputStream:75 - [STDERR_REDIRECT] [Fatal Error] :1:1: Premature end of file.
2025-08-15 10:34:26,521 [ERROR] LogOutputStream:75 - [STDERR_REDIRECT] 
2025-08-15 10:34:27,520 [ERROR] LogOutputStream:75 - [STDERR_REDIRECT] [Fatal Error] :1:1: Premature end of file.
2025-08-15 10:34:27,521 [ERROR] LogOutputStream:75 - [STDERR_REDIRECT] 
2025-08-15 10:34:28,520 [ERROR] LogOutputStream:75 - [STDERR_REDIRECT] [Fatal Error] :1:1: Premature end of file.
2025-08-15 10:34:28,521 [ERROR] LogOutputStream:75 - [STDERR_REDIRECT] 
2025-08-15 10:34:29,520 [ERROR] LogOutputStream:75 - [STDERR_REDIRECT] [Fatal Error] :1:1: Premature end of file.
2025-08-15 10:34:29,520 [ERROR] LogOutputStream:75 - [STDERR_REDIRECT] 
2025-08-15 10:34:30,519 [ERROR] LogOutputStream:75 - [STDERR_REDIRECT] [Fatal Error] :1:1: Premature end of file.
2025-08-15 10:34:30,519 [ERROR] LogOutputStream:75 - [STDERR_REDIRECT] 
2025-08-15 10:34:31,519 [ERROR] LogOutputStream:75 - [STDERR_REDIRECT] [Fatal Error] :1:1: Premature end of file.
2025-08-15 10:34:31,520 [ERROR] LogOutputStream:75 - [STDERR_REDIRECT] 
2025-08-15 11:46:33,161 [ERROR] LogOutputStream:75 - [STDERR_REDIRECT] [Fatal Error] :1:1: Premature end of file.
2025-08-15 11:46:33,162 [ERROR] LogOutputStream:75 - [STDERR_REDIRECT] 
2025-08-15 11:46:33,254 [ERROR] LogOutputStream:75 - [STDERR_REDIRECT] [Fatal Error] :1:1: Premature end of file.
2025-08-15 11:46:33,254 [ERROR] LogOutputStream:75 - [STDERR_REDIRECT] 
2025-08-15 11:46:33,331 [ERROR] LogOutputStream:75 - [STDERR_REDIRECT] [Fatal Error] :1:1: Premature end of file.
2025-08-15 11:46:33,331 [ERROR] LogOutputStream:75 - [STDERR_REDIRECT] 
2025-08-15 11:46:33,393 [ERROR] LogOutputStream:75 - [STDERR_REDIRECT] [Fatal Error] :1:1: Premature end of file.
2025-08-15 11:46:33,394 [ERROR] LogOutputStream:75 - [STDERR_REDIRECT] 
2025-08-15 11:46:33,447 [ERROR] LogOutputStream:75 - [STDERR_REDIRECT] [Fatal Error] :1:1: Premature end of file.
2025-08-15 11:46:33,449 [ERROR] LogOutputStream:75 - [STDERR_REDIRECT] 
2025-08-15 11:46:33,503 [ERROR] LogOutputStream:75 - [STDERR_REDIRECT] [Fatal Error] :1:1: Premature end of file.
2025-08-15 11:46:33,505 [ERROR] LogOutputStream:75 - [STDERR_REDIRECT] 
2025-08-15 11:46:33,557 [ERROR] LogOutputStream:75 - [STDERR_REDIRECT] [Fatal Error] :1:1: Premature end of file.
2025-08-15 11:46:33,558 [ERROR] LogOutputStream:75 - [STDERR_REDIRECT] 
2025-08-15 11:46:33,608 [ERROR] LogOutputStream:75 - [STDERR_REDIRECT] [Fatal Error] :1:1: Premature end of file.
2025-08-15 11:46:33,609 [ERROR] LogOutputStream:75 - [STDERR_REDIRECT] 
2025-08-15 11:46:33,660 [ERROR] LogOutputStream:75 - [STDERR_REDIRECT] [Fatal Error] :1:1: Premature end of file.
2025-08-15 11:46:33,661 [ERROR] LogOutputStream:75 - [STDERR_REDIRECT] 
2025-08-15 11:46:33,712 [ERROR] LogOutputStream:75 - [STDERR_REDIRECT] [Fatal Error] :1:1: Premature end of file.
2025-08-15 11:46:33,713 [ERROR] LogOutputStream:75 - [STDERR_REDIRECT] 
2025-08-15 11:46:33,763 [ERROR] LogOutputStream:75 - [STDERR_REDIRECT] [Fatal Error] :1:1: Premature end of file.
2025-08-15 11:46:33,764 [ERROR] LogOutputStream:75 - [STDERR_REDIRECT] 
2025-08-15 11:46:33,817 [ERROR] LogOutputStream:75 - [STDERR_REDIRECT] [Fatal Error] :1:1: Premature end of file.
2025-08-15 11:46:33,817 [ERROR] LogOutputStream:75 - [STDERR_REDIRECT] 
2025-08-15 11:46:33,866 [ERROR] LogOutputStream:75 - [STDERR_REDIRECT] [Fatal Error] :1:1: Premature end of file.
2025-08-15 11:46:33,867 [ERROR] LogOutputStream:75 - [STDERR_REDIRECT] 
2025-08-15 11:46:33,917 [ERROR] LogOutputStream:75 - [STDERR_REDIRECT] [Fatal Error] :1:1: Premature end of file.
2025-08-15 11:46:33,917 [ERROR] LogOutputStream:75 - [STDERR_REDIRECT] 
2025-08-15 11:46:33,966 [ERROR] LogOutputStream:75 - [STDERR_REDIRECT] [Fatal Error] :1:1: Premature end of file.
2025-08-15 11:46:33,968 [ERROR] LogOutputStream:75 - [STDERR_REDIRECT] 
2025-08-15 11:46:34,018 [ERROR] LogOutputStream:75 - [STDERR_REDIRECT] [Fatal Error] :1:1: Premature end of file.
2025-08-15 11:46:34,019 [ERROR] LogOutputStream:75 - [STDERR_REDIRECT] 
2025-08-15 11:46:34,067 [ERROR] LogOutputStream:75 - [STDERR_REDIRECT] [Fatal Error] :1:1: Premature end of file.
2025-08-15 11:46:34,067 [ERROR] LogOutputStream:75 - [STDERR_REDIRECT] 
2025-08-15 11:46:34,125 [ERROR] LogOutputStream:75 - [STDERR_REDIRECT] [Fatal Error] :1:1: Premature end of file.
2025-08-15 11:46:34,125 [ERROR] LogOutputStream:75 - [STDERR_REDIRECT] 
2025-08-15 11:46:34,188 [ERROR] LogOutputStream:75 - [STDERR_REDIRECT] [Fatal Error] :1:1: Premature end of file.
2025-08-15 11:46:34,189 [ERROR] LogOutputStream:75 - [STDERR_REDIRECT] 
2025-08-15 11:46:34,257 [ERROR] LogOutputStream:75 - [STDERR_REDIRECT] [Fatal Error] :1:1: Premature end of file.
2025-08-15 11:46:34,257 [ERROR] LogOutputStream:75 - [STDERR_REDIRECT] 
2025-08-15 11:46:34,309 [ERROR] LogOutputStream:75 - [STDERR_REDIRECT] [Fatal Error] :1:1: Premature end of file.
2025-08-15 11:46:34,310 [ERROR] LogOutputStream:75 - [STDERR_REDIRECT] 
2025-08-15 11:46:34,362 [ERROR] LogOutputStream:75 - [STDERR_REDIRECT] [Fatal Error] :1:1: Premature end of file.
2025-08-15 11:46:34,362 [ERROR] LogOutputStream:75 - [STDERR_REDIRECT] 
2025-08-15 11:46:34,418 [ERROR] LogOutputStream:75 - [STDERR_REDIRECT] [Fatal Error] :1:1: Premature end of file.
2025-08-15 11:46:34,418 [ERROR] LogOutputStream:75 - [STDERR_REDIRECT] 
2025-08-15 11:46:34,491 [ERROR] LogOutputStream:75 - [STDERR_REDIRECT] [Fatal Error] :1:1: Premature end of file.
2025-08-15 11:46:34,492 [ERROR] LogOutputStream:75 - [STDERR_REDIRECT] 
2025-08-15 11:46:34,550 [ERROR] LogOutputStream:75 - [STDERR_REDIRECT] [Fatal Error] :1:1: Premature end of file.
2025-08-15 11:46:34,551 [ERROR] LogOutputStream:75 - [STDERR_REDIRECT] 
2025-08-15 11:46:34,603 [ERROR] LogOutputStream:75 - [STDERR_REDIRECT] [Fatal Error] :1:1: Premature end of file.
2025-08-15 11:46:34,603 [ERROR] LogOutputStream:75 - [STDERR_REDIRECT] 
2025-08-15 11:46:34,655 [ERROR] LogOutputStream:75 - [STDERR_REDIRECT] [Fatal Error] :1:1: Premature end of file.
2025-08-15 11:46:34,655 [ERROR] LogOutputStream:75 - [STDERR_REDIRECT] 
2025-08-15 11:46:34,706 [ERROR] LogOutputStream:75 - [STDERR_REDIRECT] [Fatal Error] :1:1: Premature end of file.
2025-08-15 11:46:34,706 [ERROR] LogOutputStream:75 - [STDERR_REDIRECT] 
2025-08-15 11:46:34,755 [ERROR] LogOutputStream:75 - [STDERR_REDIRECT] [Fatal Error] :1:1: Premature end of file.
2025-08-15 11:46:34,755 [ERROR] LogOutputStream:75 - [STDERR_REDIRECT] 
2025-08-15 11:46:34,803 [ERROR] LogOutputStream:75 - [STDERR_REDIRECT] [Fatal Error] :1:1: Premature end of file.
2025-08-15 11:46:34,803 [ERROR] LogOutputStream:75 - [STDERR_REDIRECT] 
2025-08-15 11:46:34,849 [ERROR] LogOutputStream:75 - [STDERR_REDIRECT] [Fatal Error] :1:1: Premature end of file.
2025-08-15 11:46:34,849 [ERROR] LogOutputStream:75 - [STDERR_REDIRECT] 
2025-08-15 11:46:34,909 [ERROR] LogOutputStream:75 - [STDERR_REDIRECT] [Fatal Error] :1:1: Premature end of file.
2025-08-15 11:46:34,910 [ERROR] LogOutputStream:75 - [STDERR_REDIRECT] 
2025-08-15 11:46:34,970 [ERROR] LogOutputStream:75 - [STDERR_REDIRECT] [Fatal Error] :1:1: Premature end of file.
2025-08-15 11:46:34,970 [ERROR] LogOutputStream:75 - [STDERR_REDIRECT] 
2025-08-15 11:46:35,015 [ERROR] LogOutputStream:75 - [STDERR_REDIRECT] [Fatal Error] :1:1: Premature end of file.
2025-08-15 11:46:35,015 [ERROR] LogOutputStream:75 - [STDERR_REDIRECT] 
2025-08-15 11:46:35,059 [ERROR] LogOutputStream:75 - [STDERR_REDIRECT] [Fatal Error] :1:1: Premature end of file.
2025-08-15 11:46:35,059 [ERROR] LogOutputStream:75 - [STDERR_REDIRECT] 
2025-08-15 11:46:35,101 [ERROR] LogOutputStream:75 - [STDERR_REDIRECT] [Fatal Error] :1:1: Premature end of file.
2025-08-15 11:46:35,102 [ERROR] LogOutputStream:75 - [STDERR_REDIRECT] 
2025-08-15 11:46:35,146 [ERROR] LogOutputStream:75 - [STDERR_REDIRECT] [Fatal Error] :1:1: Premature end of file.
2025-08-15 11:46:35,146 [ERROR] LogOutputStream:75 - [STDERR_REDIRECT] 
2025-08-15 11:46:35,190 [ERROR] LogOutputStream:75 - [STDERR_REDIRECT] [Fatal Error] :1:1: Premature end of file.
2025-08-15 11:46:35,190 [ERROR] LogOutputStream:75 - [STDERR_REDIRECT] 
2025-08-15 11:46:35,232 [ERROR] LogOutputStream:75 - [STDERR_REDIRECT] [Fatal Error] :1:1: Premature end of file.
2025-08-15 11:46:35,233 [ERROR] LogOutputStream:75 - [STDERR_REDIRECT] 
2025-08-15 11:46:35,278 [ERROR] LogOutputStream:75 - [STDERR_REDIRECT] [Fatal Error] :1:1: Premature end of file.
2025-08-15 11:46:35,279 [ERROR] LogOutputStream:75 - [STDERR_REDIRECT] 
2025-08-15 11:46:35,323 [ERROR] LogOutputStream:75 - [STDERR_REDIRECT] [Fatal Error] :1:1: Premature end of file.
2025-08-15 11:46:35,324 [ERROR] LogOutputStream:75 - [STDERR_REDIRECT] 
2025-08-15 11:46:35,361 [ERROR] LogOutputStream:75 - [STDERR_REDIRECT] [Fatal Error] :1:1: Premature end of file.
2025-08-15 11:46:35,361 [ERROR] LogOutputStream:75 - [STDERR_REDIRECT] 
2025-08-15 11:46:35,403 [ERROR] LogOutputStream:75 - [STDERR_REDIRECT] [Fatal Error] :1:1: Premature end of file.
2025-08-15 11:46:35,404 [ERROR] LogOutputStream:75 - [STDERR_REDIRECT] 
2025-08-15 11:46:35,444 [ERROR] LogOutputStream:75 - [STDERR_REDIRECT] [Fatal Error] :1:1: Premature end of file.
2025-08-15 11:46:35,445 [ERROR] LogOutputStream:75 - [STDERR_REDIRECT] 
2025-08-15 11:46:35,487 [ERROR] LogOutputStream:75 - [STDERR_REDIRECT] [Fatal Error] :1:1: Premature end of file.
2025-08-15 11:46:35,487 [ERROR] LogOutputStream:75 - [STDERR_REDIRECT] 
2025-08-15 11:46:35,526 [ERROR] LogOutputStream:75 - [STDERR_REDIRECT] [Fatal Error] :1:1: Premature end of file.
2025-08-15 11:46:35,526 [ERROR] LogOutputStream:75 - [STDERR_REDIRECT] 
2025-08-15 11:46:35,566 [ERROR] LogOutputStream:75 - [STDERR_REDIRECT] [Fatal Error] :1:1: Premature end of file.
2025-08-15 11:46:35,566 [ERROR] LogOutputStream:75 - [STDERR_REDIRECT] 
2025-08-15 11:46:35,610 [ERROR] LogOutputStream:75 - [STDERR_REDIRECT] [Fatal Error] :1:1: Premature end of file.
2025-08-15 11:46:35,610 [ERROR] LogOutputStream:75 - [STDERR_REDIRECT] 
2025-08-15 11:46:35,649 [ERROR] LogOutputStream:75 - [STDERR_REDIRECT] [Fatal Error] :1:1: Premature end of file.
2025-08-15 11:46:35,649 [ERROR] LogOutputStream:75 - [STDERR_REDIRECT] 
2025-08-15 11:46:35,689 [ERROR] LogOutputStream:75 - [STDERR_REDIRECT] [Fatal Error] :1:1: Premature end of file.
2025-08-15 11:46:35,689 [ERROR] LogOutputStream:75 - [STDERR_REDIRECT] 
2025-08-15 11:46:35,731 [ERROR] LogOutputStream:75 - [STDERR_REDIRECT] [Fatal Error] :1:1: Premature end of file.
2025-08-15 11:46:35,731 [ERROR] LogOutputStream:75 - [STDERR_REDIRECT] 
2025-08-15 11:46:35,771 [ERROR] LogOutputStream:75 - [STDERR_REDIRECT] [Fatal Error] :1:1: Premature end of file.
2025-08-15 11:46:35,772 [ERROR] LogOutputStream:75 - [STDERR_REDIRECT] 
2025-08-15 11:46:35,812 [ERROR] LogOutputStream:75 - [STDERR_REDIRECT] [Fatal Error] :1:1: Premature end of file.
2025-08-15 11:46:35,812 [ERROR] LogOutputStream:75 - [STDERR_REDIRECT] 
2025-08-15 11:46:35,851 [ERROR] LogOutputStream:75 - [STDERR_REDIRECT] [Fatal Error] :1:1: Premature end of file.
2025-08-15 11:46:35,851 [ERROR] LogOutputStream:75 - [STDERR_REDIRECT] 
2025-08-15 11:46:35,892 [ERROR] LogOutputStream:75 - [STDERR_REDIRECT] [Fatal Error] :1:1: Premature end of file.
2025-08-15 11:46:35,892 [ERROR] LogOutputStream:75 - [STDERR_REDIRECT] 
2025-08-15 11:46:35,930 [ERROR] LogOutputStream:75 - [STDERR_REDIRECT] [Fatal Error] :1:1: Premature end of file.
2025-08-15 11:46:35,930 [ERROR] LogOutputStream:75 - [STDERR_REDIRECT] 
2025-08-15 11:46:35,967 [ERROR] LogOutputStream:75 - [STDERR_REDIRECT] [Fatal Error] :1:1: Premature end of file.
2025-08-15 11:46:35,967 [ERROR] LogOutputStream:75 - [STDERR_REDIRECT] 
2025-08-15 11:46:36,003 [ERROR] LogOutputStream:75 - [STDERR_REDIRECT] [Fatal Error] :1:1: Premature end of file.
2025-08-15 11:46:36,003 [ERROR] LogOutputStream:75 - [STDERR_REDIRECT] 
2025-08-15 13:34:33,241 [ERROR] LogOutputStream:75 - [STDERR_REDIRECT] [Fatal Error] :1:1: Premature end of file.
2025-08-15 13:34:33,242 [ERROR] LogOutputStream:75 - [STDERR_REDIRECT] 
2025-08-15 13:34:35,244 [ERROR] LogOutputStream:75 - [STDERR_REDIRECT] [Fatal Error] :1:1: Premature end of file.
2025-08-15 13:34:35,244 [ERROR] LogOutputStream:75 - [STDERR_REDIRECT] 
2025-08-15 13:34:35,369 [ERROR] LogOutputStream:75 - [STDERR_REDIRECT] [Fatal Error] :1:1: Premature end of file.
2025-08-15 13:34:35,369 [ERROR] LogOutputStream:75 - [STDERR_REDIRECT] 
2025-08-15 13:34:35,449 [ERROR] LogOutputStream:75 - [STDERR_REDIRECT] [Fatal Error] :1:1: Premature end of file.
2025-08-15 13:34:35,450 [ERROR] LogOutputStream:75 - [STDERR_REDIRECT] 
2025-08-15 13:34:35,494 [ERROR] LogOutputStream:75 - [STDERR_REDIRECT] [Fatal Error] :1:1: Premature end of file.
2025-08-15 13:34:35,494 [ERROR] LogOutputStream:75 - [STDERR_REDIRECT] 
2025-08-15 13:34:35,536 [ERROR] LogOutputStream:75 - [STDERR_REDIRECT] [Fatal Error] :1:1: Premature end of file.
2025-08-15 13:34:35,536 [ERROR] LogOutputStream:75 - [STDERR_REDIRECT] 
2025-08-15 13:34:35,575 [ERROR] LogOutputStream:75 - [STDERR_REDIRECT] [Fatal Error] :1:1: Premature end of file.
2025-08-15 13:34:35,575 [ERROR] LogOutputStream:75 - [STDERR_REDIRECT] 
2025-08-15 13:34:35,609 [ERROR] LogOutputStream:75 - [STDERR_REDIRECT] [Fatal Error] :1:1: Premature end of file.
2025-08-15 13:34:35,609 [ERROR] LogOutputStream:75 - [STDERR_REDIRECT] 
2025-08-15 13:34:35,643 [ERROR] LogOutputStream:75 - [STDERR_REDIRECT] [Fatal Error] :1:1: Premature end of file.
2025-08-15 13:34:35,643 [ERROR] LogOutputStream:75 - [STDERR_REDIRECT] 
2025-08-15 13:34:35,676 [ERROR] LogOutputStream:75 - [STDERR_REDIRECT] [Fatal Error] :1:1: Premature end of file.
2025-08-15 13:34:35,676 [ERROR] LogOutputStream:75 - [STDERR_REDIRECT] 
2025-08-15 13:34:35,713 [ERROR] LogOutputStream:75 - [STDERR_REDIRECT] [Fatal Error] :1:1: Premature end of file.
2025-08-15 13:34:35,714 [ERROR] LogOutputStream:75 - [STDERR_REDIRECT] 
2025-08-15 13:34:35,750 [ERROR] LogOutputStream:75 - [STDERR_REDIRECT] [Fatal Error] :1:1: Premature end of file.
2025-08-15 13:34:35,750 [ERROR] LogOutputStream:75 - [STDERR_REDIRECT] 
2025-08-15 13:34:35,796 [ERROR] LogOutputStream:75 - [STDERR_REDIRECT] [Fatal Error] :1:1: Premature end of file.
2025-08-15 13:34:35,796 [ERROR] LogOutputStream:75 - [STDERR_REDIRECT] 
2025-08-15 13:34:35,853 [ERROR] LogOutputStream:75 - [STDERR_REDIRECT] [Fatal Error] :1:1: Premature end of file.
2025-08-15 13:34:35,854 [ERROR] LogOutputStream:75 - [STDERR_REDIRECT] 
2025-08-15 13:34:35,911 [ERROR] LogOutputStream:75 - [STDERR_REDIRECT] [Fatal Error] :1:1: Premature end of file.
2025-08-15 13:34:35,912 [ERROR] LogOutputStream:75 - [STDERR_REDIRECT] 
2025-08-15 13:34:35,970 [ERROR] LogOutputStream:75 - [STDERR_REDIRECT] [Fatal Error] :1:1: Premature end of file.
2025-08-15 13:34:35,971 [ERROR] LogOutputStream:75 - [STDERR_REDIRECT] 
2025-08-15 13:34:36,024 [ERROR] LogOutputStream:75 - [STDERR_REDIRECT] [Fatal Error] :1:1: Premature end of file.
2025-08-15 13:34:36,025 [ERROR] LogOutputStream:75 - [STDERR_REDIRECT] 
2025-08-15 13:34:36,074 [ERROR] LogOutputStream:75 - [STDERR_REDIRECT] [Fatal Error] :1:1: Premature end of file.
2025-08-15 13:34:36,076 [ERROR] LogOutputStream:75 - [STDERR_REDIRECT] 
2025-08-15 13:34:36,125 [ERROR] LogOutputStream:75 - [STDERR_REDIRECT] [Fatal Error] :1:1: Premature end of file.
2025-08-15 13:34:36,126 [ERROR] LogOutputStream:75 - [STDERR_REDIRECT] 
2025-08-15 13:34:36,178 [ERROR] LogOutputStream:75 - [STDERR_REDIRECT] [Fatal Error] :1:1: Premature end of file.
2025-08-15 13:34:36,178 [ERROR] LogOutputStream:75 - [STDERR_REDIRECT] 
2025-08-15 13:34:36,227 [ERROR] LogOutputStream:75 - [STDERR_REDIRECT] [Fatal Error] :1:1: Premature end of file.
2025-08-15 13:34:36,228 [ERROR] LogOutputStream:75 - [STDERR_REDIRECT] 
2025-08-15 13:34:36,276 [ERROR] LogOutputStream:75 - [STDERR_REDIRECT] [Fatal Error] :1:1: Premature end of file.
2025-08-15 13:34:36,276 [ERROR] LogOutputStream:75 - [STDERR_REDIRECT] 
2025-08-15 13:34:36,321 [ERROR] LogOutputStream:75 - [STDERR_REDIRECT] [Fatal Error] :1:1: Premature end of file.
2025-08-15 13:34:36,321 [ERROR] LogOutputStream:75 - [STDERR_REDIRECT] 
2025-08-15 13:34:36,363 [ERROR] LogOutputStream:75 - [STDERR_REDIRECT] [Fatal Error] :1:1: Premature end of file.
2025-08-15 13:34:36,364 [ERROR] LogOutputStream:75 - [STDERR_REDIRECT] 
2025-08-15 13:34:36,401 [ERROR] LogOutputStream:75 - [STDERR_REDIRECT] [Fatal Error] :1:1: Premature end of file.
2025-08-15 13:34:36,401 [ERROR] LogOutputStream:75 - [STDERR_REDIRECT] 
2025-08-15 13:34:36,439 [ERROR] LogOutputStream:75 - [STDERR_REDIRECT] [Fatal Error] :1:1: Premature end of file.
2025-08-15 13:34:36,439 [ERROR] LogOutputStream:75 - [STDERR_REDIRECT] 
2025-08-15 13:34:36,478 [ERROR] LogOutputStream:75 - [STDERR_REDIRECT] [Fatal Error] :1:1: Premature end of file.
2025-08-15 13:34:36,478 [ERROR] LogOutputStream:75 - [STDERR_REDIRECT] 
2025-08-15 13:34:36,518 [ERROR] LogOutputStream:75 - [STDERR_REDIRECT] [Fatal Error] :1:1: Premature end of file.
2025-08-15 13:34:36,518 [ERROR] LogOutputStream:75 - [STDERR_REDIRECT] 
2025-08-15 13:34:36,563 [ERROR] LogOutputStream:75 - [STDERR_REDIRECT] [Fatal Error] :1:1: Premature end of file.
2025-08-15 13:34:36,563 [ERROR] LogOutputStream:75 - [STDERR_REDIRECT] 
2025-08-15 13:34:36,613 [ERROR] LogOutputStream:75 - [STDERR_REDIRECT] [Fatal Error] :1:1: Premature end of file.
2025-08-15 13:34:36,614 [ERROR] LogOutputStream:75 - [STDERR_REDIRECT] 
2025-08-15 13:34:36,657 [ERROR] LogOutputStream:75 - [STDERR_REDIRECT] [Fatal Error] :1:1: Premature end of file.
2025-08-15 13:34:36,657 [ERROR] LogOutputStream:75 - [STDERR_REDIRECT] 
2025-08-15 13:34:36,694 [ERROR] LogOutputStream:75 - [STDERR_REDIRECT] [Fatal Error] :1:1: Premature end of file.
2025-08-15 13:34:36,694 [ERROR] LogOutputStream:75 - [STDERR_REDIRECT] 
2025-08-15 13:34:36,732 [ERROR] LogOutputStream:75 - [STDERR_REDIRECT] [Fatal Error] :1:1: Premature end of file.
2025-08-15 13:34:36,732 [ERROR] LogOutputStream:75 - [STDERR_REDIRECT] 
2025-08-15 13:34:36,768 [ERROR] LogOutputStream:75 - [STDERR_REDIRECT] [Fatal Error] :1:1: Premature end of file.
2025-08-15 13:34:36,768 [ERROR] LogOutputStream:75 - [STDERR_REDIRECT] 
2025-08-15 13:34:36,806 [ERROR] LogOutputStream:75 - [STDERR_REDIRECT] [Fatal Error] :1:1: Premature end of file.
2025-08-15 13:34:36,806 [ERROR] LogOutputStream:75 - [STDERR_REDIRECT] 
2025-08-15 13:34:36,850 [ERROR] LogOutputStream:75 - [STDERR_REDIRECT] [Fatal Error] :1:1: Premature end of file.
2025-08-15 13:34:36,850 [ERROR] LogOutputStream:75 - [STDERR_REDIRECT] 
2025-08-15 13:34:36,894 [ERROR] LogOutputStream:75 - [STDERR_REDIRECT] [Fatal Error] :1:1: Premature end of file.
2025-08-15 13:34:36,895 [ERROR] LogOutputStream:75 - [STDERR_REDIRECT] 
2025-08-15 13:34:36,935 [ERROR] LogOutputStream:75 - [STDERR_REDIRECT] [Fatal Error] :1:1: Premature end of file.
2025-08-15 13:34:36,935 [ERROR] LogOutputStream:75 - [STDERR_REDIRECT] 
2025-08-15 13:34:36,973 [ERROR] LogOutputStream:75 - [STDERR_REDIRECT] [Fatal Error] :1:1: Premature end of file.
2025-08-15 13:34:36,973 [ERROR] LogOutputStream:75 - [STDERR_REDIRECT] 
2025-08-15 13:34:37,009 [ERROR] LogOutputStream:75 - [STDERR_REDIRECT] [Fatal Error] :1:1: Premature end of file.
2025-08-15 13:34:37,009 [ERROR] LogOutputStream:75 - [STDERR_REDIRECT] 
2025-08-15 13:34:37,046 [ERROR] LogOutputStream:75 - [STDERR_REDIRECT] [Fatal Error] :1:1: Premature end of file.
2025-08-15 13:34:37,046 [ERROR] LogOutputStream:75 - [STDERR_REDIRECT] 
2025-08-15 13:34:37,082 [ERROR] LogOutputStream:75 - [STDERR_REDIRECT] [Fatal Error] :1:1: Premature end of file.
2025-08-15 13:34:37,082 [ERROR] LogOutputStream:75 - [STDERR_REDIRECT] 
2025-08-15 13:34:37,121 [ERROR] LogOutputStream:75 - [STDERR_REDIRECT] [Fatal Error] :1:1: Premature end of file.
2025-08-15 13:34:37,121 [ERROR] LogOutputStream:75 - [STDERR_REDIRECT] 
2025-08-15 13:34:37,156 [ERROR] LogOutputStream:75 - [STDERR_REDIRECT] [Fatal Error] :1:1: Premature end of file.
2025-08-15 13:34:37,157 [ERROR] LogOutputStream:75 - [STDERR_REDIRECT] 
2025-08-15 13:34:37,192 [ERROR] LogOutputStream:75 - [STDERR_REDIRECT] [Fatal Error] :1:1: Premature end of file.
2025-08-15 13:34:37,192 [ERROR] LogOutputStream:75 - [STDERR_REDIRECT] 
2025-08-15 13:34:37,228 [ERROR] LogOutputStream:75 - [STDERR_REDIRECT] [Fatal Error] :1:1: Premature end of file.
2025-08-15 13:34:37,228 [ERROR] LogOutputStream:75 - [STDERR_REDIRECT] 
2025-08-15 13:34:37,266 [ERROR] LogOutputStream:75 - [STDERR_REDIRECT] [Fatal Error] :1:1: Premature end of file.
2025-08-15 13:34:37,266 [ERROR] LogOutputStream:75 - [STDERR_REDIRECT] 
2025-08-15 13:34:37,304 [ERROR] LogOutputStream:75 - [STDERR_REDIRECT] [Fatal Error] :1:1: Premature end of file.
2025-08-15 13:34:37,304 [ERROR] LogOutputStream:75 - [STDERR_REDIRECT] 
2025-08-15 13:34:37,337 [ERROR] LogOutputStream:75 - [STDERR_REDIRECT] [Fatal Error] :1:1: Premature end of file.
2025-08-15 13:34:37,337 [ERROR] LogOutputStream:75 - [STDERR_REDIRECT] 
2025-08-15 13:34:37,406 [ERROR] LogOutputStream:75 - [STDERR_REDIRECT] [Fatal Error] :1:1: Premature end of file.
2025-08-15 13:34:37,406 [ERROR] LogOutputStream:75 - [STDERR_REDIRECT] 
2025-08-15 13:34:37,454 [ERROR] LogOutputStream:75 - [STDERR_REDIRECT] [Fatal Error] :1:1: Premature end of file.
2025-08-15 13:34:37,454 [ERROR] LogOutputStream:75 - [STDERR_REDIRECT] 
2025-08-15 13:34:37,490 [ERROR] LogOutputStream:75 - [STDERR_REDIRECT] [Fatal Error] :1:1: Premature end of file.
2025-08-15 13:34:37,490 [ERROR] LogOutputStream:75 - [STDERR_REDIRECT] 
2025-08-15 13:34:37,523 [ERROR] LogOutputStream:75 - [STDERR_REDIRECT] [Fatal Error] :1:1: Premature end of file.
2025-08-15 13:34:37,523 [ERROR] LogOutputStream:75 - [STDERR_REDIRECT] 
2025-08-15 13:34:37,555 [ERROR] LogOutputStream:75 - [STDERR_REDIRECT] [Fatal Error] :1:1: Premature end of file.
2025-08-15 13:34:37,555 [ERROR] LogOutputStream:75 - [STDERR_REDIRECT] 
2025-08-15 13:34:37,588 [ERROR] LogOutputStream:75 - [STDERR_REDIRECT] [Fatal Error] :1:1: Premature end of file.
2025-08-15 13:34:37,588 [ERROR] LogOutputStream:75 - [STDERR_REDIRECT] 
2025-08-15 13:34:37,622 [ERROR] LogOutputStream:75 - [STDERR_REDIRECT] [Fatal Error] :1:1: Premature end of file.
2025-08-15 13:34:37,622 [ERROR] LogOutputStream:75 - [STDERR_REDIRECT] 
2025-08-15 13:34:37,654 [ERROR] LogOutputStream:75 - [STDERR_REDIRECT] [Fatal Error] :1:1: Premature end of file.
2025-08-15 13:34:37,654 [ERROR] LogOutputStream:75 - [STDERR_REDIRECT] 
2025-08-15 13:34:37,685 [ERROR] LogOutputStream:75 - [STDERR_REDIRECT] [Fatal Error] :1:1: Premature end of file.
2025-08-15 13:34:37,686 [ERROR] LogOutputStream:75 - [STDERR_REDIRECT] 
2025-08-15 13:34:37,715 [ERROR] LogOutputStream:75 - [STDERR_REDIRECT] [Fatal Error] :1:1: Premature end of file.
2025-08-15 13:34:37,715 [ERROR] LogOutputStream:75 - [STDERR_REDIRECT] 
2025-08-15 13:34:37,747 [ERROR] LogOutputStream:75 - [STDERR_REDIRECT] [Fatal Error] :1:1: Premature end of file.
2025-08-15 13:34:37,747 [ERROR] LogOutputStream:75 - [STDERR_REDIRECT] 
2025-08-15 13:34:37,777 [ERROR] LogOutputStream:75 - [STDERR_REDIRECT] [Fatal Error] :1:1: Premature end of file.
2025-08-15 13:34:37,777 [ERROR] LogOutputStream:75 - [STDERR_REDIRECT] 
2025-08-15 13:34:37,806 [ERROR] LogOutputStream:75 - [STDERR_REDIRECT] [Fatal Error] :1:1: Premature end of file.
2025-08-15 13:34:37,806 [ERROR] LogOutputStream:75 - [STDERR_REDIRECT] 
2025-08-15 13:34:37,835 [ERROR] LogOutputStream:75 - [STDERR_REDIRECT] [Fatal Error] :1:1: Premature end of file.
2025-08-15 13:34:37,835 [ERROR] LogOutputStream:75 - [STDERR_REDIRECT] 
2025-08-15 13:34:37,869 [ERROR] LogOutputStream:75 - [STDERR_REDIRECT] [Fatal Error] :1:1: Premature end of file.
2025-08-15 13:34:37,869 [ERROR] LogOutputStream:75 - [STDERR_REDIRECT] 
2025-08-15 13:34:37,899 [ERROR] LogOutputStream:75 - [STDERR_REDIRECT] [Fatal Error] :1:1: Premature end of file.
2025-08-15 13:34:37,899 [ERROR] LogOutputStream:75 - [STDERR_REDIRECT] 
2025-08-15 13:34:37,927 [ERROR] LogOutputStream:75 - [STDERR_REDIRECT] [Fatal Error] :1:1: Premature end of file.
2025-08-15 13:34:37,928 [ERROR] LogOutputStream:75 - [STDERR_REDIRECT] 
2025-08-15 13:34:37,956 [ERROR] LogOutputStream:75 - [STDERR_REDIRECT] [Fatal Error] :1:1: Premature end of file.
2025-08-15 13:34:37,956 [ERROR] LogOutputStream:75 - [STDERR_REDIRECT] 
2025-08-15 13:34:37,985 [ERROR] LogOutputStream:75 - [STDERR_REDIRECT] [Fatal Error] :1:1: Premature end of file.
2025-08-15 13:34:37,986 [ERROR] LogOutputStream:75 - [STDERR_REDIRECT] 
2025-08-15 13:34:38,015 [ERROR] LogOutputStream:75 - [STDERR_REDIRECT] [Fatal Error] :1:1: Premature end of file.
2025-08-15 13:34:38,015 [ERROR] LogOutputStream:75 - [STDERR_REDIRECT] 
2025-08-15 13:34:38,043 [ERROR] LogOutputStream:75 - [STDERR_REDIRECT] [Fatal Error] :1:1: Premature end of file.
2025-08-15 13:34:38,044 [ERROR] LogOutputStream:75 - [STDERR_REDIRECT] 
2025-08-15 13:34:38,073 [ERROR] LogOutputStream:75 - [STDERR_REDIRECT] [Fatal Error] :1:1: Premature end of file.
2025-08-15 13:34:38,073 [ERROR] LogOutputStream:75 - [STDERR_REDIRECT] 
2025-08-15 13:34:38,102 [ERROR] LogOutputStream:75 - [STDERR_REDIRECT] [Fatal Error] :1:1: Premature end of file.
2025-08-15 13:34:38,102 [ERROR] LogOutputStream:75 - [STDERR_REDIRECT] 
2025-08-15 13:34:38,131 [ERROR] LogOutputStream:75 - [STDERR_REDIRECT] [Fatal Error] :1:1: Premature end of file.
2025-08-15 13:34:38,131 [ERROR] LogOutputStream:75 - [STDERR_REDIRECT] 
2025-08-15 13:34:38,160 [ERROR] LogOutputStream:75 - [STDERR_REDIRECT] [Fatal Error] :1:1: Premature end of file.
2025-08-15 13:34:38,160 [ERROR] LogOutputStream:75 - [STDERR_REDIRECT] 
2025-08-15 13:34:38,189 [ERROR] LogOutputStream:75 - [STDERR_REDIRECT] [Fatal Error] :1:1: Premature end of file.
2025-08-15 13:34:38,189 [ERROR] LogOutputStream:75 - [STDERR_REDIRECT] 
2025-08-15 13:34:38,372 [ERROR] LogOutputStream:75 - [STDERR_REDIRECT] [Fatal Error] :1:1: Premature end of file.
2025-08-15 13:34:38,372 [ERROR] LogOutputStream:75 - [STDERR_REDIRECT] 
2025-08-15 13:34:38,401 [ERROR] LogOutputStream:75 - [STDERR_REDIRECT] [Fatal Error] :1:1: Premature end of file.
2025-08-15 13:34:38,401 [ERROR] LogOutputStream:75 - [STDERR_REDIRECT] 
2025-08-15 13:34:38,431 [ERROR] LogOutputStream:75 - [STDERR_REDIRECT] [Fatal Error] :1:1: Premature end of file.
2025-08-15 13:34:38,431 [ERROR] LogOutputStream:75 - [STDERR_REDIRECT] 
2025-08-15 13:34:38,460 [ERROR] LogOutputStream:75 - [STDERR_REDIRECT] [Fatal Error] :1:1: Premature end of file.
2025-08-15 13:34:38,460 [ERROR] LogOutputStream:75 - [STDERR_REDIRECT] 
2025-08-15 13:34:38,489 [ERROR] LogOutputStream:75 - [STDERR_REDIRECT] [Fatal Error] :1:1: Premature end of file.
2025-08-15 13:34:38,489 [ERROR] LogOutputStream:75 - [STDERR_REDIRECT] 
2025-08-15 13:34:38,517 [ERROR] LogOutputStream:75 - [STDERR_REDIRECT] [Fatal Error] :1:1: Premature end of file.
2025-08-15 13:34:38,517 [ERROR] LogOutputStream:75 - [STDERR_REDIRECT] 
2025-08-15 13:34:38,547 [ERROR] LogOutputStream:75 - [STDERR_REDIRECT] [Fatal Error] :1:1: Premature end of file.
2025-08-15 13:34:38,547 [ERROR] LogOutputStream:75 - [STDERR_REDIRECT] 
2025-08-15 13:34:38,579 [ERROR] LogOutputStream:75 - [STDERR_REDIRECT] [Fatal Error] :1:1: Premature end of file.
2025-08-15 13:34:38,579 [ERROR] LogOutputStream:75 - [STDERR_REDIRECT] 
2025-08-15 13:34:38,607 [ERROR] LogOutputStream:75 - [STDERR_REDIRECT] [Fatal Error] :1:1: Premature end of file.
2025-08-15 13:34:38,607 [ERROR] LogOutputStream:75 - [STDERR_REDIRECT] 
2025-08-15 13:34:38,636 [ERROR] LogOutputStream:75 - [STDERR_REDIRECT] [Fatal Error] :1:1: Premature end of file.
2025-08-15 13:34:38,637 [ERROR] LogOutputStream:75 - [STDERR_REDIRECT] 
2025-08-15 23:12:24,878 [ERROR] LogOutputStream:75 - [STDERR_REDIRECT] [Fatal Error] :1:1: Premature end of file.
2025-08-15 23:12:24,878 [ERROR] LogOutputStream:75 - [STDERR_REDIRECT] 
2025-08-15 23:12:24,922 [ERROR] LogOutputStream:75 - [STDERR_REDIRECT] [Fatal Error] :1:1: Premature end of file.
2025-08-15 23:12:24,922 [ERROR] LogOutputStream:75 - [STDERR_REDIRECT] 
2025-08-15 23:12:24,949 [ERROR] LogOutputStream:75 - [STDERR_REDIRECT] [Fatal Error] :1:1: Premature end of file.
2025-08-15 23:12:24,949 [ERROR] LogOutputStream:75 - [STDERR_REDIRECT] 
2025-08-15 23:12:24,975 [ERROR] LogOutputStream:75 - [STDERR_REDIRECT] [Fatal Error] :1:1: Premature end of file.
2025-08-15 23:12:24,975 [ERROR] LogOutputStream:75 - [STDERR_REDIRECT] 
2025-08-15 23:12:25,003 [ERROR] LogOutputStream:75 - [STDERR_REDIRECT] [Fatal Error] :1:1: Premature end of file.
2025-08-15 23:12:25,003 [ERROR] LogOutputStream:75 - [STDERR_REDIRECT] 
2025-08-15 23:12:25,030 [ERROR] LogOutputStream:75 - [STDERR_REDIRECT] [Fatal Error] :1:1: Premature end of file.
2025-08-15 23:12:25,030 [ERROR] LogOutputStream:75 - [STDERR_REDIRECT] 
2025-08-15 23:12:25,055 [ERROR] LogOutputStream:75 - [STDERR_REDIRECT] [Fatal Error] :1:1: Premature end of file.
2025-08-15 23:12:25,055 [ERROR] LogOutputStream:75 - [STDERR_REDIRECT] 
2025-08-15 23:12:25,098 [ERROR] LogOutputStream:75 - [STDERR_REDIRECT] [Fatal Error] :1:1: Premature end of file.
2025-08-15 23:12:25,098 [ERROR] LogOutputStream:75 - [STDERR_REDIRECT] 
2025-08-15 23:12:25,123 [ERROR] LogOutputStream:75 - [STDERR_REDIRECT] [Fatal Error] :1:1: Premature end of file.
2025-08-15 23:12:25,125 [ERROR] LogOutputStream:75 - [STDERR_REDIRECT] 
2025-08-15 23:12:25,169 [ERROR] LogOutputStream:75 - [STDERR_REDIRECT] [Fatal Error] :1:1: Premature end of file.
2025-08-15 23:12:25,169 [ERROR] LogOutputStream:75 - [STDERR_REDIRECT] 
2025-08-15 23:12:25,197 [ERROR] LogOutputStream:75 - [STDERR_REDIRECT] [Fatal Error] :1:1: Premature end of file.
2025-08-15 23:12:25,197 [ERROR] LogOutputStream:75 - [STDERR_REDIRECT] 
2025-08-15 23:12:25,221 [ERROR] LogOutputStream:75 - [STDERR_REDIRECT] [Fatal Error] :1:1: Premature end of file.
2025-08-15 23:12:25,222 [ERROR] LogOutputStream:75 - [STDERR_REDIRECT] 
2025-08-15 23:12:25,247 [ERROR] LogOutputStream:75 - [STDERR_REDIRECT] [Fatal Error] :1:1: Premature end of file.
2025-08-15 23:12:25,247 [ERROR] LogOutputStream:75 - [STDERR_REDIRECT] 
2025-08-15 23:12:25,277 [ERROR] LogOutputStream:75 - [STDERR_REDIRECT] [Fatal Error] :1:1: Premature end of file.
2025-08-15 23:12:25,277 [ERROR] LogOutputStream:75 - [STDERR_REDIRECT] 
2025-08-15 23:12:25,301 [ERROR] LogOutputStream:75 - [STDERR_REDIRECT] [Fatal Error] :1:1: Premature end of file.
2025-08-15 23:12:25,301 [ERROR] LogOutputStream:75 - [STDERR_REDIRECT] 
2025-08-15 23:12:25,328 [ERROR] LogOutputStream:75 - [STDERR_REDIRECT] [Fatal Error] :1:1: Premature end of file.
2025-08-15 23:12:25,328 [ERROR] LogOutputStream:75 - [STDERR_REDIRECT] 
2025-08-15 23:12:25,353 [ERROR] LogOutputStream:75 - [STDERR_REDIRECT] [Fatal Error] :1:1: Premature end of file.
2025-08-15 23:12:25,353 [ERROR] LogOutputStream:75 - [STDERR_REDIRECT] 
2025-08-15 23:12:27,722 [ERROR] LogOutputStream:75 - [STDERR_REDIRECT] [Fatal Error] :1:1: Premature end of file.
2025-08-15 23:12:27,722 [ERROR] LogOutputStream:75 - [STDERR_REDIRECT] 
2025-08-15 23:12:27,875 [ERROR] LogOutputStream:75 - [STDERR_REDIRECT] [Fatal Error] :1:1: Premature end of file.
2025-08-15 23:12:27,875 [ERROR] LogOutputStream:75 - [STDERR_REDIRECT] 
2025-08-15 23:12:27,977 [ERROR] LogOutputStream:75 - [STDERR_REDIRECT] [Fatal Error] :1:1: Premature end of file.
2025-08-15 23:12:27,978 [ERROR] LogOutputStream:75 - [STDERR_REDIRECT] 
2025-08-15 23:12:28,059 [ERROR] LogOutputStream:75 - [STDERR_REDIRECT] [Fatal Error] :1:1: Premature end of file.
2025-08-15 23:12:28,059 [ERROR] LogOutputStream:75 - [STDERR_REDIRECT] 
2025-08-15 23:12:28,366 [ERROR] LogOutputStream:75 - [STDERR_REDIRECT] [Fatal Error] :1:1: Premature end of file.
2025-08-15 23:12:28,366 [ERROR] LogOutputStream:75 - [STDERR_REDIRECT] 
2025-08-15 23:12:28,627 [ERROR] LogOutputStream:75 - [STDERR_REDIRECT] [Fatal Error] :1:1: Premature end of file.
2025-08-15 23:12:28,628 [ERROR] LogOutputStream:75 - [STDERR_REDIRECT] 
2025-08-15 23:12:28,740 [ERROR] LogOutputStream:75 - [STDERR_REDIRECT] [Fatal Error] :1:1: Premature end of file.
2025-08-15 23:12:28,740 [ERROR] LogOutputStream:75 - [STDERR_REDIRECT] 
2025-08-15 23:12:28,804 [ERROR] LogOutputStream:75 - [STDERR_REDIRECT] [Fatal Error] :1:1: Premature end of file.
2025-08-15 23:12:28,804 [ERROR] LogOutputStream:75 - [STDERR_REDIRECT] 
2025-08-15 23:12:28,844 [ERROR] LogOutputStream:75 - [STDERR_REDIRECT] [Fatal Error] :1:1: Premature end of file.
2025-08-15 23:12:28,845 [ERROR] LogOutputStream:75 - [STDERR_REDIRECT] 
2025-08-15 23:12:29,157 [ERROR] LogOutputStream:75 - [STDERR_REDIRECT] [Fatal Error] :1:1: Premature end of file.
2025-08-15 23:12:29,158 [ERROR] LogOutputStream:75 - [STDERR_REDIRECT] 
2025-08-15 23:12:29,194 [ERROR] LogOutputStream:75 - [STDERR_REDIRECT] [Fatal Error] :1:1: Premature end of file.
2025-08-15 23:12:29,194 [ERROR] LogOutputStream:75 - [STDERR_REDIRECT] 
2025-08-15 23:12:29,225 [ERROR] LogOutputStream:75 - [STDERR_REDIRECT] [Fatal Error] :1:1: Premature end of file.
2025-08-15 23:12:29,225 [ERROR] LogOutputStream:75 - [STDERR_REDIRECT] 
2025-08-15 23:12:29,261 [ERROR] LogOutputStream:75 - [STDERR_REDIRECT] [Fatal Error] :1:1: Premature end of file.
2025-08-15 23:12:29,262 [ERROR] LogOutputStream:75 - [STDERR_REDIRECT] 
2025-08-15 23:12:29,299 [ERROR] LogOutputStream:75 - [STDERR_REDIRECT] [Fatal Error] :1:1: Premature end of file.
2025-08-15 23:12:29,299 [ERROR] LogOutputStream:75 - [STDERR_REDIRECT] 
2025-08-15 23:12:29,333 [ERROR] LogOutputStream:75 - [STDERR_REDIRECT] [Fatal Error] :1:1: Premature end of file.
2025-08-15 23:12:29,334 [ERROR] LogOutputStream:75 - [STDERR_REDIRECT] 
2025-08-15 23:12:29,369 [ERROR] LogOutputStream:75 - [STDERR_REDIRECT] [Fatal Error] :1:1: Premature end of file.
2025-08-15 23:12:29,370 [ERROR] LogOutputStream:75 - [STDERR_REDIRECT] 
2025-08-15 23:12:29,423 [ERROR] LogOutputStream:75 - [STDERR_REDIRECT] [Fatal Error] :1:1: Premature end of file.
2025-08-15 23:12:29,423 [ERROR] LogOutputStream:75 - [STDERR_REDIRECT] 
2025-08-15 23:12:29,472 [ERROR] LogOutputStream:75 - [STDERR_REDIRECT] [Fatal Error] :1:1: Premature end of file.
2025-08-15 23:12:29,472 [ERROR] LogOutputStream:75 - [STDERR_REDIRECT] 
2025-08-15 23:12:29,505 [ERROR] LogOutputStream:75 - [STDERR_REDIRECT] [Fatal Error] :1:1: Premature end of file.
2025-08-15 23:12:29,505 [ERROR] LogOutputStream:75 - [STDERR_REDIRECT] 
2025-08-15 23:12:29,543 [ERROR] LogOutputStream:75 - [STDERR_REDIRECT] [Fatal Error] :1:1: Premature end of file.
2025-08-15 23:12:29,544 [ERROR] LogOutputStream:75 - [STDERR_REDIRECT] 
2025-08-15 23:12:29,577 [ERROR] LogOutputStream:75 - [STDERR_REDIRECT] [Fatal Error] :1:1: Premature end of file.
2025-08-15 23:12:29,577 [ERROR] LogOutputStream:75 - [STDERR_REDIRECT] 
2025-08-15 23:12:29,612 [ERROR] LogOutputStream:75 - [STDERR_REDIRECT] [Fatal Error] :1:1: Premature end of file.
2025-08-15 23:12:29,612 [ERROR] LogOutputStream:75 - [STDERR_REDIRECT] 
2025-08-15 23:12:29,642 [ERROR] LogOutputStream:75 - [STDERR_REDIRECT] [Fatal Error] :1:1: Premature end of file.
2025-08-15 23:12:29,642 [ERROR] LogOutputStream:75 - [STDERR_REDIRECT] 
2025-08-15 23:12:29,672 [ERROR] LogOutputStream:75 - [STDERR_REDIRECT] [Fatal Error] :1:1: Premature end of file.
2025-08-15 23:12:29,672 [ERROR] LogOutputStream:75 - [STDERR_REDIRECT] 
2025-08-15 23:12:29,707 [ERROR] LogOutputStream:75 - [STDERR_REDIRECT] [Fatal Error] :1:1: Premature end of file.
2025-08-15 23:12:29,707 [ERROR] LogOutputStream:75 - [STDERR_REDIRECT] 
2025-08-15 23:12:29,742 [ERROR] LogOutputStream:75 - [STDERR_REDIRECT] [Fatal Error] :1:1: Premature end of file.
2025-08-15 23:12:29,742 [ERROR] LogOutputStream:75 - [STDERR_REDIRECT] 
2025-08-15 23:12:29,792 [ERROR] LogOutputStream:75 - [STDERR_REDIRECT] [Fatal Error] :1:1: Premature end of file.
2025-08-15 23:12:29,793 [ERROR] LogOutputStream:75 - [STDERR_REDIRECT] 
2025-08-15 23:12:29,832 [ERROR] LogOutputStream:75 - [STDERR_REDIRECT] [Fatal Error] :1:1: Premature end of file.
2025-08-15 23:12:29,833 [ERROR] LogOutputStream:75 - [STDERR_REDIRECT] 
2025-08-15 23:12:29,861 [ERROR] LogOutputStream:75 - [STDERR_REDIRECT] [Fatal Error] :1:1: Premature end of file.
2025-08-15 23:12:29,861 [ERROR] LogOutputStream:75 - [STDERR_REDIRECT] 
2025-08-15 23:12:29,899 [ERROR] LogOutputStream:75 - [STDERR_REDIRECT] [Fatal Error] :1:1: Premature end of file.
2025-08-15 23:12:29,899 [ERROR] LogOutputStream:75 - [STDERR_REDIRECT] 
2025-08-15 23:12:29,931 [ERROR] LogOutputStream:75 - [STDERR_REDIRECT] [Fatal Error] :1:1: Premature end of file.
2025-08-15 23:12:29,931 [ERROR] LogOutputStream:75 - [STDERR_REDIRECT] 
2025-08-15 23:12:29,958 [ERROR] LogOutputStream:75 - [STDERR_REDIRECT] [Fatal Error] :1:1: Premature end of file.
2025-08-15 23:12:29,958 [ERROR] LogOutputStream:75 - [STDERR_REDIRECT] 
2025-08-15 23:12:29,987 [ERROR] LogOutputStream:75 - [STDERR_REDIRECT] [Fatal Error] :1:1: Premature end of file.
2025-08-15 23:12:29,987 [ERROR] LogOutputStream:75 - [STDERR_REDIRECT] 
2025-08-15 23:12:30,014 [ERROR] LogOutputStream:75 - [STDERR_REDIRECT] [Fatal Error] :1:1: Premature end of file.
2025-08-15 23:12:30,014 [ERROR] LogOutputStream:75 - [STDERR_REDIRECT] 
2025-08-15 23:12:30,039 [ERROR] LogOutputStream:75 - [STDERR_REDIRECT] [Fatal Error] :1:1: Premature end of file.
2025-08-15 23:12:30,039 [ERROR] LogOutputStream:75 - [STDERR_REDIRECT] 
2025-08-15 23:12:30,065 [ERROR] LogOutputStream:75 - [STDERR_REDIRECT] [Fatal Error] :1:1: Premature end of file.
2025-08-15 23:12:30,065 [ERROR] LogOutputStream:75 - [STDERR_REDIRECT] 
2025-08-15 23:12:30,091 [ERROR] LogOutputStream:75 - [STDERR_REDIRECT] [Fatal Error] :1:1: Premature end of file.
2025-08-15 23:12:30,092 [ERROR] LogOutputStream:75 - [STDERR_REDIRECT] 
2025-08-15 23:12:30,116 [ERROR] LogOutputStream:75 - [STDERR_REDIRECT] [Fatal Error] :1:1: Premature end of file.
2025-08-15 23:12:30,117 [ERROR] LogOutputStream:75 - [STDERR_REDIRECT] 
2025-08-15 23:12:30,140 [ERROR] LogOutputStream:75 - [STDERR_REDIRECT] [Fatal Error] :1:1: Premature end of file.
2025-08-15 23:12:30,140 [ERROR] LogOutputStream:75 - [STDERR_REDIRECT] 
2025-08-15 23:12:30,163 [ERROR] LogOutputStream:75 - [STDERR_REDIRECT] [Fatal Error] :1:1: Premature end of file.
2025-08-15 23:12:30,163 [ERROR] LogOutputStream:75 - [STDERR_REDIRECT] 
2025-08-15 23:12:30,190 [ERROR] LogOutputStream:75 - [STDERR_REDIRECT] [Fatal Error] :1:1: Premature end of file.
2025-08-15 23:12:30,190 [ERROR] LogOutputStream:75 - [STDERR_REDIRECT] 
2025-08-15 23:12:30,212 [ERROR] LogOutputStream:75 - [STDERR_REDIRECT] [Fatal Error] :1:1: Premature end of file.
2025-08-15 23:12:30,213 [ERROR] LogOutputStream:75 - [STDERR_REDIRECT] 
2025-08-15 23:12:30,238 [ERROR] LogOutputStream:75 - [STDERR_REDIRECT] [Fatal Error] :1:1: Premature end of file.
2025-08-15 23:12:30,238 [ERROR] LogOutputStream:75 - [STDERR_REDIRECT] 
2025-08-15 23:12:30,263 [ERROR] LogOutputStream:75 - [STDERR_REDIRECT] [Fatal Error] :1:1: Premature end of file.
2025-08-15 23:12:30,263 [ERROR] LogOutputStream:75 - [STDERR_REDIRECT] 
2025-08-15 23:12:30,285 [ERROR] LogOutputStream:75 - [STDERR_REDIRECT] [Fatal Error] :1:1: Premature end of file.
2025-08-15 23:12:30,285 [ERROR] LogOutputStream:75 - [STDERR_REDIRECT] 
2025-08-15 23:12:30,309 [ERROR] LogOutputStream:75 - [STDERR_REDIRECT] [Fatal Error] :1:1: Premature end of file.
2025-08-15 23:12:30,309 [ERROR] LogOutputStream:75 - [STDERR_REDIRECT] 
2025-08-15 23:12:30,333 [ERROR] LogOutputStream:75 - [STDERR_REDIRECT] [Fatal Error] :1:1: Premature end of file.
2025-08-15 23:12:30,333 [ERROR] LogOutputStream:75 - [STDERR_REDIRECT] 
2025-08-15 23:12:30,356 [ERROR] LogOutputStream:75 - [STDERR_REDIRECT] [Fatal Error] :1:1: Premature end of file.
2025-08-15 23:12:30,356 [ERROR] LogOutputStream:75 - [STDERR_REDIRECT] 
2025-08-15 23:12:30,379 [ERROR] LogOutputStream:75 - [STDERR_REDIRECT] [Fatal Error] :1:1: Premature end of file.
2025-08-15 23:12:30,380 [ERROR] LogOutputStream:75 - [STDERR_REDIRECT] 
2025-08-15 23:12:30,403 [ERROR] LogOutputStream:75 - [STDERR_REDIRECT] [Fatal Error] :1:1: Premature end of file.
2025-08-15 23:12:30,403 [ERROR] LogOutputStream:75 - [STDERR_REDIRECT] 
2025-08-15 23:12:30,432 [ERROR] LogOutputStream:75 - [STDERR_REDIRECT] [Fatal Error] :1:1: Premature end of file.
2025-08-15 23:12:30,432 [ERROR] LogOutputStream:75 - [STDERR_REDIRECT] 
2025-08-15 23:12:30,458 [ERROR] LogOutputStream:75 - [STDERR_REDIRECT] [Fatal Error] :1:1: Premature end of file.
2025-08-15 23:12:30,458 [ERROR] LogOutputStream:75 - [STDERR_REDIRECT] 
2025-08-15 23:12:30,487 [ERROR] LogOutputStream:75 - [STDERR_REDIRECT] [Fatal Error] :1:1: Premature end of file.
2025-08-15 23:12:30,487 [ERROR] LogOutputStream:75 - [STDERR_REDIRECT] 
2025-08-15 23:12:30,511 [ERROR] LogOutputStream:75 - [STDERR_REDIRECT] [Fatal Error] :1:1: Premature end of file.
2025-08-15 23:12:30,511 [ERROR] LogOutputStream:75 - [STDERR_REDIRECT] 
2025-08-15 23:12:30,539 [ERROR] LogOutputStream:75 - [STDERR_REDIRECT] [Fatal Error] :1:1: Premature end of file.
2025-08-15 23:12:30,540 [ERROR] LogOutputStream:75 - [STDERR_REDIRECT] 
2025-08-15 23:12:30,570 [ERROR] LogOutputStream:75 - [STDERR_REDIRECT] [Fatal Error] :1:1: Premature end of file.
2025-08-15 23:12:30,570 [ERROR] LogOutputStream:75 - [STDERR_REDIRECT] 
2025-08-15 23:12:30,593 [ERROR] LogOutputStream:75 - [STDERR_REDIRECT] [Fatal Error] :1:1: Premature end of file.
2025-08-15 23:12:30,593 [ERROR] LogOutputStream:75 - [STDERR_REDIRECT] 
2025-08-15 23:12:30,617 [ERROR] LogOutputStream:75 - [STDERR_REDIRECT] [Fatal Error] :1:1: Premature end of file.
2025-08-15 23:12:30,617 [ERROR] LogOutputStream:75 - [STDERR_REDIRECT] 
2025-08-15 23:12:30,641 [ERROR] LogOutputStream:75 - [STDERR_REDIRECT] [Fatal Error] :1:1: Premature end of file.
2025-08-15 23:12:30,641 [ERROR] LogOutputStream:75 - [STDERR_REDIRECT] 
2025-08-15 23:12:30,674 [ERROR] LogOutputStream:75 - [STDERR_REDIRECT] [Fatal Error] :1:1: Premature end of file.
2025-08-15 23:12:30,675 [ERROR] LogOutputStream:75 - [STDERR_REDIRECT] 
2025-08-15 23:12:30,707 [ERROR] LogOutputStream:75 - [STDERR_REDIRECT] [Fatal Error] :1:1: Premature end of file.
2025-08-15 23:12:30,708 [ERROR] LogOutputStream:75 - [STDERR_REDIRECT] 
2025-08-15 23:12:30,741 [ERROR] LogOutputStream:75 - [STDERR_REDIRECT] [Fatal Error] :1:1: Premature end of file.
2025-08-15 23:12:30,741 [ERROR] LogOutputStream:75 - [STDERR_REDIRECT] 
2025-08-15 23:12:30,768 [ERROR] LogOutputStream:75 - [STDERR_REDIRECT] [Fatal Error] :1:1: Premature end of file.
2025-08-15 23:12:30,768 [ERROR] LogOutputStream:75 - [STDERR_REDIRECT] 
2025-08-15 23:12:30,795 [ERROR] LogOutputStream:75 - [STDERR_REDIRECT] [Fatal Error] :1:1: Premature end of file.
2025-08-15 23:12:30,795 [ERROR] LogOutputStream:75 - [STDERR_REDIRECT] 
2025-08-15 23:12:30,818 [ERROR] LogOutputStream:75 - [STDERR_REDIRECT] [Fatal Error] :1:1: Premature end of file.
2025-08-15 23:12:30,818 [ERROR] LogOutputStream:75 - [STDERR_REDIRECT] 
2025-08-15 23:12:30,848 [ERROR] LogOutputStream:75 - [STDERR_REDIRECT] [Fatal Error] :1:1: Premature end of file.
2025-08-15 23:12:30,849 [ERROR] LogOutputStream:75 - [STDERR_REDIRECT] 
2025-08-15 23:12:30,871 [ERROR] LogOutputStream:75 - [STDERR_REDIRECT] [Fatal Error] :1:1: Premature end of file.
2025-08-15 23:12:30,871 [ERROR] LogOutputStream:75 - [STDERR_REDIRECT] 
2025-08-15 23:12:30,894 [ERROR] LogOutputStream:75 - [STDERR_REDIRECT] [Fatal Error] :1:1: Premature end of file.
2025-08-15 23:12:30,895 [ERROR] LogOutputStream:75 - [STDERR_REDIRECT] 
2025-08-15 23:12:30,918 [ERROR] LogOutputStream:75 - [STDERR_REDIRECT] [Fatal Error] :1:1: Premature end of file.
2025-08-15 23:12:30,918 [ERROR] LogOutputStream:75 - [STDERR_REDIRECT] 
2025-08-15 23:12:30,941 [ERROR] LogOutputStream:75 - [STDERR_REDIRECT] [Fatal Error] :1:1: Premature end of file.
2025-08-15 23:12:30,941 [ERROR] LogOutputStream:75 - [STDERR_REDIRECT] 
2025-08-15 23:12:30,963 [ERROR] LogOutputStream:75 - [STDERR_REDIRECT] [Fatal Error] :1:1: Premature end of file.
2025-08-15 23:12:30,963 [ERROR] LogOutputStream:75 - [STDERR_REDIRECT] 
2025-08-15 23:12:30,987 [ERROR] LogOutputStream:75 - [STDERR_REDIRECT] [Fatal Error] :1:1: Premature end of file.
2025-08-15 23:12:30,987 [ERROR] LogOutputStream:75 - [STDERR_REDIRECT] 
2025-08-15 23:12:31,008 [ERROR] LogOutputStream:75 - [STDERR_REDIRECT] [Fatal Error] :1:1: Premature end of file.
2025-08-15 23:12:31,008 [ERROR] LogOutputStream:75 - [STDERR_REDIRECT] 
2025-08-15 23:12:31,029 [ERROR] LogOutputStream:75 - [STDERR_REDIRECT] [Fatal Error] :1:1: Premature end of file.
2025-08-15 23:12:31,030 [ERROR] LogOutputStream:75 - [STDERR_REDIRECT] 
2025-08-15 23:12:31,052 [ERROR] LogOutputStream:75 - [STDERR_REDIRECT] [Fatal Error] :1:1: Premature end of file.
2025-08-15 23:12:31,052 [ERROR] LogOutputStream:75 - [STDERR_REDIRECT] 
2025-08-15 23:12:31,074 [ERROR] LogOutputStream:75 - [STDERR_REDIRECT] [Fatal Error] :1:1: Premature end of file.
2025-08-15 23:12:31,074 [ERROR] LogOutputStream:75 - [STDERR_REDIRECT] 
2025-08-15 23:12:31,096 [ERROR] LogOutputStream:75 - [STDERR_REDIRECT] [Fatal Error] :1:1: Premature end of file.
2025-08-15 23:12:31,096 [ERROR] LogOutputStream:75 - [STDERR_REDIRECT] 
2025-08-15 23:12:31,118 [ERROR] LogOutputStream:75 - [STDERR_REDIRECT] [Fatal Error] :1:1: Premature end of file.
2025-08-15 23:12:31,119 [ERROR] LogOutputStream:75 - [STDERR_REDIRECT] 
2025-08-15 23:12:31,139 [ERROR] LogOutputStream:75 - [STDERR_REDIRECT] [Fatal Error] :1:1: Premature end of file.
2025-08-15 23:12:31,139 [ERROR] LogOutputStream:75 - [STDERR_REDIRECT] 
2025-08-15 23:12:31,161 [ERROR] LogOutputStream:75 - [STDERR_REDIRECT] [Fatal Error] :1:1: Premature end of file.
2025-08-15 23:12:31,161 [ERROR] LogOutputStream:75 - [STDERR_REDIRECT] 
2025-08-15 23:12:31,183 [ERROR] LogOutputStream:75 - [STDERR_REDIRECT] [Fatal Error] :1:1: Premature end of file.
2025-08-15 23:12:31,183 [ERROR] LogOutputStream:75 - [STDERR_REDIRECT] 
2025-08-15 23:12:31,204 [ERROR] LogOutputStream:75 - [STDERR_REDIRECT] [Fatal Error] :1:1: Premature end of file.
2025-08-15 23:12:31,205 [ERROR] LogOutputStream:75 - [STDERR_REDIRECT] 
2025-08-15 23:12:31,227 [ERROR] LogOutputStream:75 - [STDERR_REDIRECT] [Fatal Error] :1:1: Premature end of file.
2025-08-15 23:12:31,227 [ERROR] LogOutputStream:75 - [STDERR_REDIRECT] 
2025-08-15 23:12:31,249 [ERROR] LogOutputStream:75 - [STDERR_REDIRECT] [Fatal Error] :1:1: Premature end of file.
2025-08-15 23:12:31,250 [ERROR] LogOutputStream:75 - [STDERR_REDIRECT] 
2025-08-15 23:12:31,271 [ERROR] LogOutputStream:75 - [STDERR_REDIRECT] [Fatal Error] :1:1: Premature end of file.
2025-08-15 23:12:31,271 [ERROR] LogOutputStream:75 - [STDERR_REDIRECT] 
2025-08-15 23:12:31,294 [ERROR] LogOutputStream:75 - [STDERR_REDIRECT] [Fatal Error] :1:1: Premature end of file.
2025-08-15 23:12:31,294 [ERROR] LogOutputStream:75 - [STDERR_REDIRECT] 
2025-08-15 23:12:31,314 [ERROR] LogOutputStream:75 - [STDERR_REDIRECT] [Fatal Error] :1:1: Premature end of file.
2025-08-15 23:12:31,314 [ERROR] LogOutputStream:75 - [STDERR_REDIRECT] 
2025-08-15 23:12:31,337 [ERROR] LogOutputStream:75 - [STDERR_REDIRECT] [Fatal Error] :1:1: Premature end of file.
2025-08-15 23:12:31,337 [ERROR] LogOutputStream:75 - [STDERR_REDIRECT] 
2025-08-15 23:12:31,360 [ERROR] LogOutputStream:75 - [STDERR_REDIRECT] [Fatal Error] :1:1: Premature end of file.
2025-08-15 23:12:31,360 [ERROR] LogOutputStream:75 - [STDERR_REDIRECT] 
2025-08-15 23:12:31,382 [ERROR] LogOutputStream:75 - [STDERR_REDIRECT] [Fatal Error] :1:1: Premature end of file.
2025-08-15 23:12:31,382 [ERROR] LogOutputStream:75 - [STDERR_REDIRECT] 
2025-08-15 23:12:31,403 [ERROR] LogOutputStream:75 - [STDERR_REDIRECT] [Fatal Error] :1:1: Premature end of file.
2025-08-15 23:12:31,403 [ERROR] LogOutputStream:75 - [STDERR_REDIRECT] 
2025-08-15 23:12:31,425 [ERROR] LogOutputStream:75 - [STDERR_REDIRECT] [Fatal Error] :1:1: Premature end of file.
2025-08-15 23:12:31,425 [ERROR] LogOutputStream:75 - [STDERR_REDIRECT] 
2025-08-15 23:12:31,447 [ERROR] LogOutputStream:75 - [STDERR_REDIRECT] [Fatal Error] :1:1: Premature end of file.
2025-08-15 23:12:31,447 [ERROR] LogOutputStream:75 - [STDERR_REDIRECT] 
2025-08-15 23:12:31,469 [ERROR] LogOutputStream:75 - [STDERR_REDIRECT] [Fatal Error] :1:1: Premature end of file.
2025-08-15 23:12:31,469 [ERROR] LogOutputStream:75 - [STDERR_REDIRECT] 
2025-08-15 23:12:31,491 [ERROR] LogOutputStream:75 - [STDERR_REDIRECT] [Fatal Error] :1:1: Premature end of file.
2025-08-15 23:12:31,491 [ERROR] LogOutputStream:75 - [STDERR_REDIRECT] 
2025-08-15 23:12:31,513 [ERROR] LogOutputStream:75 - [STDERR_REDIRECT] [Fatal Error] :1:1: Premature end of file.
2025-08-15 23:12:31,513 [ERROR] LogOutputStream:75 - [STDERR_REDIRECT] 
2025-08-15 23:12:31,536 [ERROR] LogOutputStream:75 - [STDERR_REDIRECT] [Fatal Error] :1:1: Premature end of file.
2025-08-15 23:12:31,537 [ERROR] LogOutputStream:75 - [STDERR_REDIRECT] 
2025-08-15 23:12:31,558 [ERROR] LogOutputStream:75 - [STDERR_REDIRECT] [Fatal Error] :1:1: Premature end of file.
2025-08-15 23:12:31,558 [ERROR] LogOutputStream:75 - [STDERR_REDIRECT] 
2025-08-15 23:12:31,580 [ERROR] LogOutputStream:75 - [STDERR_REDIRECT] [Fatal Error] :1:1: Premature end of file.
2025-08-15 23:12:31,580 [ERROR] LogOutputStream:75 - [STDERR_REDIRECT] 
2025-08-15 23:12:31,602 [ERROR] LogOutputStream:75 - [STDERR_REDIRECT] [Fatal Error] :1:1: Premature end of file.
2025-08-15 23:12:31,602 [ERROR] LogOutputStream:75 - [STDERR_REDIRECT] 
2025-08-15 23:12:31,625 [ERROR] LogOutputStream:75 - [STDERR_REDIRECT] [Fatal Error] :1:1: Premature end of file.
2025-08-15 23:12:31,625 [ERROR] LogOutputStream:75 - [STDERR_REDIRECT] 
2025-08-15 23:12:31,647 [ERROR] LogOutputStream:75 - [STDERR_REDIRECT] [Fatal Error] :1:1: Premature end of file.
2025-08-15 23:12:31,647 [ERROR] LogOutputStream:75 - [STDERR_REDIRECT] 
2025-08-15 23:12:31,667 [ERROR] LogOutputStream:75 - [STDERR_REDIRECT] [Fatal Error] :1:1: Premature end of file.
2025-08-15 23:12:31,669 [ERROR] LogOutputStream:75 - [STDERR_REDIRECT] 
2025-08-15 23:12:31,691 [ERROR] LogOutputStream:75 - [STDERR_REDIRECT] [Fatal Error] :1:1: Premature end of file.
2025-08-15 23:12:31,691 [ERROR] LogOutputStream:75 - [STDERR_REDIRECT] 
2025-08-15 23:12:31,713 [ERROR] LogOutputStream:75 - [STDERR_REDIRECT] [Fatal Error] :1:1: Premature end of file.
2025-08-15 23:12:31,713 [ERROR] LogOutputStream:75 - [STDERR_REDIRECT] 
2025-08-15 23:12:31,737 [ERROR] LogOutputStream:75 - [STDERR_REDIRECT] [Fatal Error] :1:1: Premature end of file.
2025-08-15 23:12:31,737 [ERROR] LogOutputStream:75 - [STDERR_REDIRECT] 
2025-08-15 23:12:31,760 [ERROR] LogOutputStream:75 - [STDERR_REDIRECT] [Fatal Error] :1:1: Premature end of file.
2025-08-15 23:12:31,761 [ERROR] LogOutputStream:75 - [STDERR_REDIRECT] 
2025-08-15 23:12:31,783 [ERROR] LogOutputStream:75 - [STDERR_REDIRECT] [Fatal Error] :1:1: Premature end of file.
2025-08-15 23:12:31,783 [ERROR] LogOutputStream:75 - [STDERR_REDIRECT] 
2025-08-15 23:12:31,805 [ERROR] LogOutputStream:75 - [STDERR_REDIRECT] [Fatal Error] :1:1: Premature end of file.
2025-08-15 23:12:31,805 [ERROR] LogOutputStream:75 - [STDERR_REDIRECT] 
2025-08-15 23:12:31,827 [ERROR] LogOutputStream:75 - [STDERR_REDIRECT] [Fatal Error] :1:1: Premature end of file.
2025-08-15 23:12:31,827 [ERROR] LogOutputStream:75 - [STDERR_REDIRECT] 
2025-08-15 23:12:31,850 [ERROR] LogOutputStream:75 - [STDERR_REDIRECT] [Fatal Error] :1:1: Premature end of file.
2025-08-15 23:12:31,851 [ERROR] LogOutputStream:75 - [STDERR_REDIRECT] 
2025-08-15 23:12:31,872 [ERROR] LogOutputStream:75 - [STDERR_REDIRECT] [Fatal Error] :1:1: Premature end of file.
2025-08-15 23:12:31,872 [ERROR] LogOutputStream:75 - [STDERR_REDIRECT] 
2025-08-15 23:12:31,894 [ERROR] LogOutputStream:75 - [STDERR_REDIRECT] [Fatal Error] :1:1: Premature end of file.
2025-08-15 23:12:31,894 [ERROR] LogOutputStream:75 - [STDERR_REDIRECT] 
2025-08-15 23:12:31,916 [ERROR] LogOutputStream:75 - [STDERR_REDIRECT] [Fatal Error] :1:1: Premature end of file.
2025-08-15 23:12:31,916 [ERROR] LogOutputStream:75 - [STDERR_REDIRECT] 
2025-08-15 23:12:31,938 [ERROR] LogOutputStream:75 - [STDERR_REDIRECT] [Fatal Error] :1:1: Premature end of file.
2025-08-15 23:12:31,938 [ERROR] LogOutputStream:75 - [STDERR_REDIRECT] 
2025-08-15 23:12:31,960 [ERROR] LogOutputStream:75 - [STDERR_REDIRECT] [Fatal Error] :1:1: Premature end of file.
2025-08-15 23:12:31,960 [ERROR] LogOutputStream:75 - [STDERR_REDIRECT] 
2025-08-15 23:12:31,982 [ERROR] LogOutputStream:75 - [STDERR_REDIRECT] [Fatal Error] :1:1: Premature end of file.
2025-08-15 23:12:31,983 [ERROR] LogOutputStream:75 - [STDERR_REDIRECT] 
2025-08-15 23:12:32,004 [ERROR] LogOutputStream:75 - [STDERR_REDIRECT] [Fatal Error] :1:1: Premature end of file.
2025-08-15 23:12:32,004 [ERROR] LogOutputStream:75 - [STDERR_REDIRECT] 
2025-08-15 23:12:32,027 [ERROR] LogOutputStream:75 - [STDERR_REDIRECT] [Fatal Error] :1:1: Premature end of file.
2025-08-15 23:12:32,027 [ERROR] LogOutputStream:75 - [STDERR_REDIRECT] 
2025-08-15 23:12:32,049 [ERROR] LogOutputStream:75 - [STDERR_REDIRECT] [Fatal Error] :1:1: Premature end of file.
2025-08-15 23:12:32,049 [ERROR] LogOutputStream:75 - [STDERR_REDIRECT] 
2025-08-15 23:12:32,072 [ERROR] LogOutputStream:75 - [STDERR_REDIRECT] [Fatal Error] :1:1: Premature end of file.
2025-08-15 23:12:32,072 [ERROR] LogOutputStream:75 - [STDERR_REDIRECT] 
2025-08-15 23:12:32,093 [ERROR] LogOutputStream:75 - [STDERR_REDIRECT] [Fatal Error] :1:1: Premature end of file.
2025-08-15 23:12:32,093 [ERROR] LogOutputStream:75 - [STDERR_REDIRECT] 
2025-08-15 23:12:32,114 [ERROR] LogOutputStream:75 - [STDERR_REDIRECT] [Fatal Error] :1:1: Premature end of file.
2025-08-15 23:12:32,114 [ERROR] LogOutputStream:75 - [STDERR_REDIRECT] 
2025-08-15 23:12:32,137 [ERROR] LogOutputStream:75 - [STDERR_REDIRECT] [Fatal Error] :1:1: Premature end of file.
2025-08-15 23:12:32,137 [ERROR] LogOutputStream:75 - [STDERR_REDIRECT] 
2025-08-15 23:12:32,160 [ERROR] LogOutputStream:75 - [STDERR_REDIRECT] [Fatal Error] :1:1: Premature end of file.
2025-08-15 23:12:32,160 [ERROR] LogOutputStream:75 - [STDERR_REDIRECT] 
2025-08-15 23:12:32,182 [ERROR] LogOutputStream:75 - [STDERR_REDIRECT] [Fatal Error] :1:1: Premature end of file.
2025-08-15 23:12:32,182 [ERROR] LogOutputStream:75 - [STDERR_REDIRECT] 
2025-08-15 23:12:32,205 [ERROR] LogOutputStream:75 - [STDERR_REDIRECT] [Fatal Error] :1:1: Premature end of file.
2025-08-15 23:12:32,205 [ERROR] LogOutputStream:75 - [STDERR_REDIRECT] 
2025-08-15 23:12:32,225 [ERROR] LogOutputStream:75 - [STDERR_REDIRECT] [Fatal Error] :1:1: Premature end of file.
2025-08-15 23:12:32,225 [ERROR] LogOutputStream:75 - [STDERR_REDIRECT] 
2025-08-15 23:12:32,248 [ERROR] LogOutputStream:75 - [STDERR_REDIRECT] [Fatal Error] :1:1: Premature end of file.
2025-08-15 23:12:32,248 [ERROR] LogOutputStream:75 - [STDERR_REDIRECT] 
2025-08-15 23:12:32,271 [ERROR] LogOutputStream:75 - [STDERR_REDIRECT] [Fatal Error] :1:1: Premature end of file.
2025-08-15 23:12:32,271 [ERROR] LogOutputStream:75 - [STDERR_REDIRECT] 
2025-08-15 23:12:32,295 [ERROR] LogOutputStream:75 - [STDERR_REDIRECT] [Fatal Error] :1:1: Premature end of file.
2025-08-15 23:12:32,295 [ERROR] LogOutputStream:75 - [STDERR_REDIRECT] 
2025-08-15 23:12:32,372 [ERROR] LogOutputStream:75 - [STDERR_REDIRECT] [Fatal Error] :1:1: Premature end of file.
2025-08-15 23:12:32,372 [ERROR] LogOutputStream:75 - [STDERR_REDIRECT] 
2025-08-15 23:12:32,414 [ERROR] LogOutputStream:75 - [STDERR_REDIRECT] [Fatal Error] :1:1: Premature end of file.
2025-08-15 23:12:32,414 [ERROR] LogOutputStream:75 - [STDERR_REDIRECT] 
2025-08-15 23:12:32,445 [ERROR] LogOutputStream:75 - [STDERR_REDIRECT] [Fatal Error] :1:1: Premature end of file.
2025-08-15 23:12:32,445 [ERROR] LogOutputStream:75 - [STDERR_REDIRECT] 
2025-08-15 23:12:32,472 [ERROR] LogOutputStream:75 - [STDERR_REDIRECT] [Fatal Error] :1:1: Premature end of file.
2025-08-15 23:12:32,472 [ERROR] LogOutputStream:75 - [STDERR_REDIRECT] 
2025-08-15 23:12:32,498 [ERROR] LogOutputStream:75 - [STDERR_REDIRECT] [Fatal Error] :1:1: Premature end of file.
2025-08-15 23:12:32,499 [ERROR] LogOutputStream:75 - [STDERR_REDIRECT] 
2025-08-15 23:12:32,527 [ERROR] LogOutputStream:75 - [STDERR_REDIRECT] [Fatal Error] :1:1: Premature end of file.
2025-08-15 23:12:32,527 [ERROR] LogOutputStream:75 - [STDERR_REDIRECT] 
2025-08-15 23:12:32,552 [ERROR] LogOutputStream:75 - [STDERR_REDIRECT] [Fatal Error] :1:1: Premature end of file.
2025-08-15 23:12:32,552 [ERROR] LogOutputStream:75 - [STDERR_REDIRECT] 
2025-08-15 23:12:32,577 [ERROR] LogOutputStream:75 - [STDERR_REDIRECT] [Fatal Error] :1:1: Premature end of file.
2025-08-15 23:12:32,577 [ERROR] LogOutputStream:75 - [STDERR_REDIRECT] 
2025-08-15 23:12:32,601 [ERROR] LogOutputStream:75 - [STDERR_REDIRECT] [Fatal Error] :1:1: Premature end of file.
2025-08-15 23:12:32,601 [ERROR] LogOutputStream:75 - [STDERR_REDIRECT] 
2025-08-15 23:12:32,628 [ERROR] LogOutputStream:75 - [STDERR_REDIRECT] [Fatal Error] :1:1: Premature end of file.
2025-08-15 23:12:32,628 [ERROR] LogOutputStream:75 - [STDERR_REDIRECT] 
2025-08-15 23:12:32,651 [ERROR] LogOutputStream:75 - [STDERR_REDIRECT] [Fatal Error] :1:1: Premature end of file.
2025-08-15 23:12:32,651 [ERROR] LogOutputStream:75 - [STDERR_REDIRECT] 
2025-08-15 23:12:32,677 [ERROR] LogOutputStream:75 - [STDERR_REDIRECT] [Fatal Error] :1:1: Premature end of file.
2025-08-15 23:12:32,677 [ERROR] LogOutputStream:75 - [STDERR_REDIRECT] 
2025-08-15 23:12:32,703 [ERROR] LogOutputStream:75 - [STDERR_REDIRECT] [Fatal Error] :1:1: Premature end of file.
2025-08-15 23:12:32,703 [ERROR] LogOutputStream:75 - [STDERR_REDIRECT] 
2025-08-15 23:12:32,728 [ERROR] LogOutputStream:75 - [STDERR_REDIRECT] [Fatal Error] :1:1: Premature end of file.
2025-08-15 23:12:32,728 [ERROR] LogOutputStream:75 - [STDERR_REDIRECT] 
2025-08-15 23:12:32,757 [ERROR] LogOutputStream:75 - [STDERR_REDIRECT] [Fatal Error] :1:1: Premature end of file.
2025-08-15 23:12:32,757 [ERROR] LogOutputStream:75 - [STDERR_REDIRECT] 
2025-08-15 23:12:32,788 [ERROR] LogOutputStream:75 - [STDERR_REDIRECT] [Fatal Error] :1:1: Premature end of file.
2025-08-15 23:12:32,788 [ERROR] LogOutputStream:75 - [STDERR_REDIRECT] 
2025-08-15 23:12:32,818 [ERROR] LogOutputStream:75 - [STDERR_REDIRECT] [Fatal Error] :1:1: Premature end of file.
2025-08-15 23:12:32,818 [ERROR] LogOutputStream:75 - [STDERR_REDIRECT] 
2025-08-15 23:12:32,841 [ERROR] LogOutputStream:75 - [STDERR_REDIRECT] [Fatal Error] :1:1: Premature end of file.
2025-08-15 23:12:32,841 [ERROR] LogOutputStream:75 - [STDERR_REDIRECT] 
2025-08-15 23:12:32,865 [ERROR] LogOutputStream:75 - [STDERR_REDIRECT] [Fatal Error] :1:1: Premature end of file.
2025-08-15 23:12:32,865 [ERROR] LogOutputStream:75 - [STDERR_REDIRECT] 
2025-08-15 23:12:32,889 [ERROR] LogOutputStream:75 - [STDERR_REDIRECT] [Fatal Error] :1:1: Premature end of file.
2025-08-15 23:12:32,889 [ERROR] LogOutputStream:75 - [STDERR_REDIRECT] 
2025-08-15 23:12:32,912 [ERROR] LogOutputStream:75 - [STDERR_REDIRECT] [Fatal Error] :1:1: Premature end of file.
2025-08-15 23:12:32,912 [ERROR] LogOutputStream:75 - [STDERR_REDIRECT] 
2025-08-15 23:12:32,935 [ERROR] LogOutputStream:75 - [STDERR_REDIRECT] [Fatal Error] :1:1: Premature end of file.
2025-08-15 23:12:32,935 [ERROR] LogOutputStream:75 - [STDERR_REDIRECT] 
2025-08-15 23:12:32,957 [ERROR] LogOutputStream:75 - [STDERR_REDIRECT] [Fatal Error] :1:1: Premature end of file.
2025-08-15 23:12:32,957 [ERROR] LogOutputStream:75 - [STDERR_REDIRECT] 
2025-08-15 23:12:32,979 [ERROR] LogOutputStream:75 - [STDERR_REDIRECT] [Fatal Error] :1:1: Premature end of file.
2025-08-15 23:12:32,979 [ERROR] LogOutputStream:75 - [STDERR_REDIRECT] 
2025-08-15 23:12:33,002 [ERROR] LogOutputStream:75 - [STDERR_REDIRECT] [Fatal Error] :1:1: Premature end of file.
2025-08-15 23:12:33,002 [ERROR] LogOutputStream:75 - [STDERR_REDIRECT] 
2025-08-15 23:12:33,025 [ERROR] LogOutputStream:75 - [STDERR_REDIRECT] [Fatal Error] :1:1: Premature end of file.
2025-08-15 23:12:33,025 [ERROR] LogOutputStream:75 - [STDERR_REDIRECT] 
2025-08-15 23:12:33,047 [ERROR] LogOutputStream:75 - [STDERR_REDIRECT] [Fatal Error] :1:1: Premature end of file.
2025-08-15 23:12:33,047 [ERROR] LogOutputStream:75 - [STDERR_REDIRECT] 
2025-08-15 23:12:33,071 [ERROR] LogOutputStream:75 - [STDERR_REDIRECT] [Fatal Error] :1:1: Premature end of file.
2025-08-15 23:12:33,072 [ERROR] LogOutputStream:75 - [STDERR_REDIRECT] 
2025-08-15 23:12:33,095 [ERROR] LogOutputStream:75 - [STDERR_REDIRECT] [Fatal Error] :1:1: Premature end of file.
2025-08-15 23:12:33,095 [ERROR] LogOutputStream:75 - [STDERR_REDIRECT] 
2025-08-15 23:12:33,118 [ERROR] LogOutputStream:75 - [STDERR_REDIRECT] [Fatal Error] :1:1: Premature end of file.
2025-08-15 23:12:33,118 [ERROR] LogOutputStream:75 - [STDERR_REDIRECT] 
2025-08-15 23:12:33,142 [ERROR] LogOutputStream:75 - [STDERR_REDIRECT] [Fatal Error] :1:1: Premature end of file.
2025-08-15 23:12:33,142 [ERROR] LogOutputStream:75 - [STDERR_REDIRECT] 
2025-08-15 23:12:33,166 [ERROR] LogOutputStream:75 - [STDERR_REDIRECT] [Fatal Error] :1:1: Premature end of file.
2025-08-15 23:12:33,167 [ERROR] LogOutputStream:75 - [STDERR_REDIRECT] 
2025-08-15 23:12:33,193 [ERROR] LogOutputStream:75 - [STDERR_REDIRECT] [Fatal Error] :1:1: Premature end of file.
2025-08-15 23:12:33,193 [ERROR] LogOutputStream:75 - [STDERR_REDIRECT] 
2025-08-15 23:12:33,215 [ERROR] LogOutputStream:75 - [STDERR_REDIRECT] [Fatal Error] :1:1: Premature end of file.
2025-08-15 23:12:33,215 [ERROR] LogOutputStream:75 - [STDERR_REDIRECT] 
2025-08-15 23:12:33,240 [ERROR] LogOutputStream:75 - [STDERR_REDIRECT] [Fatal Error] :1:1: Premature end of file.
2025-08-15 23:12:33,240 [ERROR] LogOutputStream:75 - [STDERR_REDIRECT] 
2025-08-15 23:12:33,263 [ERROR] LogOutputStream:75 - [STDERR_REDIRECT] [Fatal Error] :1:1: Premature end of file.
2025-08-15 23:12:33,264 [ERROR] LogOutputStream:75 - [STDERR_REDIRECT] 
2025-08-15 23:12:33,287 [ERROR] LogOutputStream:75 - [STDERR_REDIRECT] [Fatal Error] :1:1: Premature end of file.
2025-08-15 23:12:33,287 [ERROR] LogOutputStream:75 - [STDERR_REDIRECT] 
2025-08-15 23:12:33,317 [ERROR] LogOutputStream:75 - [STDERR_REDIRECT] [Fatal Error] :1:1: Premature end of file.
2025-08-15 23:12:33,317 [ERROR] LogOutputStream:75 - [STDERR_REDIRECT] 
2025-08-15 23:12:33,352 [ERROR] LogOutputStream:75 - [STDERR_REDIRECT] [Fatal Error] :1:1: Premature end of file.
2025-08-15 23:12:33,353 [ERROR] LogOutputStream:75 - [STDERR_REDIRECT] 
2025-08-15 23:12:33,388 [ERROR] LogOutputStream:75 - [STDERR_REDIRECT] [Fatal Error] :1:1: Premature end of file.
2025-08-15 23:12:33,388 [ERROR] LogOutputStream:75 - [STDERR_REDIRECT] 
2025-08-15 23:12:33,417 [ERROR] LogOutputStream:75 - [STDERR_REDIRECT] [Fatal Error] :1:1: Premature end of file.
2025-08-15 23:12:33,418 [ERROR] LogOutputStream:75 - [STDERR_REDIRECT] 
2025-08-15 23:12:33,447 [ERROR] LogOutputStream:75 - [STDERR_REDIRECT] [Fatal Error] :1:1: Premature end of file.
2025-08-15 23:12:33,447 [ERROR] LogOutputStream:75 - [STDERR_REDIRECT] 
2025-08-15 23:12:33,491 [ERROR] LogOutputStream:75 - [STDERR_REDIRECT] [Fatal Error] :1:1: Premature end of file.
2025-08-15 23:12:33,492 [ERROR] LogOutputStream:75 - [STDERR_REDIRECT] 
2025-08-15 23:12:33,541 [ERROR] LogOutputStream:75 - [STDERR_REDIRECT] [Fatal Error] :1:1: Premature end of file.
2025-08-15 23:12:33,542 [ERROR] LogOutputStream:75 - [STDERR_REDIRECT] 
2025-08-15 23:12:33,576 [ERROR] LogOutputStream:75 - [STDERR_REDIRECT] [Fatal Error] :1:1: Premature end of file.
2025-08-15 23:12:33,576 [ERROR] LogOutputStream:75 - [STDERR_REDIRECT] 
2025-08-15 23:12:33,608 [ERROR] LogOutputStream:75 - [STDERR_REDIRECT] [Fatal Error] :1:1: Premature end of file.
2025-08-15 23:12:33,609 [ERROR] LogOutputStream:75 - [STDERR_REDIRECT] 
2025-08-15 23:12:33,645 [ERROR] LogOutputStream:75 - [STDERR_REDIRECT] [Fatal Error] :1:1: Premature end of file.
2025-08-15 23:12:33,645 [ERROR] LogOutputStream:75 - [STDERR_REDIRECT] 
2025-08-15 23:12:33,677 [ERROR] LogOutputStream:75 - [STDERR_REDIRECT] [Fatal Error] :1:1: Premature end of file.
2025-08-15 23:12:33,677 [ERROR] LogOutputStream:75 - [STDERR_REDIRECT] 
2025-08-15 23:12:33,715 [ERROR] LogOutputStream:75 - [STDERR_REDIRECT] [Fatal Error] :1:1: Premature end of file.
2025-08-15 23:12:33,715 [ERROR] LogOutputStream:75 - [STDERR_REDIRECT] 
2025-08-15 23:12:33,754 [ERROR] LogOutputStream:75 - [STDERR_REDIRECT] [Fatal Error] :1:1: Premature end of file.
2025-08-15 23:12:33,754 [ERROR] LogOutputStream:75 - [STDERR_REDIRECT] 
2025-08-15 23:12:33,790 [ERROR] LogOutputStream:75 - [STDERR_REDIRECT] [Fatal Error] :1:1: Premature end of file.
2025-08-15 23:12:33,790 [ERROR] LogOutputStream:75 - [STDERR_REDIRECT] 
2025-08-15 23:12:33,818 [ERROR] LogOutputStream:75 - [STDERR_REDIRECT] [Fatal Error] :1:1: Premature end of file.
2025-08-15 23:12:33,819 [ERROR] LogOutputStream:75 - [STDERR_REDIRECT] 
2025-08-15 23:12:33,845 [ERROR] LogOutputStream:75 - [STDERR_REDIRECT] [Fatal Error] :1:1: Premature end of file.
2025-08-15 23:12:33,845 [ERROR] LogOutputStream:75 - [STDERR_REDIRECT] 
2025-08-15 23:12:33,872 [ERROR] LogOutputStream:75 - [STDERR_REDIRECT] [Fatal Error] :1:1: Premature end of file.
2025-08-15 23:12:33,872 [ERROR] LogOutputStream:75 - [STDERR_REDIRECT] 
2025-08-15 23:12:33,897 [ERROR] LogOutputStream:75 - [STDERR_REDIRECT] [Fatal Error] :1:1: Premature end of file.
2025-08-15 23:12:33,897 [ERROR] LogOutputStream:75 - [STDERR_REDIRECT] 
2025-08-15 23:12:33,923 [ERROR] LogOutputStream:75 - [STDERR_REDIRECT] [Fatal Error] :1:1: Premature end of file.
2025-08-15 23:12:33,923 [ERROR] LogOutputStream:75 - [STDERR_REDIRECT] 
2025-08-15 23:12:33,948 [ERROR] LogOutputStream:75 - [STDERR_REDIRECT] [Fatal Error] :1:1: Premature end of file.
2025-08-15 23:12:33,948 [ERROR] LogOutputStream:75 - [STDERR_REDIRECT] 
2025-08-15 23:12:33,974 [ERROR] LogOutputStream:75 - [STDERR_REDIRECT] [Fatal Error] :1:1: Premature end of file.
2025-08-15 23:12:33,974 [ERROR] LogOutputStream:75 - [STDERR_REDIRECT] 
2025-08-15 23:12:34,000 [ERROR] LogOutputStream:75 - [STDERR_REDIRECT] [Fatal Error] :1:1: Premature end of file.
2025-08-15 23:12:34,001 [ERROR] LogOutputStream:75 - [STDERR_REDIRECT] 
2025-08-15 23:12:34,029 [ERROR] LogOutputStream:75 - [STDERR_REDIRECT] [Fatal Error] :1:1: Premature end of file.
2025-08-15 23:12:34,029 [ERROR] LogOutputStream:75 - [STDERR_REDIRECT] 
2025-08-15 23:12:34,054 [ERROR] LogOutputStream:75 - [STDERR_REDIRECT] [Fatal Error] :1:1: Premature end of file.
2025-08-15 23:12:34,055 [ERROR] LogOutputStream:75 - [STDERR_REDIRECT] 
2025-08-15 23:12:34,080 [ERROR] LogOutputStream:75 - [STDERR_REDIRECT] [Fatal Error] :1:1: Premature end of file.
2025-08-15 23:12:34,080 [ERROR] LogOutputStream:75 - [STDERR_REDIRECT] 
2025-08-15 23:12:34,107 [ERROR] LogOutputStream:75 - [STDERR_REDIRECT] [Fatal Error] :1:1: Premature end of file.
2025-08-15 23:12:34,107 [ERROR] LogOutputStream:75 - [STDERR_REDIRECT] 
2025-08-15 23:12:34,132 [ERROR] LogOutputStream:75 - [STDERR_REDIRECT] [Fatal Error] :1:1: Premature end of file.
2025-08-15 23:12:34,132 [ERROR] LogOutputStream:75 - [STDERR_REDIRECT] 
2025-08-15 23:12:34,160 [ERROR] LogOutputStream:75 - [STDERR_REDIRECT] [Fatal Error] :1:1: Premature end of file.
2025-08-15 23:12:34,160 [ERROR] LogOutputStream:75 - [STDERR_REDIRECT] 
2025-08-15 23:12:34,195 [ERROR] LogOutputStream:75 - [STDERR_REDIRECT] [Fatal Error] :1:1: Premature end of file.
2025-08-15 23:12:34,196 [ERROR] LogOutputStream:75 - [STDERR_REDIRECT] 
2025-08-15 23:12:34,227 [ERROR] LogOutputStream:75 - [STDERR_REDIRECT] [Fatal Error] :1:1: Premature end of file.
2025-08-15 23:12:34,228 [ERROR] LogOutputStream:75 - [STDERR_REDIRECT] 
2025-08-15 23:12:34,251 [ERROR] LogOutputStream:75 - [STDERR_REDIRECT] [Fatal Error] :1:1: Premature end of file.
2025-08-15 23:12:34,251 [ERROR] LogOutputStream:75 - [STDERR_REDIRECT] 
2025-08-15 23:12:34,275 [ERROR] LogOutputStream:75 - [STDERR_REDIRECT] [Fatal Error] :1:1: Premature end of file.
2025-08-15 23:12:34,275 [ERROR] LogOutputStream:75 - [STDERR_REDIRECT] 
2025-08-15 23:12:34,305 [ERROR] LogOutputStream:75 - [STDERR_REDIRECT] [Fatal Error] :1:1: Premature end of file.
2025-08-15 23:12:34,305 [ERROR] LogOutputStream:75 - [STDERR_REDIRECT] 
2025-08-15 23:12:34,330 [ERROR] LogOutputStream:75 - [STDERR_REDIRECT] [Fatal Error] :1:1: Premature end of file.
2025-08-15 23:12:34,330 [ERROR] LogOutputStream:75 - [STDERR_REDIRECT] 
2025-08-15 23:12:34,360 [ERROR] LogOutputStream:75 - [STDERR_REDIRECT] [Fatal Error] :1:1: Premature end of file.
2025-08-15 23:12:34,361 [ERROR] LogOutputStream:75 - [STDERR_REDIRECT] 
2025-08-15 23:12:34,383 [ERROR] LogOutputStream:75 - [STDERR_REDIRECT] [Fatal Error] :1:1: Premature end of file.
2025-08-15 23:12:34,383 [ERROR] LogOutputStream:75 - [STDERR_REDIRECT] 
2025-08-15 23:12:34,409 [ERROR] LogOutputStream:75 - [STDERR_REDIRECT] [Fatal Error] :1:1: Premature end of file.
2025-08-15 23:12:34,409 [ERROR] LogOutputStream:75 - [STDERR_REDIRECT] 
2025-08-15 23:12:34,434 [ERROR] LogOutputStream:75 - [STDERR_REDIRECT] [Fatal Error] :1:1: Premature end of file.
2025-08-15 23:12:34,434 [ERROR] LogOutputStream:75 - [STDERR_REDIRECT] 
2025-08-15 23:12:34,462 [ERROR] LogOutputStream:75 - [STDERR_REDIRECT] [Fatal Error] :1:1: Premature end of file.
2025-08-15 23:12:34,462 [ERROR] LogOutputStream:75 - [STDERR_REDIRECT] 
2025-08-15 23:12:34,486 [ERROR] LogOutputStream:75 - [STDERR_REDIRECT] [Fatal Error] :1:1: Premature end of file.
2025-08-15 23:12:34,486 [ERROR] LogOutputStream:75 - [STDERR_REDIRECT] 
2025-08-15 23:12:34,513 [ERROR] LogOutputStream:75 - [STDERR_REDIRECT] [Fatal Error] :1:1: Premature end of file.
2025-08-15 23:12:34,513 [ERROR] LogOutputStream:75 - [STDERR_REDIRECT] 
2025-08-15 23:12:34,538 [ERROR] LogOutputStream:75 - [STDERR_REDIRECT] [Fatal Error] :1:1: Premature end of file.
2025-08-15 23:12:34,538 [ERROR] LogOutputStream:75 - [STDERR_REDIRECT] 
2025-08-15 23:12:34,564 [ERROR] LogOutputStream:75 - [STDERR_REDIRECT] [Fatal Error] :1:1: Premature end of file.
2025-08-15 23:12:34,564 [ERROR] LogOutputStream:75 - [STDERR_REDIRECT] 
2025-08-15 23:12:34,589 [ERROR] LogOutputStream:75 - [STDERR_REDIRECT] [Fatal Error] :1:1: Premature end of file.
2025-08-15 23:12:34,589 [ERROR] LogOutputStream:75 - [STDERR_REDIRECT] 
2025-08-15 23:12:34,613 [ERROR] LogOutputStream:75 - [STDERR_REDIRECT] [Fatal Error] :1:1: Premature end of file.
2025-08-15 23:12:34,614 [ERROR] LogOutputStream:75 - [STDERR_REDIRECT] 
2025-08-15 23:12:34,639 [ERROR] LogOutputStream:75 - [STDERR_REDIRECT] [Fatal Error] :1:1: Premature end of file.
2025-08-15 23:12:34,639 [ERROR] LogOutputStream:75 - [STDERR_REDIRECT] 
2025-08-15 23:12:34,666 [ERROR] LogOutputStream:75 - [STDERR_REDIRECT] [Fatal Error] :1:1: Premature end of file.
2025-08-15 23:12:34,666 [ERROR] LogOutputStream:75 - [STDERR_REDIRECT] 
2025-08-15 23:12:34,692 [ERROR] LogOutputStream:75 - [STDERR_REDIRECT] [Fatal Error] :1:1: Premature end of file.
2025-08-15 23:12:34,692 [ERROR] LogOutputStream:75 - [STDERR_REDIRECT] 
2025-08-15 23:12:34,715 [ERROR] LogOutputStream:75 - [STDERR_REDIRECT] [Fatal Error] :1:1: Premature end of file.
2025-08-15 23:12:34,716 [ERROR] LogOutputStream:75 - [STDERR_REDIRECT] 
2025-08-15 23:12:34,741 [ERROR] LogOutputStream:75 - [STDERR_REDIRECT] [Fatal Error] :1:1: Premature end of file.
2025-08-15 23:12:34,741 [ERROR] LogOutputStream:75 - [STDERR_REDIRECT] 
2025-08-15 23:12:34,765 [ERROR] LogOutputStream:75 - [STDERR_REDIRECT] [Fatal Error] :1:1: Premature end of file.
2025-08-15 23:12:34,765 [ERROR] LogOutputStream:75 - [STDERR_REDIRECT] 
2025-08-15 23:12:34,791 [ERROR] LogOutputStream:75 - [STDERR_REDIRECT] [Fatal Error] :1:1: Premature end of file.
2025-08-15 23:12:34,791 [ERROR] LogOutputStream:75 - [STDERR_REDIRECT] 
2025-08-15 23:12:34,814 [ERROR] LogOutputStream:75 - [STDERR_REDIRECT] [Fatal Error] :1:1: Premature end of file.
2025-08-15 23:12:34,815 [ERROR] LogOutputStream:75 - [STDERR_REDIRECT] 
2025-08-15 23:12:34,839 [ERROR] LogOutputStream:75 - [STDERR_REDIRECT] [Fatal Error] :1:1: Premature end of file.
2025-08-15 23:12:34,839 [ERROR] LogOutputStream:75 - [STDERR_REDIRECT] 
2025-08-15 23:12:34,862 [ERROR] LogOutputStream:75 - [STDERR_REDIRECT] [Fatal Error] :1:1: Premature end of file.
2025-08-15 23:12:34,862 [ERROR] LogOutputStream:75 - [STDERR_REDIRECT] 
2025-08-15 23:12:34,884 [ERROR] LogOutputStream:75 - [STDERR_REDIRECT] [Fatal Error] :1:1: Premature end of file.
2025-08-15 23:12:34,884 [ERROR] LogOutputStream:75 - [STDERR_REDIRECT] 
2025-08-15 23:12:34,908 [ERROR] LogOutputStream:75 - [STDERR_REDIRECT] [Fatal Error] :1:1: Premature end of file.
2025-08-15 23:12:34,908 [ERROR] LogOutputStream:75 - [STDERR_REDIRECT] 
2025-08-15 23:12:34,931 [ERROR] LogOutputStream:75 - [STDERR_REDIRECT] [Fatal Error] :1:1: Premature end of file.
2025-08-15 23:12:34,931 [ERROR] LogOutputStream:75 - [STDERR_REDIRECT] 
2025-08-15 23:12:34,955 [ERROR] LogOutputStream:75 - [STDERR_REDIRECT] [Fatal Error] :1:1: Premature end of file.
2025-08-15 23:12:34,955 [ERROR] LogOutputStream:75 - [STDERR_REDIRECT] 
2025-08-15 23:12:34,977 [ERROR] LogOutputStream:75 - [STDERR_REDIRECT] [Fatal Error] :1:1: Premature end of file.
2025-08-15 23:12:34,979 [ERROR] LogOutputStream:75 - [STDERR_REDIRECT] 
2025-08-15 23:12:35,003 [ERROR] LogOutputStream:75 - [STDERR_REDIRECT] [Fatal Error] :1:1: Premature end of file.
2025-08-15 23:12:35,003 [ERROR] LogOutputStream:75 - [STDERR_REDIRECT] 
2025-08-15 23:12:35,029 [ERROR] LogOutputStream:75 - [STDERR_REDIRECT] [Fatal Error] :1:1: Premature end of file.
2025-08-15 23:12:35,029 [ERROR] LogOutputStream:75 - [STDERR_REDIRECT] 
2025-08-15 23:12:35,054 [ERROR] LogOutputStream:75 - [STDERR_REDIRECT] [Fatal Error] :1:1: Premature end of file.
2025-08-15 23:12:35,054 [ERROR] LogOutputStream:75 - [STDERR_REDIRECT] 
2025-08-15 23:12:35,080 [ERROR] LogOutputStream:75 - [STDERR_REDIRECT] [Fatal Error] :1:1: Premature end of file.
2025-08-15 23:12:35,080 [ERROR] LogOutputStream:75 - [STDERR_REDIRECT] 
2025-08-15 23:12:35,107 [ERROR] LogOutputStream:75 - [STDERR_REDIRECT] [Fatal Error] :1:1: Premature end of file.
2025-08-15 23:12:35,107 [ERROR] LogOutputStream:75 - [STDERR_REDIRECT] 
2025-08-15 23:12:35,132 [ERROR] LogOutputStream:75 - [STDERR_REDIRECT] [Fatal Error] :1:1: Premature end of file.
2025-08-15 23:12:35,133 [ERROR] LogOutputStream:75 - [STDERR_REDIRECT] 
2025-08-15 23:12:35,157 [ERROR] LogOutputStream:75 - [STDERR_REDIRECT] [Fatal Error] :1:1: Premature end of file.
2025-08-15 23:12:35,157 [ERROR] LogOutputStream:75 - [STDERR_REDIRECT] 
2025-08-15 23:12:35,182 [ERROR] LogOutputStream:75 - [STDERR_REDIRECT] [Fatal Error] :1:1: Premature end of file.
2025-08-15 23:12:35,182 [ERROR] LogOutputStream:75 - [STDERR_REDIRECT] 
2025-08-15 23:12:35,205 [ERROR] LogOutputStream:75 - [STDERR_REDIRECT] [Fatal Error] :1:1: Premature end of file.
2025-08-15 23:12:35,205 [ERROR] LogOutputStream:75 - [STDERR_REDIRECT] 
2025-08-15 23:12:35,228 [ERROR] LogOutputStream:75 - [STDERR_REDIRECT] [Fatal Error] :1:1: Premature end of file.
2025-08-15 23:12:35,228 [ERROR] LogOutputStream:75 - [STDERR_REDIRECT] 
2025-08-15 23:12:35,249 [ERROR] LogOutputStream:75 - [STDERR_REDIRECT] [Fatal Error] :1:1: Premature end of file.
2025-08-15 23:12:35,249 [ERROR] LogOutputStream:75 - [STDERR_REDIRECT] 
2025-08-15 23:12:35,273 [ERROR] LogOutputStream:75 - [STDERR_REDIRECT] [Fatal Error] :1:1: Premature end of file.
2025-08-15 23:12:35,273 [ERROR] LogOutputStream:75 - [STDERR_REDIRECT] 
2025-08-15 23:12:35,296 [ERROR] LogOutputStream:75 - [STDERR_REDIRECT] [Fatal Error] :1:1: Premature end of file.
2025-08-15 23:12:35,297 [ERROR] LogOutputStream:75 - [STDERR_REDIRECT] 
2025-08-15 23:12:35,319 [ERROR] LogOutputStream:75 - [STDERR_REDIRECT] [Fatal Error] :1:1: Premature end of file.
2025-08-15 23:12:35,319 [ERROR] LogOutputStream:75 - [STDERR_REDIRECT] 
2025-08-15 23:12:35,344 [ERROR] LogOutputStream:75 - [STDERR_REDIRECT] [Fatal Error] :1:1: Premature end of file.
2025-08-15 23:12:35,344 [ERROR] LogOutputStream:75 - [STDERR_REDIRECT] 
2025-08-15 23:12:35,367 [ERROR] LogOutputStream:75 - [STDERR_REDIRECT] [Fatal Error] :1:1: Premature end of file.
2025-08-15 23:12:35,367 [ERROR] LogOutputStream:75 - [STDERR_REDIRECT] 
2025-08-15 23:12:35,394 [ERROR] LogOutputStream:75 - [STDERR_REDIRECT] [Fatal Error] :1:1: Premature end of file.
2025-08-15 23:12:35,394 [ERROR] LogOutputStream:75 - [STDERR_REDIRECT] 
2025-08-15 23:12:35,418 [ERROR] LogOutputStream:75 - [STDERR_REDIRECT] [Fatal Error] :1:1: Premature end of file.
2025-08-15 23:12:35,418 [ERROR] LogOutputStream:75 - [STDERR_REDIRECT] 
2025-08-15 23:12:35,443 [ERROR] LogOutputStream:75 - [STDERR_REDIRECT] [Fatal Error] :1:1: Premature end of file.
2025-08-15 23:12:35,443 [ERROR] LogOutputStream:75 - [STDERR_REDIRECT] 
2025-08-15 23:12:35,470 [ERROR] LogOutputStream:75 - [STDERR_REDIRECT] [Fatal Error] :1:1: Premature end of file.
2025-08-15 23:12:35,471 [ERROR] LogOutputStream:75 - [STDERR_REDIRECT] 
2025-08-15 23:12:35,498 [ERROR] LogOutputStream:75 - [STDERR_REDIRECT] [Fatal Error] :1:1: Premature end of file.
2025-08-15 23:12:35,498 [ERROR] LogOutputStream:75 - [STDERR_REDIRECT] 
2025-08-15 23:12:35,528 [ERROR] LogOutputStream:75 - [STDERR_REDIRECT] [Fatal Error] :1:1: Premature end of file.
2025-08-15 23:12:35,528 [ERROR] LogOutputStream:75 - [STDERR_REDIRECT] 
2025-08-15 23:12:35,556 [ERROR] LogOutputStream:75 - [STDERR_REDIRECT] [Fatal Error] :1:1: Premature end of file.
2025-08-15 23:12:35,556 [ERROR] LogOutputStream:75 - [STDERR_REDIRECT] 
2025-08-15 23:12:35,578 [ERROR] LogOutputStream:75 - [STDERR_REDIRECT] [Fatal Error] :1:1: Premature end of file.
2025-08-15 23:12:35,578 [ERROR] LogOutputStream:75 - [STDERR_REDIRECT] 
2025-08-15 23:12:35,608 [ERROR] LogOutputStream:75 - [STDERR_REDIRECT] [Fatal Error] :1:1: Premature end of file.
2025-08-15 23:12:35,609 [ERROR] LogOutputStream:75 - [STDERR_REDIRECT] 
2025-08-15 23:12:35,631 [ERROR] LogOutputStream:75 - [STDERR_REDIRECT] [Fatal Error] :1:1: Premature end of file.
2025-08-15 23:12:35,631 [ERROR] LogOutputStream:75 - [STDERR_REDIRECT] 
2025-08-15 23:12:35,656 [ERROR] LogOutputStream:75 - [STDERR_REDIRECT] [Fatal Error] :1:1: Premature end of file.
2025-08-15 23:12:35,657 [ERROR] LogOutputStream:75 - [STDERR_REDIRECT] 
2025-08-15 23:12:35,680 [ERROR] LogOutputStream:75 - [STDERR_REDIRECT] [Fatal Error] :1:1: Premature end of file.
2025-08-15 23:12:35,681 [ERROR] LogOutputStream:75 - [STDERR_REDIRECT] 
2025-08-15 23:12:35,704 [ERROR] LogOutputStream:75 - [STDERR_REDIRECT] [Fatal Error] :1:1: Premature end of file.
2025-08-15 23:12:35,706 [ERROR] LogOutputStream:75 - [STDERR_REDIRECT] 
2025-08-15 23:12:35,729 [ERROR] LogOutputStream:75 - [STDERR_REDIRECT] [Fatal Error] :1:1: Premature end of file.
2025-08-15 23:12:35,729 [ERROR] LogOutputStream:75 - [STDERR_REDIRECT] 
2025-08-15 23:12:35,754 [ERROR] LogOutputStream:75 - [STDERR_REDIRECT] [Fatal Error] :1:1: Premature end of file.
2025-08-15 23:12:35,755 [ERROR] LogOutputStream:75 - [STDERR_REDIRECT] 
2025-08-15 23:12:35,785 [ERROR] LogOutputStream:75 - [STDERR_REDIRECT] [Fatal Error] :1:1: Premature end of file.
2025-08-15 23:12:35,786 [ERROR] LogOutputStream:75 - [STDERR_REDIRECT] 
2025-08-15 23:12:35,817 [ERROR] LogOutputStream:75 - [STDERR_REDIRECT] [Fatal Error] :1:1: Premature end of file.
2025-08-15 23:12:35,817 [ERROR] LogOutputStream:75 - [STDERR_REDIRECT] 
2025-08-15 23:12:35,852 [ERROR] LogOutputStream:75 - [STDERR_REDIRECT] [Fatal Error] :1:1: Premature end of file.
2025-08-15 23:12:35,852 [ERROR] LogOutputStream:75 - [STDERR_REDIRECT] 
2025-08-15 23:12:35,887 [ERROR] LogOutputStream:75 - [STDERR_REDIRECT] [Fatal Error] :1:1: Premature end of file.
2025-08-15 23:12:35,888 [ERROR] LogOutputStream:75 - [STDERR_REDIRECT] 
2025-08-15 23:12:35,919 [ERROR] LogOutputStream:75 - [STDERR_REDIRECT] [Fatal Error] :1:1: Premature end of file.
2025-08-15 23:12:35,919 [ERROR] LogOutputStream:75 - [STDERR_REDIRECT] 
2025-08-15 23:12:35,948 [ERROR] LogOutputStream:75 - [STDERR_REDIRECT] [Fatal Error] :1:1: Premature end of file.
2025-08-15 23:12:35,948 [ERROR] LogOutputStream:75 - [STDERR_REDIRECT] 
2025-08-15 23:12:35,976 [ERROR] LogOutputStream:75 - [STDERR_REDIRECT] [Fatal Error] :1:1: Premature end of file.
2025-08-15 23:12:35,976 [ERROR] LogOutputStream:75 - [STDERR_REDIRECT] 
2025-08-15 23:12:36,000 [ERROR] LogOutputStream:75 - [STDERR_REDIRECT] [Fatal Error] :1:1: Premature end of file.
2025-08-15 23:12:36,000 [ERROR] LogOutputStream:75 - [STDERR_REDIRECT] 
2025-08-15 23:12:36,024 [ERROR] LogOutputStream:75 - [STDERR_REDIRECT] [Fatal Error] :1:1: Premature end of file.
2025-08-15 23:12:36,024 [ERROR] LogOutputStream:75 - [STDERR_REDIRECT] 
2025-08-15 23:12:36,048 [ERROR] LogOutputStream:75 - [STDERR_REDIRECT] [Fatal Error] :1:1: Premature end of file.
2025-08-15 23:12:36,048 [ERROR] LogOutputStream:75 - [STDERR_REDIRECT] 
2025-08-15 23:12:36,070 [ERROR] LogOutputStream:75 - [STDERR_REDIRECT] [Fatal Error] :1:1: Premature end of file.
2025-08-15 23:12:36,070 [ERROR] LogOutputStream:75 - [STDERR_REDIRECT] 
2025-08-15 23:12:36,094 [ERROR] LogOutputStream:75 - [STDERR_REDIRECT] [Fatal Error] :1:1: Premature end of file.
2025-08-15 23:12:36,094 [ERROR] LogOutputStream:75 - [STDERR_REDIRECT] 
2025-08-15 23:12:36,116 [ERROR] LogOutputStream:75 - [STDERR_REDIRECT] [Fatal Error] :1:1: Premature end of file.
2025-08-15 23:12:36,117 [ERROR] LogOutputStream:75 - [STDERR_REDIRECT] 
2025-08-15 23:12:36,139 [ERROR] LogOutputStream:75 - [STDERR_REDIRECT] [Fatal Error] :1:1: Premature end of file.
2025-08-15 23:12:36,140 [ERROR] LogOutputStream:75 - [STDERR_REDIRECT] 
2025-08-15 23:12:36,162 [ERROR] LogOutputStream:75 - [STDERR_REDIRECT] [Fatal Error] :1:1: Premature end of file.
2025-08-15 23:12:36,162 [ERROR] LogOutputStream:75 - [STDERR_REDIRECT] 
2025-08-15 23:12:36,185 [ERROR] LogOutputStream:75 - [STDERR_REDIRECT] [Fatal Error] :1:1: Premature end of file.
2025-08-15 23:12:36,185 [ERROR] LogOutputStream:75 - [STDERR_REDIRECT] 
2025-08-15 23:12:36,209 [ERROR] LogOutputStream:75 - [STDERR_REDIRECT] [Fatal Error] :1:1: Premature end of file.
2025-08-15 23:12:36,209 [ERROR] LogOutputStream:75 - [STDERR_REDIRECT] 
2025-08-15 23:12:36,232 [ERROR] LogOutputStream:75 - [STDERR_REDIRECT] [Fatal Error] :1:1: Premature end of file.
2025-08-15 23:12:36,232 [ERROR] LogOutputStream:75 - [STDERR_REDIRECT] 
2025-08-15 23:12:36,257 [ERROR] LogOutputStream:75 - [STDERR_REDIRECT] [Fatal Error] :1:1: Premature end of file.
2025-08-15 23:12:36,257 [ERROR] LogOutputStream:75 - [STDERR_REDIRECT] 
2025-08-15 23:12:36,280 [ERROR] LogOutputStream:75 - [STDERR_REDIRECT] [Fatal Error] :1:1: Premature end of file.
2025-08-15 23:12:36,280 [ERROR] LogOutputStream:75 - [STDERR_REDIRECT] 
2025-08-15 23:12:36,304 [ERROR] LogOutputStream:75 - [STDERR_REDIRECT] [Fatal Error] :1:1: Premature end of file.
2025-08-15 23:12:36,304 [ERROR] LogOutputStream:75 - [STDERR_REDIRECT] 
2025-08-15 23:12:36,328 [ERROR] LogOutputStream:75 - [STDERR_REDIRECT] [Fatal Error] :1:1: Premature end of file.
2025-08-15 23:12:36,328 [ERROR] LogOutputStream:75 - [STDERR_REDIRECT] 
2025-08-15 23:12:36,352 [ERROR] LogOutputStream:75 - [STDERR_REDIRECT] [Fatal Error] :1:1: Premature end of file.
2025-08-15 23:12:36,353 [ERROR] LogOutputStream:75 - [STDERR_REDIRECT] 
2025-08-15 23:12:36,379 [ERROR] LogOutputStream:75 - [STDERR_REDIRECT] [Fatal Error] :1:1: Premature end of file.
2025-08-15 23:12:36,379 [ERROR] LogOutputStream:75 - [STDERR_REDIRECT] 
2025-08-15 23:12:36,403 [ERROR] LogOutputStream:75 - [STDERR_REDIRECT] [Fatal Error] :1:1: Premature end of file.
2025-08-15 23:12:36,403 [ERROR] LogOutputStream:75 - [STDERR_REDIRECT] 
2025-08-15 23:12:36,429 [ERROR] LogOutputStream:75 - [STDERR_REDIRECT] [Fatal Error] :1:1: Premature end of file.
2025-08-15 23:12:36,429 [ERROR] LogOutputStream:75 - [STDERR_REDIRECT] 
2025-08-15 23:12:36,454 [ERROR] LogOutputStream:75 - [STDERR_REDIRECT] [Fatal Error] :1:1: Premature end of file.
2025-08-15 23:12:36,454 [ERROR] LogOutputStream:75 - [STDERR_REDIRECT] 
2025-08-15 23:12:36,479 [ERROR] LogOutputStream:75 - [STDERR_REDIRECT] [Fatal Error] :1:1: Premature end of file.
2025-08-15 23:12:36,479 [ERROR] LogOutputStream:75 - [STDERR_REDIRECT] 
2025-08-15 23:12:36,503 [ERROR] LogOutputStream:75 - [STDERR_REDIRECT] [Fatal Error] :1:1: Premature end of file.
2025-08-15 23:12:36,503 [ERROR] LogOutputStream:75 - [STDERR_REDIRECT] 
2025-08-15 23:12:36,530 [ERROR] LogOutputStream:75 - [STDERR_REDIRECT] [Fatal Error] :1:1: Premature end of file.
2025-08-15 23:12:36,530 [ERROR] LogOutputStream:75 - [STDERR_REDIRECT] 
2025-08-15 23:12:36,557 [ERROR] LogOutputStream:75 - [STDERR_REDIRECT] [Fatal Error] :1:1: Premature end of file.
2025-08-15 23:12:36,557 [ERROR] LogOutputStream:75 - [STDERR_REDIRECT] 
2025-08-15 23:12:36,582 [ERROR] LogOutputStream:75 - [STDERR_REDIRECT] [Fatal Error] :1:1: Premature end of file.
2025-08-15 23:12:36,583 [ERROR] LogOutputStream:75 - [STDERR_REDIRECT] 
2025-08-15 23:12:36,606 [ERROR] LogOutputStream:75 - [STDERR_REDIRECT] [Fatal Error] :1:1: Premature end of file.
2025-08-15 23:12:36,608 [ERROR] LogOutputStream:75 - [STDERR_REDIRECT] 
2025-08-15 23:12:36,634 [ERROR] LogOutputStream:75 - [STDERR_REDIRECT] [Fatal Error] :1:1: Premature end of file.
2025-08-15 23:12:36,634 [ERROR] LogOutputStream:75 - [STDERR_REDIRECT] 
2025-08-15 23:12:36,657 [ERROR] LogOutputStream:75 - [STDERR_REDIRECT] [Fatal Error] :1:1: Premature end of file.
2025-08-15 23:12:36,657 [ERROR] LogOutputStream:75 - [STDERR_REDIRECT] 
2025-08-15 23:12:36,682 [ERROR] LogOutputStream:75 - [STDERR_REDIRECT] [Fatal Error] :1:1: Premature end of file.
2025-08-15 23:12:36,682 [ERROR] LogOutputStream:75 - [STDERR_REDIRECT] 
2025-08-15 23:12:36,706 [ERROR] LogOutputStream:75 - [STDERR_REDIRECT] [Fatal Error] :1:1: Premature end of file.
2025-08-15 23:12:36,706 [ERROR] LogOutputStream:75 - [STDERR_REDIRECT] 
2025-08-15 23:12:36,730 [ERROR] LogOutputStream:75 - [STDERR_REDIRECT] [Fatal Error] :1:1: Premature end of file.
2025-08-15 23:12:36,730 [ERROR] LogOutputStream:75 - [STDERR_REDIRECT] 
2025-08-15 23:12:36,755 [ERROR] LogOutputStream:75 - [STDERR_REDIRECT] [Fatal Error] :1:1: Premature end of file.
2025-08-15 23:12:36,755 [ERROR] LogOutputStream:75 - [STDERR_REDIRECT] 
2025-08-15 23:12:36,780 [ERROR] LogOutputStream:75 - [STDERR_REDIRECT] [Fatal Error] :1:1: Premature end of file.
2025-08-15 23:12:36,780 [ERROR] LogOutputStream:75 - [STDERR_REDIRECT] 
2025-08-15 23:12:36,803 [ERROR] LogOutputStream:75 - [STDERR_REDIRECT] [Fatal Error] :1:1: Premature end of file.
2025-08-15 23:12:36,803 [ERROR] LogOutputStream:75 - [STDERR_REDIRECT] 
2025-08-15 23:12:36,828 [ERROR] LogOutputStream:75 - [STDERR_REDIRECT] [Fatal Error] :1:1: Premature end of file.
2025-08-15 23:12:36,828 [ERROR] LogOutputStream:75 - [STDERR_REDIRECT] 
2025-08-15 23:12:36,853 [ERROR] LogOutputStream:75 - [STDERR_REDIRECT] [Fatal Error] :1:1: Premature end of file.
2025-08-15 23:12:36,853 [ERROR] LogOutputStream:75 - [STDERR_REDIRECT] 
2025-08-15 23:12:36,880 [ERROR] LogOutputStream:75 - [STDERR_REDIRECT] [Fatal Error] :1:1: Premature end of file.
2025-08-15 23:12:36,880 [ERROR] LogOutputStream:75 - [STDERR_REDIRECT] 
2025-08-15 23:12:36,906 [ERROR] LogOutputStream:75 - [STDERR_REDIRECT] [Fatal Error] :1:1: Premature end of file.
2025-08-15 23:12:36,906 [ERROR] LogOutputStream:75 - [STDERR_REDIRECT] 
2025-08-15 23:12:36,930 [ERROR] LogOutputStream:75 - [STDERR_REDIRECT] [Fatal Error] :1:1: Premature end of file.
2025-08-15 23:12:36,931 [ERROR] LogOutputStream:75 - [STDERR_REDIRECT] 
2025-08-15 23:12:36,957 [ERROR] LogOutputStream:75 - [STDERR_REDIRECT] [Fatal Error] :1:1: Premature end of file.
2025-08-15 23:12:36,957 [ERROR] LogOutputStream:75 - [STDERR_REDIRECT] 
2025-08-15 23:12:36,982 [ERROR] LogOutputStream:75 - [STDERR_REDIRECT] [Fatal Error] :1:1: Premature end of file.
2025-08-15 23:12:36,983 [ERROR] LogOutputStream:75 - [STDERR_REDIRECT] 
2025-08-15 23:12:37,007 [ERROR] LogOutputStream:75 - [STDERR_REDIRECT] [Fatal Error] :1:1: Premature end of file.
2025-08-15 23:12:37,007 [ERROR] LogOutputStream:75 - [STDERR_REDIRECT] 
2025-08-15 23:12:37,033 [ERROR] LogOutputStream:75 - [STDERR_REDIRECT] [Fatal Error] :1:1: Premature end of file.
2025-08-15 23:12:37,033 [ERROR] LogOutputStream:75 - [STDERR_REDIRECT] 
2025-08-15 23:12:37,060 [ERROR] LogOutputStream:75 - [STDERR_REDIRECT] [Fatal Error] :1:1: Premature end of file.
2025-08-15 23:12:37,060 [ERROR] LogOutputStream:75 - [STDERR_REDIRECT] 
2025-08-15 23:12:37,085 [ERROR] LogOutputStream:75 - [STDERR_REDIRECT] [Fatal Error] :1:1: Premature end of file.
2025-08-15 23:12:37,085 [ERROR] LogOutputStream:75 - [STDERR_REDIRECT] 
2025-08-15 23:12:37,110 [ERROR] LogOutputStream:75 - [STDERR_REDIRECT] [Fatal Error] :1:1: Premature end of file.
2025-08-15 23:12:37,110 [ERROR] LogOutputStream:75 - [STDERR_REDIRECT] 
2025-08-15 23:12:37,141 [ERROR] LogOutputStream:75 - [STDERR_REDIRECT] [Fatal Error] :1:1: Premature end of file.
2025-08-15 23:12:37,142 [ERROR] LogOutputStream:75 - [STDERR_REDIRECT] 
2025-08-15 23:12:37,166 [ERROR] LogOutputStream:75 - [STDERR_REDIRECT] [Fatal Error] :1:1: Premature end of file.
2025-08-15 23:12:37,166 [ERROR] LogOutputStream:75 - [STDERR_REDIRECT] 
2025-08-15 23:12:37,189 [ERROR] LogOutputStream:75 - [STDERR_REDIRECT] [Fatal Error] :1:1: Premature end of file.
2025-08-15 23:12:37,189 [ERROR] LogOutputStream:75 - [STDERR_REDIRECT] 
2025-08-15 23:12:37,213 [ERROR] LogOutputStream:75 - [STDERR_REDIRECT] [Fatal Error] :1:1: Premature end of file.
2025-08-15 23:12:37,213 [ERROR] LogOutputStream:75 - [STDERR_REDIRECT] 
2025-08-15 23:12:37,236 [ERROR] LogOutputStream:75 - [STDERR_REDIRECT] [Fatal Error] :1:1: Premature end of file.
2025-08-15 23:12:37,237 [ERROR] LogOutputStream:75 - [STDERR_REDIRECT] 
2025-08-15 23:12:37,260 [ERROR] LogOutputStream:75 - [STDERR_REDIRECT] [Fatal Error] :1:1: Premature end of file.
2025-08-15 23:12:37,260 [ERROR] LogOutputStream:75 - [STDERR_REDIRECT] 
2025-08-15 23:12:37,283 [ERROR] LogOutputStream:75 - [STDERR_REDIRECT] [Fatal Error] :1:1: Premature end of file.
2025-08-15 23:12:37,283 [ERROR] LogOutputStream:75 - [STDERR_REDIRECT] 
2025-08-15 23:12:37,307 [ERROR] LogOutputStream:75 - [STDERR_REDIRECT] [Fatal Error] :1:1: Premature end of file.
2025-08-15 23:12:37,307 [ERROR] LogOutputStream:75 - [STDERR_REDIRECT] 
2025-08-15 23:12:37,332 [ERROR] LogOutputStream:75 - [STDERR_REDIRECT] [Fatal Error] :1:1: Premature end of file.
2025-08-15 23:12:37,332 [ERROR] LogOutputStream:75 - [STDERR_REDIRECT] 
2025-08-15 23:12:37,360 [ERROR] LogOutputStream:75 - [STDERR_REDIRECT] [Fatal Error] :1:1: Premature end of file.
2025-08-15 23:12:37,360 [ERROR] LogOutputStream:75 - [STDERR_REDIRECT] 
2025-08-15 23:12:37,390 [ERROR] LogOutputStream:75 - [STDERR_REDIRECT] [Fatal Error] :1:1: Premature end of file.
2025-08-15 23:12:37,390 [ERROR] LogOutputStream:75 - [STDERR_REDIRECT] 
2025-08-15 23:12:37,431 [ERROR] LogOutputStream:75 - [STDERR_REDIRECT] [Fatal Error] :1:1: Premature end of file.
2025-08-15 23:12:37,432 [ERROR] LogOutputStream:75 - [STDERR_REDIRECT] 
2025-08-15 23:12:37,472 [ERROR] LogOutputStream:75 - [STDERR_REDIRECT] [Fatal Error] :1:1: Premature end of file.
2025-08-15 23:12:37,472 [ERROR] LogOutputStream:75 - [STDERR_REDIRECT] 
2025-08-15 23:12:37,505 [ERROR] LogOutputStream:75 - [STDERR_REDIRECT] [Fatal Error] :1:1: Premature end of file.
2025-08-15 23:12:37,505 [ERROR] LogOutputStream:75 - [STDERR_REDIRECT] 
2025-08-15 23:12:37,529 [ERROR] LogOutputStream:75 - [STDERR_REDIRECT] [Fatal Error] :1:1: Premature end of file.
2025-08-15 23:12:37,530 [ERROR] LogOutputStream:75 - [STDERR_REDIRECT] 
2025-08-15 23:12:37,555 [ERROR] LogOutputStream:75 - [STDERR_REDIRECT] [Fatal Error] :1:1: Premature end of file.
2025-08-15 23:12:37,555 [ERROR] LogOutputStream:75 - [STDERR_REDIRECT] 
2025-08-15 23:12:37,577 [ERROR] LogOutputStream:75 - [STDERR_REDIRECT] [Fatal Error] :1:1: Premature end of file.
2025-08-15 23:12:37,577 [ERROR] LogOutputStream:75 - [STDERR_REDIRECT] 
2025-08-15 23:12:37,603 [ERROR] LogOutputStream:75 - [STDERR_REDIRECT] [Fatal Error] :1:1: Premature end of file.
2025-08-15 23:12:37,604 [ERROR] LogOutputStream:75 - [STDERR_REDIRECT] 
2025-08-15 23:12:37,627 [ERROR] LogOutputStream:75 - [STDERR_REDIRECT] [Fatal Error] :1:1: Premature end of file.
2025-08-15 23:12:37,627 [ERROR] LogOutputStream:75 - [STDERR_REDIRECT] 
2025-08-15 23:12:37,654 [ERROR] LogOutputStream:75 - [STDERR_REDIRECT] [Fatal Error] :1:1: Premature end of file.
2025-08-15 23:12:37,656 [ERROR] LogOutputStream:75 - [STDERR_REDIRECT] 
2025-08-15 23:12:37,680 [ERROR] LogOutputStream:75 - [STDERR_REDIRECT] [Fatal Error] :1:1: Premature end of file.
2025-08-15 23:12:37,680 [ERROR] LogOutputStream:75 - [STDERR_REDIRECT] 
2025-08-15 23:12:37,702 [ERROR] LogOutputStream:75 - [STDERR_REDIRECT] [Fatal Error] :1:1: Premature end of file.
2025-08-15 23:12:37,702 [ERROR] LogOutputStream:75 - [STDERR_REDIRECT] 
2025-08-15 23:12:37,725 [ERROR] LogOutputStream:75 - [STDERR_REDIRECT] [Fatal Error] :1:1: Premature end of file.
2025-08-15 23:12:37,725 [ERROR] LogOutputStream:75 - [STDERR_REDIRECT] 
2025-08-15 23:12:37,749 [ERROR] LogOutputStream:75 - [STDERR_REDIRECT] [Fatal Error] :1:1: Premature end of file.
2025-08-15 23:12:37,749 [ERROR] LogOutputStream:75 - [STDERR_REDIRECT] 
2025-08-15 23:12:37,772 [ERROR] LogOutputStream:75 - [STDERR_REDIRECT] [Fatal Error] :1:1: Premature end of file.
2025-08-15 23:12:37,772 [ERROR] LogOutputStream:75 - [STDERR_REDIRECT] 
2025-08-15 23:12:37,796 [ERROR] LogOutputStream:75 - [STDERR_REDIRECT] [Fatal Error] :1:1: Premature end of file.
2025-08-15 23:12:37,796 [ERROR] LogOutputStream:75 - [STDERR_REDIRECT] 
2025-08-15 23:12:37,819 [ERROR] LogOutputStream:75 - [STDERR_REDIRECT] [Fatal Error] :1:1: Premature end of file.
2025-08-15 23:12:37,819 [ERROR] LogOutputStream:75 - [STDERR_REDIRECT] 
2025-08-15 23:12:37,842 [ERROR] LogOutputStream:75 - [STDERR_REDIRECT] [Fatal Error] :1:1: Premature end of file.
2025-08-15 23:12:37,842 [ERROR] LogOutputStream:75 - [STDERR_REDIRECT] 
2025-08-15 23:12:37,864 [ERROR] LogOutputStream:75 - [STDERR_REDIRECT] [Fatal Error] :1:1: Premature end of file.
2025-08-15 23:12:37,864 [ERROR] LogOutputStream:75 - [STDERR_REDIRECT] 
2025-08-15 23:12:37,888 [ERROR] LogOutputStream:75 - [STDERR_REDIRECT] [Fatal Error] :1:1: Premature end of file.
2025-08-15 23:12:37,888 [ERROR] LogOutputStream:75 - [STDERR_REDIRECT] 
2025-08-15 23:12:37,914 [ERROR] LogOutputStream:75 - [STDERR_REDIRECT] [Fatal Error] :1:1: Premature end of file.
2025-08-15 23:12:37,914 [ERROR] LogOutputStream:75 - [STDERR_REDIRECT] 
2025-08-15 23:12:37,937 [ERROR] LogOutputStream:75 - [STDERR_REDIRECT] [Fatal Error] :1:1: Premature end of file.
2025-08-15 23:12:37,937 [ERROR] LogOutputStream:75 - [STDERR_REDIRECT] 
2025-08-15 23:12:37,961 [ERROR] LogOutputStream:75 - [STDERR_REDIRECT] [Fatal Error] :1:1: Premature end of file.
2025-08-15 23:12:37,961 [ERROR] LogOutputStream:75 - [STDERR_REDIRECT] 
2025-08-15 23:12:37,985 [ERROR] LogOutputStream:75 - [STDERR_REDIRECT] [Fatal Error] :1:1: Premature end of file.
2025-08-15 23:12:37,986 [ERROR] LogOutputStream:75 - [STDERR_REDIRECT] 
2025-08-15 23:12:38,009 [ERROR] LogOutputStream:75 - [STDERR_REDIRECT] [Fatal Error] :1:1: Premature end of file.
2025-08-15 23:12:38,009 [ERROR] LogOutputStream:75 - [STDERR_REDIRECT] 
2025-08-15 23:12:38,032 [ERROR] LogOutputStream:75 - [STDERR_REDIRECT] [Fatal Error] :1:1: Premature end of file.
2025-08-15 23:12:38,032 [ERROR] LogOutputStream:75 - [STDERR_REDIRECT] 
2025-08-15 23:12:38,053 [ERROR] LogOutputStream:75 - [STDERR_REDIRECT] [Fatal Error] :1:1: Premature end of file.
2025-08-15 23:12:38,053 [ERROR] LogOutputStream:75 - [STDERR_REDIRECT] 
2025-08-15 23:12:38,077 [ERROR] LogOutputStream:75 - [STDERR_REDIRECT] [Fatal Error] :1:1: Premature end of file.
2025-08-15 23:12:38,077 [ERROR] LogOutputStream:75 - [STDERR_REDIRECT] 
2025-08-15 23:12:38,099 [ERROR] LogOutputStream:75 - [STDERR_REDIRECT] [Fatal Error] :1:1: Premature end of file.
2025-08-15 23:12:38,099 [ERROR] LogOutputStream:75 - [STDERR_REDIRECT] 
2025-08-15 23:12:38,119 [ERROR] LogOutputStream:75 - [STDERR_REDIRECT] [Fatal Error] :1:1: Premature end of file.
2025-08-15 23:12:38,119 [ERROR] LogOutputStream:75 - [STDERR_REDIRECT] 
2025-08-15 23:12:38,141 [ERROR] LogOutputStream:75 - [STDERR_REDIRECT] [Fatal Error] :1:1: Premature end of file.
2025-08-15 23:12:38,141 [ERROR] LogOutputStream:75 - [STDERR_REDIRECT] 
2025-08-15 23:12:38,162 [ERROR] LogOutputStream:75 - [STDERR_REDIRECT] [Fatal Error] :1:1: Premature end of file.
2025-08-15 23:12:38,164 [ERROR] LogOutputStream:75 - [STDERR_REDIRECT] 
2025-08-15 23:12:38,186 [ERROR] LogOutputStream:75 - [STDERR_REDIRECT] [Fatal Error] :1:1: Premature end of file.
2025-08-15 23:12:38,186 [ERROR] LogOutputStream:75 - [STDERR_REDIRECT] 
2025-08-15 23:12:38,208 [ERROR] LogOutputStream:75 - [STDERR_REDIRECT] [Fatal Error] :1:1: Premature end of file.
2025-08-15 23:12:38,209 [ERROR] LogOutputStream:75 - [STDERR_REDIRECT] 
2025-08-15 23:12:38,229 [ERROR] LogOutputStream:75 - [STDERR_REDIRECT] [Fatal Error] :1:1: Premature end of file.
2025-08-15 23:12:38,230 [ERROR] LogOutputStream:75 - [STDERR_REDIRECT] 
2025-08-15 23:12:38,251 [ERROR] LogOutputStream:75 - [STDERR_REDIRECT] [Fatal Error] :1:1: Premature end of file.
2025-08-15 23:12:38,251 [ERROR] LogOutputStream:75 - [STDERR_REDIRECT] 
2025-08-15 23:12:38,273 [ERROR] LogOutputStream:75 - [STDERR_REDIRECT] [Fatal Error] :1:1: Premature end of file.
2025-08-15 23:12:38,273 [ERROR] LogOutputStream:75 - [STDERR_REDIRECT] 
2025-08-15 23:12:38,296 [ERROR] LogOutputStream:75 - [STDERR_REDIRECT] [Fatal Error] :1:1: Premature end of file.
2025-08-15 23:12:38,296 [ERROR] LogOutputStream:75 - [STDERR_REDIRECT] 
2025-08-15 23:12:38,319 [ERROR] LogOutputStream:75 - [STDERR_REDIRECT] [Fatal Error] :1:1: Premature end of file.
2025-08-15 23:12:38,319 [ERROR] LogOutputStream:75 - [STDERR_REDIRECT] 
2025-08-15 23:12:38,342 [ERROR] LogOutputStream:75 - [STDERR_REDIRECT] [Fatal Error] :1:1: Premature end of file.
2025-08-15 23:12:38,342 [ERROR] LogOutputStream:75 - [STDERR_REDIRECT] 
2025-08-15 23:12:38,363 [ERROR] LogOutputStream:75 - [STDERR_REDIRECT] [Fatal Error] :1:1: Premature end of file.
2025-08-15 23:12:38,364 [ERROR] LogOutputStream:75 - [STDERR_REDIRECT] 
2025-08-15 23:12:38,385 [ERROR] LogOutputStream:75 - [STDERR_REDIRECT] [Fatal Error] :1:1: Premature end of file.
2025-08-15 23:12:38,385 [ERROR] LogOutputStream:75 - [STDERR_REDIRECT] 
2025-08-15 23:12:38,406 [ERROR] LogOutputStream:75 - [STDERR_REDIRECT] [Fatal Error] :1:1: Premature end of file.
2025-08-15 23:12:38,406 [ERROR] LogOutputStream:75 - [STDERR_REDIRECT] 
2025-08-15 23:12:38,428 [ERROR] LogOutputStream:75 - [STDERR_REDIRECT] [Fatal Error] :1:1: Premature end of file.
2025-08-15 23:12:38,429 [ERROR] LogOutputStream:75 - [STDERR_REDIRECT] 
2025-08-15 23:12:38,450 [ERROR] LogOutputStream:75 - [STDERR_REDIRECT] [Fatal Error] :1:1: Premature end of file.
2025-08-15 23:12:38,450 [ERROR] LogOutputStream:75 - [STDERR_REDIRECT] 
2025-08-15 23:12:38,472 [ERROR] LogOutputStream:75 - [STDERR_REDIRECT] [Fatal Error] :1:1: Premature end of file.
2025-08-15 23:12:38,472 [ERROR] LogOutputStream:75 - [STDERR_REDIRECT] 
2025-08-15 23:12:38,493 [ERROR] LogOutputStream:75 - [STDERR_REDIRECT] [Fatal Error] :1:1: Premature end of file.
2025-08-15 23:12:38,493 [ERROR] LogOutputStream:75 - [STDERR_REDIRECT] 
2025-08-15 23:12:38,513 [ERROR] LogOutputStream:75 - [STDERR_REDIRECT] [Fatal Error] :1:1: Premature end of file.
2025-08-15 23:12:38,514 [ERROR] LogOutputStream:75 - [STDERR_REDIRECT] 
2025-08-15 23:12:38,535 [ERROR] LogOutputStream:75 - [STDERR_REDIRECT] [Fatal Error] :1:1: Premature end of file.
2025-08-15 23:12:38,535 [ERROR] LogOutputStream:75 - [STDERR_REDIRECT] 
2025-08-15 23:12:38,556 [ERROR] LogOutputStream:75 - [STDERR_REDIRECT] [Fatal Error] :1:1: Premature end of file.
2025-08-15 23:12:38,556 [ERROR] LogOutputStream:75 - [STDERR_REDIRECT] 
2025-08-15 23:12:38,578 [ERROR] LogOutputStream:75 - [STDERR_REDIRECT] [Fatal Error] :1:1: Premature end of file.
2025-08-15 23:12:38,579 [ERROR] LogOutputStream:75 - [STDERR_REDIRECT] 
2025-08-15 23:12:38,600 [ERROR] LogOutputStream:75 - [STDERR_REDIRECT] [Fatal Error] :1:1: Premature end of file.
2025-08-15 23:12:38,601 [ERROR] LogOutputStream:75 - [STDERR_REDIRECT] 
2025-08-15 23:12:38,622 [ERROR] LogOutputStream:75 - [STDERR_REDIRECT] [Fatal Error] :1:1: Premature end of file.
2025-08-15 23:12:38,622 [ERROR] LogOutputStream:75 - [STDERR_REDIRECT] 
2025-08-15 23:12:38,644 [ERROR] LogOutputStream:75 - [STDERR_REDIRECT] [Fatal Error] :1:1: Premature end of file.
2025-08-15 23:12:38,644 [ERROR] LogOutputStream:75 - [STDERR_REDIRECT] 
2025-08-15 23:12:38,665 [ERROR] LogOutputStream:75 - [STDERR_REDIRECT] [Fatal Error] :1:1: Premature end of file.
2025-08-15 23:12:38,665 [ERROR] LogOutputStream:75 - [STDERR_REDIRECT] 
2025-08-15 23:12:38,687 [ERROR] LogOutputStream:75 - [STDERR_REDIRECT] [Fatal Error] :1:1: Premature end of file.
2025-08-15 23:12:38,688 [ERROR] LogOutputStream:75 - [STDERR_REDIRECT] 
2025-08-15 23:12:38,710 [ERROR] LogOutputStream:75 - [STDERR_REDIRECT] [Fatal Error] :1:1: Premature end of file.
2025-08-15 23:12:38,710 [ERROR] LogOutputStream:75 - [STDERR_REDIRECT] 
2025-08-15 23:12:38,732 [ERROR] LogOutputStream:75 - [STDERR_REDIRECT] [Fatal Error] :1:1: Premature end of file.
2025-08-15 23:12:38,732 [ERROR] LogOutputStream:75 - [STDERR_REDIRECT] 
2025-08-15 23:12:38,756 [ERROR] LogOutputStream:75 - [STDERR_REDIRECT] [Fatal Error] :1:1: Premature end of file.
2025-08-15 23:12:38,756 [ERROR] LogOutputStream:75 - [STDERR_REDIRECT] 
2025-08-15 23:12:38,779 [ERROR] LogOutputStream:75 - [STDERR_REDIRECT] [Fatal Error] :1:1: Premature end of file.
2025-08-15 23:12:38,779 [ERROR] LogOutputStream:75 - [STDERR_REDIRECT] 
2025-08-15 23:12:38,801 [ERROR] LogOutputStream:75 - [STDERR_REDIRECT] [Fatal Error] :1:1: Premature end of file.
2025-08-15 23:12:38,801 [ERROR] LogOutputStream:75 - [STDERR_REDIRECT] 
2025-08-15 23:12:38,823 [ERROR] LogOutputStream:75 - [STDERR_REDIRECT] [Fatal Error] :1:1: Premature end of file.
2025-08-15 23:12:38,823 [ERROR] LogOutputStream:75 - [STDERR_REDIRECT] 
2025-08-15 23:12:38,845 [ERROR] LogOutputStream:75 - [STDERR_REDIRECT] [Fatal Error] :1:1: Premature end of file.
2025-08-15 23:12:38,845 [ERROR] LogOutputStream:75 - [STDERR_REDIRECT] 
2025-08-15 23:12:38,867 [ERROR] LogOutputStream:75 - [STDERR_REDIRECT] [Fatal Error] :1:1: Premature end of file.
2025-08-15 23:12:38,867 [ERROR] LogOutputStream:75 - [STDERR_REDIRECT] 
2025-08-15 23:12:38,888 [ERROR] LogOutputStream:75 - [STDERR_REDIRECT] [Fatal Error] :1:1: Premature end of file.
2025-08-15 23:12:38,888 [ERROR] LogOutputStream:75 - [STDERR_REDIRECT] 
2025-08-15 23:12:38,908 [ERROR] LogOutputStream:75 - [STDERR_REDIRECT] [Fatal Error] :1:1: Premature end of file.
2025-08-15 23:12:38,909 [ERROR] LogOutputStream:75 - [STDERR_REDIRECT] 
2025-08-15 23:12:38,932 [ERROR] LogOutputStream:75 - [STDERR_REDIRECT] [Fatal Error] :1:1: Premature end of file.
2025-08-15 23:12:38,932 [ERROR] LogOutputStream:75 - [STDERR_REDIRECT] 
2025-08-15 23:12:38,955 [ERROR] LogOutputStream:75 - [STDERR_REDIRECT] [Fatal Error] :1:1: Premature end of file.
2025-08-15 23:12:38,955 [ERROR] LogOutputStream:75 - [STDERR_REDIRECT] 
2025-08-15 23:12:38,978 [ERROR] LogOutputStream:75 - [STDERR_REDIRECT] [Fatal Error] :1:1: Premature end of file.
2025-08-15 23:12:38,978 [ERROR] LogOutputStream:75 - [STDERR_REDIRECT] 
2025-08-15 23:12:39,001 [ERROR] LogOutputStream:75 - [STDERR_REDIRECT] [Fatal Error] :1:1: Premature end of file.
2025-08-15 23:12:39,003 [ERROR] LogOutputStream:75 - [STDERR_REDIRECT] 
2025-08-15 23:12:39,023 [ERROR] LogOutputStream:75 - [STDERR_REDIRECT] [Fatal Error] :1:1: Premature end of file.
2025-08-15 23:12:39,023 [ERROR] LogOutputStream:75 - [STDERR_REDIRECT] 
2025-08-15 23:12:39,046 [ERROR] LogOutputStream:75 - [STDERR_REDIRECT] [Fatal Error] :1:1: Premature end of file.
2025-08-15 23:12:39,046 [ERROR] LogOutputStream:75 - [STDERR_REDIRECT] 
2025-08-15 23:12:39,068 [ERROR] LogOutputStream:75 - [STDERR_REDIRECT] [Fatal Error] :1:1: Premature end of file.
2025-08-15 23:12:39,068 [ERROR] LogOutputStream:75 - [STDERR_REDIRECT] 
2025-08-15 23:12:39,090 [ERROR] LogOutputStream:75 - [STDERR_REDIRECT] [Fatal Error] :1:1: Premature end of file.
2025-08-15 23:12:39,090 [ERROR] LogOutputStream:75 - [STDERR_REDIRECT] 
2025-08-15 23:12:39,112 [ERROR] LogOutputStream:75 - [STDERR_REDIRECT] [Fatal Error] :1:1: Premature end of file.
2025-08-15 23:12:39,112 [ERROR] LogOutputStream:75 - [STDERR_REDIRECT] 
2025-08-15 23:12:39,134 [ERROR] LogOutputStream:75 - [STDERR_REDIRECT] [Fatal Error] :1:1: Premature end of file.
2025-08-15 23:12:39,134 [ERROR] LogOutputStream:75 - [STDERR_REDIRECT] 
2025-08-15 23:12:39,155 [ERROR] LogOutputStream:75 - [STDERR_REDIRECT] [Fatal Error] :1:1: Premature end of file.
2025-08-15 23:12:39,155 [ERROR] LogOutputStream:75 - [STDERR_REDIRECT] 
2025-08-15 23:12:39,176 [ERROR] LogOutputStream:75 - [STDERR_REDIRECT] [Fatal Error] :1:1: Premature end of file.
2025-08-15 23:12:39,177 [ERROR] LogOutputStream:75 - [STDERR_REDIRECT] 
2025-08-15 23:12:39,199 [ERROR] LogOutputStream:75 - [STDERR_REDIRECT] [Fatal Error] :1:1: Premature end of file.
2025-08-15 23:12:39,199 [ERROR] LogOutputStream:75 - [STDERR_REDIRECT] 
2025-08-15 23:12:39,220 [ERROR] LogOutputStream:75 - [STDERR_REDIRECT] [Fatal Error] :1:1: Premature end of file.
2025-08-15 23:12:39,220 [ERROR] LogOutputStream:75 - [STDERR_REDIRECT] 
2025-08-15 23:12:39,243 [ERROR] LogOutputStream:75 - [STDERR_REDIRECT] [Fatal Error] :1:1: Premature end of file.
2025-08-15 23:12:39,243 [ERROR] LogOutputStream:75 - [STDERR_REDIRECT] 
2025-08-15 23:12:39,265 [ERROR] LogOutputStream:75 - [STDERR_REDIRECT] [Fatal Error] :1:1: Premature end of file.
2025-08-15 23:12:39,266 [ERROR] LogOutputStream:75 - [STDERR_REDIRECT] 
2025-08-15 23:12:39,287 [ERROR] LogOutputStream:75 - [STDERR_REDIRECT] [Fatal Error] :1:1: Premature end of file.
2025-08-15 23:12:39,287 [ERROR] LogOutputStream:75 - [STDERR_REDIRECT] 
2025-08-15 23:12:39,309 [ERROR] LogOutputStream:75 - [STDERR_REDIRECT] [Fatal Error] :1:1: Premature end of file.
2025-08-15 23:12:39,309 [ERROR] LogOutputStream:75 - [STDERR_REDIRECT] 
2025-08-15 23:12:39,332 [ERROR] LogOutputStream:75 - [STDERR_REDIRECT] [Fatal Error] :1:1: Premature end of file.
2025-08-15 23:12:39,332 [ERROR] LogOutputStream:75 - [STDERR_REDIRECT] 
2025-08-15 23:12:39,354 [ERROR] LogOutputStream:75 - [STDERR_REDIRECT] [Fatal Error] :1:1: Premature end of file.
2025-08-15 23:12:39,354 [ERROR] LogOutputStream:75 - [STDERR_REDIRECT] 
2025-08-15 23:12:39,376 [ERROR] LogOutputStream:75 - [STDERR_REDIRECT] [Fatal Error] :1:1: Premature end of file.
2025-08-15 23:12:39,376 [ERROR] LogOutputStream:75 - [STDERR_REDIRECT] 
2025-08-15 23:12:39,397 [ERROR] LogOutputStream:75 - [STDERR_REDIRECT] [Fatal Error] :1:1: Premature end of file.
2025-08-15 23:12:39,398 [ERROR] LogOutputStream:75 - [STDERR_REDIRECT] 
2025-08-15 23:12:39,420 [ERROR] LogOutputStream:75 - [STDERR_REDIRECT] [Fatal Error] :1:1: Premature end of file.
2025-08-15 23:12:39,420 [ERROR] LogOutputStream:75 - [STDERR_REDIRECT] 
2025-08-15 23:12:39,441 [ERROR] LogOutputStream:75 - [STDERR_REDIRECT] [Fatal Error] :1:1: Premature end of file.
2025-08-15 23:12:39,442 [ERROR] LogOutputStream:75 - [STDERR_REDIRECT] 
2025-08-15 23:12:39,463 [ERROR] LogOutputStream:75 - [STDERR_REDIRECT] [Fatal Error] :1:1: Premature end of file.
2025-08-15 23:12:39,463 [ERROR] LogOutputStream:75 - [STDERR_REDIRECT] 
2025-08-15 23:12:39,485 [ERROR] LogOutputStream:75 - [STDERR_REDIRECT] [Fatal Error] :1:1: Premature end of file.
2025-08-15 23:12:39,485 [ERROR] LogOutputStream:75 - [STDERR_REDIRECT] 
2025-08-15 23:12:39,505 [ERROR] LogOutputStream:75 - [STDERR_REDIRECT] [Fatal Error] :1:1: Premature end of file.
2025-08-15 23:12:39,505 [ERROR] LogOutputStream:75 - [STDERR_REDIRECT] 
2025-08-15 23:12:39,526 [ERROR] LogOutputStream:75 - [STDERR_REDIRECT] [Fatal Error] :1:1: Premature end of file.
2025-08-15 23:12:39,526 [ERROR] LogOutputStream:75 - [STDERR_REDIRECT] 
2025-08-15 23:12:39,549 [ERROR] LogOutputStream:75 - [STDERR_REDIRECT] [Fatal Error] :1:1: Premature end of file.
2025-08-15 23:12:39,549 [ERROR] LogOutputStream:75 - [STDERR_REDIRECT] 
2025-08-15 23:12:39,572 [ERROR] LogOutputStream:75 - [STDERR_REDIRECT] [Fatal Error] :1:1: Premature end of file.
2025-08-15 23:12:39,572 [ERROR] LogOutputStream:75 - [STDERR_REDIRECT] 
2025-08-15 23:12:39,593 [ERROR] LogOutputStream:75 - [STDERR_REDIRECT] [Fatal Error] :1:1: Premature end of file.
2025-08-15 23:12:39,593 [ERROR] LogOutputStream:75 - [STDERR_REDIRECT] 
2025-08-15 23:12:39,614 [ERROR] LogOutputStream:75 - [STDERR_REDIRECT] [Fatal Error] :1:1: Premature end of file.
2025-08-15 23:12:39,615 [ERROR] LogOutputStream:75 - [STDERR_REDIRECT] 
2025-08-15 23:12:39,636 [ERROR] LogOutputStream:75 - [STDERR_REDIRECT] [Fatal Error] :1:1: Premature end of file.
2025-08-15 23:12:39,636 [ERROR] LogOutputStream:75 - [STDERR_REDIRECT] 
2025-08-15 23:12:39,657 [ERROR] LogOutputStream:75 - [STDERR_REDIRECT] [Fatal Error] :1:1: Premature end of file.
2025-08-15 23:12:39,657 [ERROR] LogOutputStream:75 - [STDERR_REDIRECT] 
2025-08-15 23:12:39,678 [ERROR] LogOutputStream:75 - [STDERR_REDIRECT] [Fatal Error] :1:1: Premature end of file.
2025-08-15 23:12:39,679 [ERROR] LogOutputStream:75 - [STDERR_REDIRECT] 
2025-08-15 23:12:39,810 [ERROR] LogOutputStream:75 - [STDERR_REDIRECT] [Fatal Error] :1:1: Premature end of file.
2025-08-15 23:12:39,810 [ERROR] LogOutputStream:75 - [STDERR_REDIRECT] 
2025-08-15 23:12:39,850 [ERROR] LogOutputStream:75 - [STDERR_REDIRECT] [Fatal Error] :1:1: Premature end of file.
2025-08-15 23:12:39,850 [ERROR] LogOutputStream:75 - [STDERR_REDIRECT] 
2025-08-15 23:12:39,872 [ERROR] LogOutputStream:75 - [STDERR_REDIRECT] [Fatal Error] :1:1: Premature end of file.
2025-08-15 23:12:39,872 [ERROR] LogOutputStream:75 - [STDERR_REDIRECT] 
2025-08-15 23:12:39,893 [ERROR] LogOutputStream:75 - [STDERR_REDIRECT] [Fatal Error] :1:1: Premature end of file.
2025-08-15 23:12:39,893 [ERROR] LogOutputStream:75 - [STDERR_REDIRECT] 
2025-08-15 23:12:39,914 [ERROR] LogOutputStream:75 - [STDERR_REDIRECT] [Fatal Error] :1:1: Premature end of file.
2025-08-15 23:12:39,915 [ERROR] LogOutputStream:75 - [STDERR_REDIRECT] 
2025-08-15 23:12:39,935 [ERROR] LogOutputStream:75 - [STDERR_REDIRECT] [Fatal Error] :1:1: Premature end of file.
2025-08-15 23:12:39,936 [ERROR] LogOutputStream:75 - [STDERR_REDIRECT] 
2025-08-15 23:12:39,957 [ERROR] LogOutputStream:75 - [STDERR_REDIRECT] [Fatal Error] :1:1: Premature end of file.
2025-08-15 23:12:39,957 [ERROR] LogOutputStream:75 - [STDERR_REDIRECT] 
2025-08-15 23:12:39,977 [ERROR] LogOutputStream:75 - [STDERR_REDIRECT] [Fatal Error] :1:1: Premature end of file.
2025-08-15 23:12:39,977 [ERROR] LogOutputStream:75 - [STDERR_REDIRECT] 
2025-08-15 23:12:39,999 [ERROR] LogOutputStream:75 - [STDERR_REDIRECT] [Fatal Error] :1:1: Premature end of file.
2025-08-15 23:12:39,999 [ERROR] LogOutputStream:75 - [STDERR_REDIRECT] 
2025-08-15 23:12:40,020 [ERROR] LogOutputStream:75 - [STDERR_REDIRECT] [Fatal Error] :1:1: Premature end of file.
2025-08-15 23:12:40,020 [ERROR] LogOutputStream:75 - [STDERR_REDIRECT] 
2025-08-15 23:12:40,042 [ERROR] LogOutputStream:75 - [STDERR_REDIRECT] [Fatal Error] :1:1: Premature end of file.
2025-08-15 23:12:40,042 [ERROR] LogOutputStream:75 - [STDERR_REDIRECT] 
2025-08-15 23:12:40,063 [ERROR] LogOutputStream:75 - [STDERR_REDIRECT] [Fatal Error] :1:1: Premature end of file.
2025-08-15 23:12:40,064 [ERROR] LogOutputStream:75 - [STDERR_REDIRECT] 
2025-08-15 23:12:40,085 [ERROR] LogOutputStream:75 - [STDERR_REDIRECT] [Fatal Error] :1:1: Premature end of file.
2025-08-15 23:12:40,085 [ERROR] LogOutputStream:75 - [STDERR_REDIRECT] 
2025-08-15 23:12:40,107 [ERROR] LogOutputStream:75 - [STDERR_REDIRECT] [Fatal Error] :1:1: Premature end of file.
2025-08-15 23:12:40,107 [ERROR] LogOutputStream:75 - [STDERR_REDIRECT] 
2025-08-15 23:12:40,129 [ERROR] LogOutputStream:75 - [STDERR_REDIRECT] [Fatal Error] :1:1: Premature end of file.
2025-08-15 23:12:40,129 [ERROR] LogOutputStream:75 - [STDERR_REDIRECT] 
2025-08-15 23:12:40,150 [ERROR] LogOutputStream:75 - [STDERR_REDIRECT] [Fatal Error] :1:1: Premature end of file.
2025-08-15 23:12:40,150 [ERROR] LogOutputStream:75 - [STDERR_REDIRECT] 
2025-08-15 23:12:40,171 [ERROR] LogOutputStream:75 - [STDERR_REDIRECT] [Fatal Error] :1:1: Premature end of file.
2025-08-15 23:12:40,171 [ERROR] LogOutputStream:75 - [STDERR_REDIRECT] 
2025-08-15 23:12:40,193 [ERROR] LogOutputStream:75 - [STDERR_REDIRECT] [Fatal Error] :1:1: Premature end of file.
2025-08-15 23:12:40,193 [ERROR] LogOutputStream:75 - [STDERR_REDIRECT] 
2025-08-15 23:12:40,216 [ERROR] LogOutputStream:75 - [STDERR_REDIRECT] [Fatal Error] :1:1: Premature end of file.
2025-08-15 23:12:40,216 [ERROR] LogOutputStream:75 - [STDERR_REDIRECT] 
2025-08-15 23:12:40,238 [ERROR] LogOutputStream:75 - [STDERR_REDIRECT] [Fatal Error] :1:1: Premature end of file.
2025-08-15 23:12:40,239 [ERROR] LogOutputStream:75 - [STDERR_REDIRECT] 
2025-08-15 23:12:40,261 [ERROR] LogOutputStream:75 - [STDERR_REDIRECT] [Fatal Error] :1:1: Premature end of file.
2025-08-15 23:12:40,261 [ERROR] LogOutputStream:75 - [STDERR_REDIRECT] 
2025-08-15 23:12:40,283 [ERROR] LogOutputStream:75 - [STDERR_REDIRECT] [Fatal Error] :1:1: Premature end of file.
2025-08-15 23:12:40,283 [ERROR] LogOutputStream:75 - [STDERR_REDIRECT] 
2025-08-15 23:12:40,304 [ERROR] LogOutputStream:75 - [STDERR_REDIRECT] [Fatal Error] :1:1: Premature end of file.
2025-08-15 23:12:40,304 [ERROR] LogOutputStream:75 - [STDERR_REDIRECT] 
2025-08-15 23:12:40,326 [ERROR] LogOutputStream:75 - [STDERR_REDIRECT] [Fatal Error] :1:1: Premature end of file.
2025-08-15 23:12:40,326 [ERROR] LogOutputStream:75 - [STDERR_REDIRECT] 
2025-08-15 23:12:40,349 [ERROR] LogOutputStream:75 - [STDERR_REDIRECT] [Fatal Error] :1:1: Premature end of file.
2025-08-15 23:12:40,349 [ERROR] LogOutputStream:75 - [STDERR_REDIRECT] 
2025-08-15 23:12:40,370 [ERROR] LogOutputStream:75 - [STDERR_REDIRECT] [Fatal Error] :1:1: Premature end of file.
2025-08-15 23:12:40,370 [ERROR] LogOutputStream:75 - [STDERR_REDIRECT] 
2025-08-15 23:12:40,391 [ERROR] LogOutputStream:75 - [STDERR_REDIRECT] [Fatal Error] :1:1: Premature end of file.
2025-08-15 23:12:40,391 [ERROR] LogOutputStream:75 - [STDERR_REDIRECT] 
2025-08-15 23:12:40,413 [ERROR] LogOutputStream:75 - [STDERR_REDIRECT] [Fatal Error] :1:1: Premature end of file.
2025-08-15 23:12:40,413 [ERROR] LogOutputStream:75 - [STDERR_REDIRECT] 
2025-08-15 23:12:40,433 [ERROR] LogOutputStream:75 - [STDERR_REDIRECT] [Fatal Error] :1:1: Premature end of file.
2025-08-15 23:12:40,433 [ERROR] LogOutputStream:75 - [STDERR_REDIRECT] 
2025-08-15 23:12:40,454 [ERROR] LogOutputStream:75 - [STDERR_REDIRECT] [Fatal Error] :1:1: Premature end of file.
2025-08-15 23:12:40,454 [ERROR] LogOutputStream:75 - [STDERR_REDIRECT] 
2025-08-15 23:12:40,474 [ERROR] LogOutputStream:75 - [STDERR_REDIRECT] [Fatal Error] :1:1: Premature end of file.
2025-08-15 23:12:40,474 [ERROR] LogOutputStream:75 - [STDERR_REDIRECT] 
2025-08-15 23:12:40,495 [ERROR] LogOutputStream:75 - [STDERR_REDIRECT] [Fatal Error] :1:1: Premature end of file.
2025-08-15 23:12:40,495 [ERROR] LogOutputStream:75 - [STDERR_REDIRECT] 
2025-08-15 23:12:40,517 [ERROR] LogOutputStream:75 - [STDERR_REDIRECT] [Fatal Error] :1:1: Premature end of file.
2025-08-15 23:12:40,517 [ERROR] LogOutputStream:75 - [STDERR_REDIRECT] 
2025-08-15 23:12:40,538 [ERROR] LogOutputStream:75 - [STDERR_REDIRECT] [Fatal Error] :1:1: Premature end of file.
2025-08-15 23:12:40,538 [ERROR] LogOutputStream:75 - [STDERR_REDIRECT] 
2025-08-15 23:12:40,559 [ERROR] LogOutputStream:75 - [STDERR_REDIRECT] [Fatal Error] :1:1: Premature end of file.
2025-08-15 23:12:40,559 [ERROR] LogOutputStream:75 - [STDERR_REDIRECT] 
2025-08-15 23:12:40,581 [ERROR] LogOutputStream:75 - [STDERR_REDIRECT] [Fatal Error] :1:1: Premature end of file.
2025-08-15 23:12:40,581 [ERROR] LogOutputStream:75 - [STDERR_REDIRECT] 
2025-08-15 23:12:40,603 [ERROR] LogOutputStream:75 - [STDERR_REDIRECT] [Fatal Error] :1:1: Premature end of file.
2025-08-15 23:12:40,603 [ERROR] LogOutputStream:75 - [STDERR_REDIRECT] 
2025-08-15 23:12:40,623 [ERROR] LogOutputStream:75 - [STDERR_REDIRECT] [Fatal Error] :1:1: Premature end of file.
2025-08-15 23:12:40,624 [ERROR] LogOutputStream:75 - [STDERR_REDIRECT] 
2025-08-15 23:12:40,645 [ERROR] LogOutputStream:75 - [STDERR_REDIRECT] [Fatal Error] :1:1: Premature end of file.
2025-08-15 23:12:40,645 [ERROR] LogOutputStream:75 - [STDERR_REDIRECT] 
2025-08-15 23:12:40,667 [ERROR] LogOutputStream:75 - [STDERR_REDIRECT] [Fatal Error] :1:1: Premature end of file.
2025-08-15 23:12:40,667 [ERROR] LogOutputStream:75 - [STDERR_REDIRECT] 
2025-08-15 23:12:40,689 [ERROR] LogOutputStream:75 - [STDERR_REDIRECT] [Fatal Error] :1:1: Premature end of file.
2025-08-15 23:12:40,689 [ERROR] LogOutputStream:75 - [STDERR_REDIRECT] 
2025-08-15 23:12:40,710 [ERROR] LogOutputStream:75 - [STDERR_REDIRECT] [Fatal Error] :1:1: Premature end of file.
2025-08-15 23:12:40,710 [ERROR] LogOutputStream:75 - [STDERR_REDIRECT] 
2025-08-15 23:12:40,733 [ERROR] LogOutputStream:75 - [STDERR_REDIRECT] [Fatal Error] :1:1: Premature end of file.
2025-08-15 23:12:40,733 [ERROR] LogOutputStream:75 - [STDERR_REDIRECT] 
2025-08-15 23:12:40,755 [ERROR] LogOutputStream:75 - [STDERR_REDIRECT] [Fatal Error] :1:1: Premature end of file.
2025-08-15 23:12:40,755 [ERROR] LogOutputStream:75 - [STDERR_REDIRECT] 
2025-08-15 23:12:40,776 [ERROR] LogOutputStream:75 - [STDERR_REDIRECT] [Fatal Error] :1:1: Premature end of file.
2025-08-15 23:12:40,777 [ERROR] LogOutputStream:75 - [STDERR_REDIRECT] 
2025-08-15 23:12:40,798 [ERROR] LogOutputStream:75 - [STDERR_REDIRECT] [Fatal Error] :1:1: Premature end of file.
2025-08-15 23:12:40,798 [ERROR] LogOutputStream:75 - [STDERR_REDIRECT] 
2025-08-15 23:12:40,819 [ERROR] LogOutputStream:75 - [STDERR_REDIRECT] [Fatal Error] :1:1: Premature end of file.
2025-08-15 23:12:40,820 [ERROR] LogOutputStream:75 - [STDERR_REDIRECT] 
2025-08-15 23:12:40,841 [ERROR] LogOutputStream:75 - [STDERR_REDIRECT] [Fatal Error] :1:1: Premature end of file.
2025-08-15 23:12:40,841 [ERROR] LogOutputStream:75 - [STDERR_REDIRECT] 
2025-08-15 23:12:40,862 [ERROR] LogOutputStream:75 - [STDERR_REDIRECT] [Fatal Error] :1:1: Premature end of file.
2025-08-15 23:12:40,862 [ERROR] LogOutputStream:75 - [STDERR_REDIRECT] 
2025-08-15 23:12:40,884 [ERROR] LogOutputStream:75 - [STDERR_REDIRECT] [Fatal Error] :1:1: Premature end of file.
2025-08-15 23:12:40,884 [ERROR] LogOutputStream:75 - [STDERR_REDIRECT] 
2025-08-15 23:12:40,906 [ERROR] LogOutputStream:75 - [STDERR_REDIRECT] [Fatal Error] :1:1: Premature end of file.
2025-08-15 23:12:40,906 [ERROR] LogOutputStream:75 - [STDERR_REDIRECT] 
2025-08-15 23:12:40,926 [ERROR] LogOutputStream:75 - [STDERR_REDIRECT] [Fatal Error] :1:1: Premature end of file.
2025-08-15 23:12:40,928 [ERROR] LogOutputStream:75 - [STDERR_REDIRECT] 
2025-08-15 23:12:40,948 [ERROR] LogOutputStream:75 - [STDERR_REDIRECT] [Fatal Error] :1:1: Premature end of file.
2025-08-15 23:12:40,948 [ERROR] LogOutputStream:75 - [STDERR_REDIRECT] 
2025-08-15 23:12:40,969 [ERROR] LogOutputStream:75 - [STDERR_REDIRECT] [Fatal Error] :1:1: Premature end of file.
2025-08-15 23:12:40,969 [ERROR] LogOutputStream:75 - [STDERR_REDIRECT] 
2025-08-15 23:12:40,990 [ERROR] LogOutputStream:75 - [STDERR_REDIRECT] [Fatal Error] :1:1: Premature end of file.
2025-08-15 23:12:40,990 [ERROR] LogOutputStream:75 - [STDERR_REDIRECT] 
2025-08-15 23:12:41,011 [ERROR] LogOutputStream:75 - [STDERR_REDIRECT] [Fatal Error] :1:1: Premature end of file.
2025-08-15 23:12:41,011 [ERROR] LogOutputStream:75 - [STDERR_REDIRECT] 
2025-08-15 23:12:41,034 [ERROR] LogOutputStream:75 - [STDERR_REDIRECT] [Fatal Error] :1:1: Premature end of file.
2025-08-15 23:12:41,034 [ERROR] LogOutputStream:75 - [STDERR_REDIRECT] 
2025-08-15 23:12:41,058 [ERROR] LogOutputStream:75 - [STDERR_REDIRECT] [Fatal Error] :1:1: Premature end of file.
2025-08-15 23:12:41,059 [ERROR] LogOutputStream:75 - [STDERR_REDIRECT] 
2025-08-15 23:12:41,081 [ERROR] LogOutputStream:75 - [STDERR_REDIRECT] [Fatal Error] :1:1: Premature end of file.
2025-08-15 23:12:41,081 [ERROR] LogOutputStream:75 - [STDERR_REDIRECT] 
2025-08-15 23:12:41,102 [ERROR] LogOutputStream:75 - [STDERR_REDIRECT] [Fatal Error] :1:1: Premature end of file.
2025-08-15 23:12:41,102 [ERROR] LogOutputStream:75 - [STDERR_REDIRECT] 
2025-08-15 23:12:41,123 [ERROR] LogOutputStream:75 - [STDERR_REDIRECT] [Fatal Error] :1:1: Premature end of file.
2025-08-15 23:12:41,123 [ERROR] LogOutputStream:75 - [STDERR_REDIRECT] 
2025-08-15 23:12:41,145 [ERROR] LogOutputStream:75 - [STDERR_REDIRECT] [Fatal Error] :1:1: Premature end of file.
2025-08-15 23:12:41,145 [ERROR] LogOutputStream:75 - [STDERR_REDIRECT] 
2025-08-15 23:12:41,167 [ERROR] LogOutputStream:75 - [STDERR_REDIRECT] [Fatal Error] :1:1: Premature end of file.
2025-08-15 23:12:41,167 [ERROR] LogOutputStream:75 - [STDERR_REDIRECT] 
2025-08-15 23:12:41,188 [ERROR] LogOutputStream:75 - [STDERR_REDIRECT] [Fatal Error] :1:1: Premature end of file.
2025-08-15 23:12:41,188 [ERROR] LogOutputStream:75 - [STDERR_REDIRECT] 
2025-08-15 23:12:41,209 [ERROR] LogOutputStream:75 - [STDERR_REDIRECT] [Fatal Error] :1:1: Premature end of file.
2025-08-15 23:12:41,209 [ERROR] LogOutputStream:75 - [STDERR_REDIRECT] 
2025-08-15 23:12:41,230 [ERROR] LogOutputStream:75 - [STDERR_REDIRECT] [Fatal Error] :1:1: Premature end of file.
2025-08-15 23:12:41,230 [ERROR] LogOutputStream:75 - [STDERR_REDIRECT] 
2025-08-15 23:12:41,252 [ERROR] LogOutputStream:75 - [STDERR_REDIRECT] [Fatal Error] :1:1: Premature end of file.
2025-08-15 23:12:41,252 [ERROR] LogOutputStream:75 - [STDERR_REDIRECT] 
2025-08-15 23:12:41,274 [ERROR] LogOutputStream:75 - [STDERR_REDIRECT] [Fatal Error] :1:1: Premature end of file.
2025-08-15 23:12:41,275 [ERROR] LogOutputStream:75 - [STDERR_REDIRECT] 
2025-08-15 23:12:41,296 [ERROR] LogOutputStream:75 - [STDERR_REDIRECT] [Fatal Error] :1:1: Premature end of file.
2025-08-15 23:12:41,296 [ERROR] LogOutputStream:75 - [STDERR_REDIRECT] 
2025-08-15 23:12:41,316 [ERROR] LogOutputStream:75 - [STDERR_REDIRECT] [Fatal Error] :1:1: Premature end of file.
2025-08-15 23:12:41,316 [ERROR] LogOutputStream:75 - [STDERR_REDIRECT] 
2025-08-15 23:12:41,336 [ERROR] LogOutputStream:75 - [STDERR_REDIRECT] [Fatal Error] :1:1: Premature end of file.
2025-08-15 23:12:41,338 [ERROR] LogOutputStream:75 - [STDERR_REDIRECT] 
2025-08-15 23:12:41,358 [ERROR] LogOutputStream:75 - [STDERR_REDIRECT] [Fatal Error] :1:1: Premature end of file.
2025-08-15 23:12:41,358 [ERROR] LogOutputStream:75 - [STDERR_REDIRECT] 
2025-08-15 23:12:41,379 [ERROR] LogOutputStream:75 - [STDERR_REDIRECT] [Fatal Error] :1:1: Premature end of file.
2025-08-15 23:12:41,379 [ERROR] LogOutputStream:75 - [STDERR_REDIRECT] 
2025-08-15 23:12:41,399 [ERROR] LogOutputStream:75 - [STDERR_REDIRECT] [Fatal Error] :1:1: Premature end of file.
2025-08-15 23:12:41,399 [ERROR] LogOutputStream:75 - [STDERR_REDIRECT] 
2025-08-15 23:12:41,420 [ERROR] LogOutputStream:75 - [STDERR_REDIRECT] [Fatal Error] :1:1: Premature end of file.
2025-08-15 23:12:41,422 [ERROR] LogOutputStream:75 - [STDERR_REDIRECT] 
2025-08-15 23:12:41,442 [ERROR] LogOutputStream:75 - [STDERR_REDIRECT] [Fatal Error] :1:1: Premature end of file.
2025-08-15 23:12:41,442 [ERROR] LogOutputStream:75 - [STDERR_REDIRECT] 
2025-08-15 23:12:41,464 [ERROR] LogOutputStream:75 - [STDERR_REDIRECT] [Fatal Error] :1:1: Premature end of file.
2025-08-15 23:12:41,464 [ERROR] LogOutputStream:75 - [STDERR_REDIRECT] 
2025-08-15 23:12:41,487 [ERROR] LogOutputStream:75 - [STDERR_REDIRECT] [Fatal Error] :1:1: Premature end of file.
2025-08-15 23:12:41,487 [ERROR] LogOutputStream:75 - [STDERR_REDIRECT] 
2025-08-15 23:12:41,507 [ERROR] LogOutputStream:75 - [STDERR_REDIRECT] [Fatal Error] :1:1: Premature end of file.
2025-08-15 23:12:41,507 [ERROR] LogOutputStream:75 - [STDERR_REDIRECT] 
2025-08-15 23:12:41,528 [ERROR] LogOutputStream:75 - [STDERR_REDIRECT] [Fatal Error] :1:1: Premature end of file.
2025-08-15 23:12:41,528 [ERROR] LogOutputStream:75 - [STDERR_REDIRECT] 
2025-08-15 23:12:41,548 [ERROR] LogOutputStream:75 - [STDERR_REDIRECT] [Fatal Error] :1:1: Premature end of file.
2025-08-15 23:12:41,548 [ERROR] LogOutputStream:75 - [STDERR_REDIRECT] 
2025-08-15 23:12:41,569 [ERROR] LogOutputStream:75 - [STDERR_REDIRECT] [Fatal Error] :1:1: Premature end of file.
2025-08-15 23:12:41,569 [ERROR] LogOutputStream:75 - [STDERR_REDIRECT] 
2025-08-15 23:12:41,590 [ERROR] LogOutputStream:75 - [STDERR_REDIRECT] [Fatal Error] :1:1: Premature end of file.
2025-08-15 23:12:41,591 [ERROR] LogOutputStream:75 - [STDERR_REDIRECT] 
2025-08-15 23:12:41,612 [ERROR] LogOutputStream:75 - [STDERR_REDIRECT] [Fatal Error] :1:1: Premature end of file.
2025-08-15 23:12:41,613 [ERROR] LogOutputStream:75 - [STDERR_REDIRECT] 
2025-08-15 23:12:41,636 [ERROR] LogOutputStream:75 - [STDERR_REDIRECT] [Fatal Error] :1:1: Premature end of file.
2025-08-15 23:12:41,636 [ERROR] LogOutputStream:75 - [STDERR_REDIRECT] 
2025-08-15 23:12:41,661 [ERROR] LogOutputStream:75 - [STDERR_REDIRECT] [Fatal Error] :1:1: Premature end of file.
2025-08-15 23:12:41,661 [ERROR] LogOutputStream:75 - [STDERR_REDIRECT] 
2025-08-15 23:12:41,684 [ERROR] LogOutputStream:75 - [STDERR_REDIRECT] [Fatal Error] :1:1: Premature end of file.
2025-08-15 23:12:41,684 [ERROR] LogOutputStream:75 - [STDERR_REDIRECT] 
2025-08-15 23:12:41,705 [ERROR] LogOutputStream:75 - [STDERR_REDIRECT] [Fatal Error] :1:1: Premature end of file.
2025-08-15 23:12:41,706 [ERROR] LogOutputStream:75 - [STDERR_REDIRECT] 
2025-08-15 23:12:41,727 [ERROR] LogOutputStream:75 - [STDERR_REDIRECT] [Fatal Error] :1:1: Premature end of file.
2025-08-15 23:12:41,727 [ERROR] LogOutputStream:75 - [STDERR_REDIRECT] 
2025-08-15 23:12:41,751 [ERROR] LogOutputStream:75 - [STDERR_REDIRECT] [Fatal Error] :1:1: Premature end of file.
2025-08-15 23:12:41,751 [ERROR] LogOutputStream:75 - [STDERR_REDIRECT] 
2025-08-15 23:12:41,772 [ERROR] LogOutputStream:75 - [STDERR_REDIRECT] [Fatal Error] :1:1: Premature end of file.
2025-08-15 23:12:41,772 [ERROR] LogOutputStream:75 - [STDERR_REDIRECT] 
2025-08-15 23:12:41,794 [ERROR] LogOutputStream:75 - [STDERR_REDIRECT] [Fatal Error] :1:1: Premature end of file.
2025-08-15 23:12:41,794 [ERROR] LogOutputStream:75 - [STDERR_REDIRECT] 
2025-08-15 23:12:41,816 [ERROR] LogOutputStream:75 - [STDERR_REDIRECT] [Fatal Error] :1:1: Premature end of file.
2025-08-15 23:12:41,816 [ERROR] LogOutputStream:75 - [STDERR_REDIRECT] 
2025-08-15 23:12:41,839 [ERROR] LogOutputStream:75 - [STDERR_REDIRECT] [Fatal Error] :1:1: Premature end of file.
2025-08-15 23:12:41,839 [ERROR] LogOutputStream:75 - [STDERR_REDIRECT] 
2025-08-15 23:12:41,862 [ERROR] LogOutputStream:75 - [STDERR_REDIRECT] [Fatal Error] :1:1: Premature end of file.
2025-08-15 23:12:41,862 [ERROR] LogOutputStream:75 - [STDERR_REDIRECT] 
2025-08-15 23:12:41,883 [ERROR] LogOutputStream:75 - [STDERR_REDIRECT] [Fatal Error] :1:1: Premature end of file.
2025-08-15 23:12:41,883 [ERROR] LogOutputStream:75 - [STDERR_REDIRECT] 
2025-08-15 23:12:41,904 [ERROR] LogOutputStream:75 - [STDERR_REDIRECT] [Fatal Error] :1:1: Premature end of file.
2025-08-15 23:12:41,904 [ERROR] LogOutputStream:75 - [STDERR_REDIRECT] 
2025-08-15 23:12:41,925 [ERROR] LogOutputStream:75 - [STDERR_REDIRECT] [Fatal Error] :1:1: Premature end of file.
2025-08-15 23:12:41,925 [ERROR] LogOutputStream:75 - [STDERR_REDIRECT] 
2025-08-15 23:12:41,945 [ERROR] LogOutputStream:75 - [STDERR_REDIRECT] [Fatal Error] :1:1: Premature end of file.
2025-08-15 23:12:41,946 [ERROR] LogOutputStream:75 - [STDERR_REDIRECT] 
2025-08-15 23:12:41,968 [ERROR] LogOutputStream:75 - [STDERR_REDIRECT] [Fatal Error] :1:1: Premature end of file.
2025-08-15 23:12:41,968 [ERROR] LogOutputStream:75 - [STDERR_REDIRECT] 
2025-08-15 23:12:41,989 [ERROR] LogOutputStream:75 - [STDERR_REDIRECT] [Fatal Error] :1:1: Premature end of file.
2025-08-15 23:12:41,990 [ERROR] LogOutputStream:75 - [STDERR_REDIRECT] 
2025-08-15 23:12:42,011 [ERROR] LogOutputStream:75 - [STDERR_REDIRECT] [Fatal Error] :1:1: Premature end of file.
2025-08-15 23:12:42,011 [ERROR] LogOutputStream:75 - [STDERR_REDIRECT] 
2025-08-15 23:12:42,032 [ERROR] LogOutputStream:75 - [STDERR_REDIRECT] [Fatal Error] :1:1: Premature end of file.
2025-08-15 23:12:42,032 [ERROR] LogOutputStream:75 - [STDERR_REDIRECT] 
2025-08-15 23:12:42,053 [ERROR] LogOutputStream:75 - [STDERR_REDIRECT] [Fatal Error] :1:1: Premature end of file.
2025-08-15 23:12:42,054 [ERROR] LogOutputStream:75 - [STDERR_REDIRECT] 
2025-08-15 23:12:42,074 [ERROR] LogOutputStream:75 - [STDERR_REDIRECT] [Fatal Error] :1:1: Premature end of file.
2025-08-15 23:12:42,075 [ERROR] LogOutputStream:75 - [STDERR_REDIRECT] 
2025-08-15 23:12:42,096 [ERROR] LogOutputStream:75 - [STDERR_REDIRECT] [Fatal Error] :1:1: Premature end of file.
2025-08-15 23:12:42,096 [ERROR] LogOutputStream:75 - [STDERR_REDIRECT] 
2025-08-15 23:12:42,118 [ERROR] LogOutputStream:75 - [STDERR_REDIRECT] [Fatal Error] :1:1: Premature end of file.
2025-08-15 23:12:42,118 [ERROR] LogOutputStream:75 - [STDERR_REDIRECT] 
2025-08-15 23:12:42,139 [ERROR] LogOutputStream:75 - [STDERR_REDIRECT] [Fatal Error] :1:1: Premature end of file.
2025-08-15 23:12:42,139 [ERROR] LogOutputStream:75 - [STDERR_REDIRECT] 
2025-08-15 23:12:42,162 [ERROR] LogOutputStream:75 - [STDERR_REDIRECT] [Fatal Error] :1:1: Premature end of file.
2025-08-15 23:12:42,162 [ERROR] LogOutputStream:75 - [STDERR_REDIRECT] 
2025-08-15 23:12:42,185 [ERROR] LogOutputStream:75 - [STDERR_REDIRECT] [Fatal Error] :1:1: Premature end of file.
2025-08-15 23:12:42,185 [ERROR] LogOutputStream:75 - [STDERR_REDIRECT] 
2025-08-15 23:12:42,208 [ERROR] LogOutputStream:75 - [STDERR_REDIRECT] [Fatal Error] :1:1: Premature end of file.
2025-08-15 23:12:42,208 [ERROR] LogOutputStream:75 - [STDERR_REDIRECT] 
2025-08-15 23:12:42,230 [ERROR] LogOutputStream:75 - [STDERR_REDIRECT] [Fatal Error] :1:1: Premature end of file.
2025-08-15 23:12:42,230 [ERROR] LogOutputStream:75 - [STDERR_REDIRECT] 
2025-08-15 23:12:42,251 [ERROR] LogOutputStream:75 - [STDERR_REDIRECT] [Fatal Error] :1:1: Premature end of file.
2025-08-15 23:12:42,251 [ERROR] LogOutputStream:75 - [STDERR_REDIRECT] 
2025-08-15 23:12:42,275 [ERROR] LogOutputStream:75 - [STDERR_REDIRECT] [Fatal Error] :1:1: Premature end of file.
2025-08-15 23:12:42,275 [ERROR] LogOutputStream:75 - [STDERR_REDIRECT] 
2025-08-15 23:12:42,297 [ERROR] LogOutputStream:75 - [STDERR_REDIRECT] [Fatal Error] :1:1: Premature end of file.
2025-08-15 23:12:42,297 [ERROR] LogOutputStream:75 - [STDERR_REDIRECT] 
2025-08-15 23:12:42,318 [ERROR] LogOutputStream:75 - [STDERR_REDIRECT] [Fatal Error] :1:1: Premature end of file.
2025-08-15 23:12:42,318 [ERROR] LogOutputStream:75 - [STDERR_REDIRECT] 
2025-08-15 23:12:42,340 [ERROR] LogOutputStream:75 - [STDERR_REDIRECT] [Fatal Error] :1:1: Premature end of file.
2025-08-15 23:12:42,340 [ERROR] LogOutputStream:75 - [STDERR_REDIRECT] 
2025-08-15 23:12:42,365 [ERROR] LogOutputStream:75 - [STDERR_REDIRECT] [Fatal Error] :1:1: Premature end of file.
2025-08-15 23:12:42,365 [ERROR] LogOutputStream:75 - [STDERR_REDIRECT] 
2025-08-15 23:12:42,389 [ERROR] LogOutputStream:75 - [STDERR_REDIRECT] [Fatal Error] :1:1: Premature end of file.
2025-08-15 23:12:42,389 [ERROR] LogOutputStream:75 - [STDERR_REDIRECT] 
2025-08-15 23:12:42,410 [ERROR] LogOutputStream:75 - [STDERR_REDIRECT] [Fatal Error] :1:1: Premature end of file.
2025-08-15 23:12:42,410 [ERROR] LogOutputStream:75 - [STDERR_REDIRECT] 
2025-08-15 23:12:42,434 [ERROR] LogOutputStream:75 - [STDERR_REDIRECT] [Fatal Error] :1:1: Premature end of file.
2025-08-15 23:12:42,434 [ERROR] LogOutputStream:75 - [STDERR_REDIRECT] 
2025-08-15 23:12:42,458 [ERROR] LogOutputStream:75 - [STDERR_REDIRECT] [Fatal Error] :1:1: Premature end of file.
2025-08-15 23:12:42,458 [ERROR] LogOutputStream:75 - [STDERR_REDIRECT] 
2025-08-15 23:12:42,481 [ERROR] LogOutputStream:75 - [STDERR_REDIRECT] [Fatal Error] :1:1: Premature end of file.
2025-08-15 23:12:42,481 [ERROR] LogOutputStream:75 - [STDERR_REDIRECT] 
2025-08-15 23:12:42,502 [ERROR] LogOutputStream:75 - [STDERR_REDIRECT] [Fatal Error] :1:1: Premature end of file.
2025-08-15 23:12:42,502 [ERROR] LogOutputStream:75 - [STDERR_REDIRECT] 
2025-08-15 23:12:42,524 [ERROR] LogOutputStream:75 - [STDERR_REDIRECT] [Fatal Error] :1:1: Premature end of file.
2025-08-15 23:12:42,524 [ERROR] LogOutputStream:75 - [STDERR_REDIRECT] 
2025-08-15 23:12:42,546 [ERROR] LogOutputStream:75 - [STDERR_REDIRECT] [Fatal Error] :1:1: Premature end of file.
2025-08-15 23:12:42,546 [ERROR] LogOutputStream:75 - [STDERR_REDIRECT] 
2025-08-15 23:12:42,568 [ERROR] LogOutputStream:75 - [STDERR_REDIRECT] [Fatal Error] :1:1: Premature end of file.
2025-08-15 23:12:42,568 [ERROR] LogOutputStream:75 - [STDERR_REDIRECT] 
2025-08-15 23:12:42,590 [ERROR] LogOutputStream:75 - [STDERR_REDIRECT] [Fatal Error] :1:1: Premature end of file.
2025-08-15 23:12:42,590 [ERROR] LogOutputStream:75 - [STDERR_REDIRECT] 
2025-08-15 23:12:42,612 [ERROR] LogOutputStream:75 - [STDERR_REDIRECT] [Fatal Error] :1:1: Premature end of file.
2025-08-15 23:12:42,612 [ERROR] LogOutputStream:75 - [STDERR_REDIRECT] 
2025-08-15 23:12:42,633 [ERROR] LogOutputStream:75 - [STDERR_REDIRECT] [Fatal Error] :1:1: Premature end of file.
2025-08-15 23:12:42,633 [ERROR] LogOutputStream:75 - [STDERR_REDIRECT] 
2025-08-15 23:12:42,655 [ERROR] LogOutputStream:75 - [STDERR_REDIRECT] [Fatal Error] :1:1: Premature end of file.
2025-08-15 23:12:42,655 [ERROR] LogOutputStream:75 - [STDERR_REDIRECT] 
2025-08-15 23:12:42,676 [ERROR] LogOutputStream:75 - [STDERR_REDIRECT] [Fatal Error] :1:1: Premature end of file.
2025-08-15 23:12:42,676 [ERROR] LogOutputStream:75 - [STDERR_REDIRECT] 
2025-08-15 23:12:42,697 [ERROR] LogOutputStream:75 - [STDERR_REDIRECT] [Fatal Error] :1:1: Premature end of file.
2025-08-15 23:12:42,697 [ERROR] LogOutputStream:75 - [STDERR_REDIRECT] 
2025-08-15 23:12:42,718 [ERROR] LogOutputStream:75 - [STDERR_REDIRECT] [Fatal Error] :1:1: Premature end of file.
2025-08-15 23:12:42,718 [ERROR] LogOutputStream:75 - [STDERR_REDIRECT] 
2025-08-15 23:12:42,739 [ERROR] LogOutputStream:75 - [STDERR_REDIRECT] [Fatal Error] :1:1: Premature end of file.
2025-08-15 23:12:42,739 [ERROR] LogOutputStream:75 - [STDERR_REDIRECT] 
2025-08-15 23:12:42,762 [ERROR] LogOutputStream:75 - [STDERR_REDIRECT] [Fatal Error] :1:1: Premature end of file.
2025-08-15 23:12:42,762 [ERROR] LogOutputStream:75 - [STDERR_REDIRECT] 
2025-08-15 23:12:42,783 [ERROR] LogOutputStream:75 - [STDERR_REDIRECT] [Fatal Error] :1:1: Premature end of file.
2025-08-15 23:12:42,783 [ERROR] LogOutputStream:75 - [STDERR_REDIRECT] 
2025-08-15 23:12:42,804 [ERROR] LogOutputStream:75 - [STDERR_REDIRECT] [Fatal Error] :1:1: Premature end of file.
2025-08-15 23:12:42,804 [ERROR] LogOutputStream:75 - [STDERR_REDIRECT] 
2025-08-15 23:12:42,826 [ERROR] LogOutputStream:75 - [STDERR_REDIRECT] [Fatal Error] :1:1: Premature end of file.
2025-08-15 23:12:42,826 [ERROR] LogOutputStream:75 - [STDERR_REDIRECT] 
2025-08-15 23:12:42,848 [ERROR] LogOutputStream:75 - [STDERR_REDIRECT] [Fatal Error] :1:1: Premature end of file.
2025-08-15 23:12:42,848 [ERROR] LogOutputStream:75 - [STDERR_REDIRECT] 
2025-08-15 23:12:42,869 [ERROR] LogOutputStream:75 - [STDERR_REDIRECT] [Fatal Error] :1:1: Premature end of file.
2025-08-15 23:12:42,869 [ERROR] LogOutputStream:75 - [STDERR_REDIRECT] 
2025-08-15 23:12:42,890 [ERROR] LogOutputStream:75 - [STDERR_REDIRECT] [Fatal Error] :1:1: Premature end of file.
2025-08-15 23:12:42,890 [ERROR] LogOutputStream:75 - [STDERR_REDIRECT] 
2025-08-15 23:12:42,911 [ERROR] LogOutputStream:75 - [STDERR_REDIRECT] [Fatal Error] :1:1: Premature end of file.
2025-08-15 23:12:42,911 [ERROR] LogOutputStream:75 - [STDERR_REDIRECT] 
2025-08-15 23:12:42,933 [ERROR] LogOutputStream:75 - [STDERR_REDIRECT] [Fatal Error] :1:1: Premature end of file.
2025-08-15 23:12:42,933 [ERROR] LogOutputStream:75 - [STDERR_REDIRECT] 
2025-08-15 23:12:42,955 [ERROR] LogOutputStream:75 - [STDERR_REDIRECT] [Fatal Error] :1:1: Premature end of file.
2025-08-15 23:12:42,955 [ERROR] LogOutputStream:75 - [STDERR_REDIRECT] 
2025-08-15 23:12:42,976 [ERROR] LogOutputStream:75 - [STDERR_REDIRECT] [Fatal Error] :1:1: Premature end of file.
2025-08-15 23:12:42,976 [ERROR] LogOutputStream:75 - [STDERR_REDIRECT] 
2025-08-15 23:12:42,997 [ERROR] LogOutputStream:75 - [STDERR_REDIRECT] [Fatal Error] :1:1: Premature end of file.
2025-08-15 23:12:42,997 [ERROR] LogOutputStream:75 - [STDERR_REDIRECT] 
2025-08-15 23:12:43,020 [ERROR] LogOutputStream:75 - [STDERR_REDIRECT] [Fatal Error] :1:1: Premature end of file.
2025-08-15 23:12:43,020 [ERROR] LogOutputStream:75 - [STDERR_REDIRECT] 
2025-08-15 23:12:43,042 [ERROR] LogOutputStream:75 - [STDERR_REDIRECT] [Fatal Error] :1:1: Premature end of file.
2025-08-15 23:12:43,042 [ERROR] LogOutputStream:75 - [STDERR_REDIRECT] 
2025-08-15 23:12:43,063 [ERROR] LogOutputStream:75 - [STDERR_REDIRECT] [Fatal Error] :1:1: Premature end of file.
2025-08-15 23:12:43,063 [ERROR] LogOutputStream:75 - [STDERR_REDIRECT] 
2025-08-15 23:12:43,084 [ERROR] LogOutputStream:75 - [STDERR_REDIRECT] [Fatal Error] :1:1: Premature end of file.
2025-08-15 23:12:43,084 [ERROR] LogOutputStream:75 - [STDERR_REDIRECT] 
2025-08-15 23:12:43,107 [ERROR] LogOutputStream:75 - [STDERR_REDIRECT] [Fatal Error] :1:1: Premature end of file.
2025-08-15 23:12:43,107 [ERROR] LogOutputStream:75 - [STDERR_REDIRECT] 
2025-08-15 23:12:43,130 [ERROR] LogOutputStream:75 - [STDERR_REDIRECT] [Fatal Error] :1:1: Premature end of file.
2025-08-15 23:12:43,130 [ERROR] LogOutputStream:75 - [STDERR_REDIRECT] 
2025-08-15 23:12:43,157 [ERROR] LogOutputStream:75 - [STDERR_REDIRECT] [Fatal Error] :1:1: Premature end of file.
2025-08-15 23:12:43,158 [ERROR] LogOutputStream:75 - [STDERR_REDIRECT] 
2025-08-15 23:12:43,179 [ERROR] LogOutputStream:75 - [STDERR_REDIRECT] [Fatal Error] :1:1: Premature end of file.
2025-08-15 23:12:43,180 [ERROR] LogOutputStream:75 - [STDERR_REDIRECT] 
2025-08-15 23:12:43,201 [ERROR] LogOutputStream:75 - [STDERR_REDIRECT] [Fatal Error] :1:1: Premature end of file.
2025-08-15 23:12:43,201 [ERROR] LogOutputStream:75 - [STDERR_REDIRECT] 
2025-08-15 23:12:43,223 [ERROR] LogOutputStream:75 - [STDERR_REDIRECT] [Fatal Error] :1:1: Premature end of file.
2025-08-15 23:12:43,223 [ERROR] LogOutputStream:75 - [STDERR_REDIRECT] 
2025-08-15 23:12:43,246 [ERROR] LogOutputStream:75 - [STDERR_REDIRECT] [Fatal Error] :1:1: Premature end of file.
2025-08-15 23:12:43,246 [ERROR] LogOutputStream:75 - [STDERR_REDIRECT] 
2025-08-15 23:12:43,273 [ERROR] LogOutputStream:75 - [STDERR_REDIRECT] [Fatal Error] :1:1: Premature end of file.
2025-08-15 23:12:43,273 [ERROR] LogOutputStream:75 - [STDERR_REDIRECT] 
2025-08-15 23:12:43,301 [ERROR] LogOutputStream:75 - [STDERR_REDIRECT] [Fatal Error] :1:1: Premature end of file.
2025-08-15 23:12:43,302 [ERROR] LogOutputStream:75 - [STDERR_REDIRECT] 
2025-08-15 23:12:43,331 [ERROR] LogOutputStream:75 - [STDERR_REDIRECT] [Fatal Error] :1:1: Premature end of file.
2025-08-15 23:12:43,331 [ERROR] LogOutputStream:75 - [STDERR_REDIRECT] 
2025-08-15 23:12:43,355 [ERROR] LogOutputStream:75 - [STDERR_REDIRECT] [Fatal Error] :1:1: Premature end of file.
2025-08-15 23:12:43,356 [ERROR] LogOutputStream:75 - [STDERR_REDIRECT] 
2025-08-15 23:12:43,379 [ERROR] LogOutputStream:75 - [STDERR_REDIRECT] [Fatal Error] :1:1: Premature end of file.
2025-08-15 23:12:43,380 [ERROR] LogOutputStream:75 - [STDERR_REDIRECT] 
2025-08-15 23:12:43,404 [ERROR] LogOutputStream:75 - [STDERR_REDIRECT] [Fatal Error] :1:1: Premature end of file.
2025-08-15 23:12:43,404 [ERROR] LogOutputStream:75 - [STDERR_REDIRECT] 
2025-08-15 23:12:43,430 [ERROR] LogOutputStream:75 - [STDERR_REDIRECT] [Fatal Error] :1:1: Premature end of file.
2025-08-15 23:12:43,430 [ERROR] LogOutputStream:75 - [STDERR_REDIRECT] 
2025-08-15 23:12:43,454 [ERROR] LogOutputStream:75 - [STDERR_REDIRECT] [Fatal Error] :1:1: Premature end of file.
2025-08-15 23:12:43,454 [ERROR] LogOutputStream:75 - [STDERR_REDIRECT] 
2025-08-15 23:12:43,480 [ERROR] LogOutputStream:75 - [STDERR_REDIRECT] [Fatal Error] :1:1: Premature end of file.
2025-08-15 23:12:43,480 [ERROR] LogOutputStream:75 - [STDERR_REDIRECT] 
2025-08-15 23:12:43,505 [ERROR] LogOutputStream:75 - [STDERR_REDIRECT] [Fatal Error] :1:1: Premature end of file.
2025-08-15 23:12:43,505 [ERROR] LogOutputStream:75 - [STDERR_REDIRECT] 
2025-08-15 23:12:43,530 [ERROR] LogOutputStream:75 - [STDERR_REDIRECT] [Fatal Error] :1:1: Premature end of file.
2025-08-15 23:12:43,530 [ERROR] LogOutputStream:75 - [STDERR_REDIRECT] 
2025-08-15 23:12:43,556 [ERROR] LogOutputStream:75 - [STDERR_REDIRECT] [Fatal Error] :1:1: Premature end of file.
2025-08-15 23:12:43,556 [ERROR] LogOutputStream:75 - [STDERR_REDIRECT] 
2025-08-15 23:12:43,581 [ERROR] LogOutputStream:75 - [STDERR_REDIRECT] [Fatal Error] :1:1: Premature end of file.
2025-08-15 23:12:43,581 [ERROR] LogOutputStream:75 - [STDERR_REDIRECT] 
2025-08-15 23:12:43,607 [ERROR] LogOutputStream:75 - [STDERR_REDIRECT] [Fatal Error] :1:1: Premature end of file.
2025-08-15 23:12:43,608 [ERROR] LogOutputStream:75 - [STDERR_REDIRECT] 
2025-08-15 23:12:43,633 [ERROR] LogOutputStream:75 - [STDERR_REDIRECT] [Fatal Error] :1:1: Premature end of file.
2025-08-15 23:12:43,633 [ERROR] LogOutputStream:75 - [STDERR_REDIRECT] 
2025-08-15 23:12:43,655 [ERROR] LogOutputStream:75 - [STDERR_REDIRECT] [Fatal Error] :1:1: Premature end of file.
2025-08-15 23:12:43,655 [ERROR] LogOutputStream:75 - [STDERR_REDIRECT] 
2025-08-15 23:12:43,677 [ERROR] LogOutputStream:75 - [STDERR_REDIRECT] [Fatal Error] :1:1: Premature end of file.
2025-08-15 23:12:43,677 [ERROR] LogOutputStream:75 - [STDERR_REDIRECT] 
2025-08-15 23:12:43,698 [ERROR] LogOutputStream:75 - [STDERR_REDIRECT] [Fatal Error] :1:1: Premature end of file.
2025-08-15 23:12:43,698 [ERROR] LogOutputStream:75 - [STDERR_REDIRECT] 
2025-08-15 23:12:43,719 [ERROR] LogOutputStream:75 - [STDERR_REDIRECT] [Fatal Error] :1:1: Premature end of file.
2025-08-15 23:12:43,720 [ERROR] LogOutputStream:75 - [STDERR_REDIRECT] 
2025-08-15 23:12:43,740 [ERROR] LogOutputStream:75 - [STDERR_REDIRECT] [Fatal Error] :1:1: Premature end of file.
2025-08-15 23:12:43,740 [ERROR] LogOutputStream:75 - [STDERR_REDIRECT] 
2025-08-15 23:12:43,763 [ERROR] LogOutputStream:75 - [STDERR_REDIRECT] [Fatal Error] :1:1: Premature end of file.
2025-08-15 23:12:43,763 [ERROR] LogOutputStream:75 - [STDERR_REDIRECT] 
2025-08-15 23:12:43,784 [ERROR] LogOutputStream:75 - [STDERR_REDIRECT] [Fatal Error] :1:1: Premature end of file.
2025-08-15 23:12:43,784 [ERROR] LogOutputStream:75 - [STDERR_REDIRECT] 
2025-08-15 23:12:43,804 [ERROR] LogOutputStream:75 - [STDERR_REDIRECT] [Fatal Error] :1:1: Premature end of file.
2025-08-15 23:12:43,804 [ERROR] LogOutputStream:75 - [STDERR_REDIRECT] 
2025-08-15 23:12:43,826 [ERROR] LogOutputStream:75 - [STDERR_REDIRECT] [Fatal Error] :1:1: Premature end of file.
2025-08-15 23:12:43,826 [ERROR] LogOutputStream:75 - [STDERR_REDIRECT] 
2025-08-15 23:12:43,847 [ERROR] LogOutputStream:75 - [STDERR_REDIRECT] [Fatal Error] :1:1: Premature end of file.
2025-08-15 23:12:43,847 [ERROR] LogOutputStream:75 - [STDERR_REDIRECT] 
2025-08-15 23:12:43,868 [ERROR] LogOutputStream:75 - [STDERR_REDIRECT] [Fatal Error] :1:1: Premature end of file.
2025-08-15 23:12:43,868 [ERROR] LogOutputStream:75 - [STDERR_REDIRECT] 
2025-08-15 23:12:43,889 [ERROR] LogOutputStream:75 - [STDERR_REDIRECT] [Fatal Error] :1:1: Premature end of file.
2025-08-15 23:12:43,890 [ERROR] LogOutputStream:75 - [STDERR_REDIRECT] 
2025-08-15 23:12:43,911 [ERROR] LogOutputStream:75 - [STDERR_REDIRECT] [Fatal Error] :1:1: Premature end of file.
2025-08-15 23:12:43,911 [ERROR] LogOutputStream:75 - [STDERR_REDIRECT] 
2025-08-15 23:12:43,934 [ERROR] LogOutputStream:75 - [STDERR_REDIRECT] [Fatal Error] :1:1: Premature end of file.
2025-08-15 23:12:43,934 [ERROR] LogOutputStream:75 - [STDERR_REDIRECT] 
2025-08-15 23:12:43,954 [ERROR] LogOutputStream:75 - [STDERR_REDIRECT] [Fatal Error] :1:1: Premature end of file.
2025-08-15 23:12:43,954 [ERROR] LogOutputStream:75 - [STDERR_REDIRECT] 
2025-08-15 23:12:43,976 [ERROR] LogOutputStream:75 - [STDERR_REDIRECT] [Fatal Error] :1:1: Premature end of file.
2025-08-15 23:12:43,976 [ERROR] LogOutputStream:75 - [STDERR_REDIRECT] 
2025-08-15 23:12:43,997 [ERROR] LogOutputStream:75 - [STDERR_REDIRECT] [Fatal Error] :1:1: Premature end of file.
2025-08-15 23:12:43,997 [ERROR] LogOutputStream:75 - [STDERR_REDIRECT] 
2025-08-15 23:12:44,018 [ERROR] LogOutputStream:75 - [STDERR_REDIRECT] [Fatal Error] :1:1: Premature end of file.
2025-08-15 23:12:44,018 [ERROR] LogOutputStream:75 - [STDERR_REDIRECT] 
2025-08-15 23:12:44,039 [ERROR] LogOutputStream:75 - [STDERR_REDIRECT] [Fatal Error] :1:1: Premature end of file.
2025-08-15 23:12:44,039 [ERROR] LogOutputStream:75 - [STDERR_REDIRECT] 
2025-08-15 23:12:44,059 [ERROR] LogOutputStream:75 - [STDERR_REDIRECT] [Fatal Error] :1:1: Premature end of file.
2025-08-15 23:12:44,059 [ERROR] LogOutputStream:75 - [STDERR_REDIRECT] 
2025-08-15 23:12:44,081 [ERROR] LogOutputStream:75 - [STDERR_REDIRECT] [Fatal Error] :1:1: Premature end of file.
2025-08-15 23:12:44,081 [ERROR] LogOutputStream:75 - [STDERR_REDIRECT] 
2025-08-15 23:12:44,103 [ERROR] LogOutputStream:75 - [STDERR_REDIRECT] [Fatal Error] :1:1: Premature end of file.
2025-08-15 23:12:44,103 [ERROR] LogOutputStream:75 - [STDERR_REDIRECT] 
2025-08-15 23:12:44,126 [ERROR] LogOutputStream:75 - [STDERR_REDIRECT] [Fatal Error] :1:1: Premature end of file.
2025-08-15 23:12:44,126 [ERROR] LogOutputStream:75 - [STDERR_REDIRECT] 
2025-08-15 23:12:44,146 [ERROR] LogOutputStream:75 - [STDERR_REDIRECT] [Fatal Error] :1:1: Premature end of file.
2025-08-15 23:12:44,146 [ERROR] LogOutputStream:75 - [STDERR_REDIRECT] 
2025-08-15 23:12:44,167 [ERROR] LogOutputStream:75 - [STDERR_REDIRECT] [Fatal Error] :1:1: Premature end of file.
2025-08-15 23:12:44,167 [ERROR] LogOutputStream:75 - [STDERR_REDIRECT] 
2025-08-15 23:12:44,189 [ERROR] LogOutputStream:75 - [STDERR_REDIRECT] [Fatal Error] :1:1: Premature end of file.
2025-08-15 23:12:44,189 [ERROR] LogOutputStream:75 - [STDERR_REDIRECT] 
2025-08-15 23:12:44,211 [ERROR] LogOutputStream:75 - [STDERR_REDIRECT] [Fatal Error] :1:1: Premature end of file.
2025-08-15 23:12:44,211 [ERROR] LogOutputStream:75 - [STDERR_REDIRECT] 
2025-08-15 23:12:44,232 [ERROR] LogOutputStream:75 - [STDERR_REDIRECT] [Fatal Error] :1:1: Premature end of file.
2025-08-15 23:12:44,232 [ERROR] LogOutputStream:75 - [STDERR_REDIRECT] 
2025-08-15 23:12:44,254 [ERROR] LogOutputStream:75 - [STDERR_REDIRECT] [Fatal Error] :1:1: Premature end of file.
2025-08-15 23:12:44,254 [ERROR] LogOutputStream:75 - [STDERR_REDIRECT] 
2025-08-15 23:12:44,280 [ERROR] LogOutputStream:75 - [STDERR_REDIRECT] [Fatal Error] :1:1: Premature end of file.
2025-08-15 23:12:44,280 [ERROR] LogOutputStream:75 - [STDERR_REDIRECT] 
2025-08-15 23:12:44,301 [ERROR] LogOutputStream:75 - [STDERR_REDIRECT] [Fatal Error] :1:1: Premature end of file.
2025-08-15 23:12:44,301 [ERROR] LogOutputStream:75 - [STDERR_REDIRECT] 
2025-08-15 23:12:44,323 [ERROR] LogOutputStream:75 - [STDERR_REDIRECT] [Fatal Error] :1:1: Premature end of file.
2025-08-15 23:12:44,323 [ERROR] LogOutputStream:75 - [STDERR_REDIRECT] 
2025-08-15 23:12:44,343 [ERROR] LogOutputStream:75 - [STDERR_REDIRECT] [Fatal Error] :1:1: Premature end of file.
2025-08-15 23:12:44,343 [ERROR] LogOutputStream:75 - [STDERR_REDIRECT] 
2025-08-15 23:12:44,364 [ERROR] LogOutputStream:75 - [STDERR_REDIRECT] [Fatal Error] :1:1: Premature end of file.
2025-08-15 23:12:44,364 [ERROR] LogOutputStream:75 - [STDERR_REDIRECT] 
2025-08-15 23:12:44,385 [ERROR] LogOutputStream:75 - [STDERR_REDIRECT] [Fatal Error] :1:1: Premature end of file.
2025-08-15 23:12:44,385 [ERROR] LogOutputStream:75 - [STDERR_REDIRECT] 
2025-08-15 23:12:44,406 [ERROR] LogOutputStream:75 - [STDERR_REDIRECT] [Fatal Error] :1:1: Premature end of file.
2025-08-15 23:12:44,406 [ERROR] LogOutputStream:75 - [STDERR_REDIRECT] 
2025-08-15 23:12:44,428 [ERROR] LogOutputStream:75 - [STDERR_REDIRECT] [Fatal Error] :1:1: Premature end of file.
2025-08-15 23:12:44,429 [ERROR] LogOutputStream:75 - [STDERR_REDIRECT] 
2025-08-15 23:12:44,450 [ERROR] LogOutputStream:75 - [STDERR_REDIRECT] [Fatal Error] :1:1: Premature end of file.
2025-08-15 23:12:44,450 [ERROR] LogOutputStream:75 - [STDERR_REDIRECT] 
2025-08-15 23:12:44,472 [ERROR] LogOutputStream:75 - [STDERR_REDIRECT] [Fatal Error] :1:1: Premature end of file.
2025-08-15 23:12:44,472 [ERROR] LogOutputStream:75 - [STDERR_REDIRECT] 
2025-08-15 23:12:44,493 [ERROR] LogOutputStream:75 - [STDERR_REDIRECT] [Fatal Error] :1:1: Premature end of file.
2025-08-15 23:12:44,493 [ERROR] LogOutputStream:75 - [STDERR_REDIRECT] 
2025-08-15 23:12:44,514 [ERROR] LogOutputStream:75 - [STDERR_REDIRECT] [Fatal Error] :1:1: Premature end of file.
2025-08-15 23:12:44,515 [ERROR] LogOutputStream:75 - [STDERR_REDIRECT] 
2025-08-15 23:12:44,536 [ERROR] LogOutputStream:75 - [STDERR_REDIRECT] [Fatal Error] :1:1: Premature end of file.
2025-08-15 23:12:44,536 [ERROR] LogOutputStream:75 - [STDERR_REDIRECT] 
2025-08-15 23:12:44,558 [ERROR] LogOutputStream:75 - [STDERR_REDIRECT] [Fatal Error] :1:1: Premature end of file.
2025-08-15 23:12:44,558 [ERROR] LogOutputStream:75 - [STDERR_REDIRECT] 
2025-08-15 23:12:44,579 [ERROR] LogOutputStream:75 - [STDERR_REDIRECT] [Fatal Error] :1:1: Premature end of file.
2025-08-15 23:12:44,580 [ERROR] LogOutputStream:75 - [STDERR_REDIRECT] 
2025-08-15 23:12:44,602 [ERROR] LogOutputStream:75 - [STDERR_REDIRECT] [Fatal Error] :1:1: Premature end of file.
2025-08-15 23:12:44,602 [ERROR] LogOutputStream:75 - [STDERR_REDIRECT] 
2025-08-15 23:12:44,624 [ERROR] LogOutputStream:75 - [STDERR_REDIRECT] [Fatal Error] :1:1: Premature end of file.
2025-08-15 23:12:44,624 [ERROR] LogOutputStream:75 - [STDERR_REDIRECT] 
2025-08-15 23:12:44,645 [ERROR] LogOutputStream:75 - [STDERR_REDIRECT] [Fatal Error] :1:1: Premature end of file.
2025-08-15 23:12:44,646 [ERROR] LogOutputStream:75 - [STDERR_REDIRECT] 
2025-08-15 23:12:44,666 [ERROR] LogOutputStream:75 - [STDERR_REDIRECT] [Fatal Error] :1:1: Premature end of file.
2025-08-15 23:12:44,666 [ERROR] LogOutputStream:75 - [STDERR_REDIRECT] 
2025-08-15 23:12:44,687 [ERROR] LogOutputStream:75 - [STDERR_REDIRECT] [Fatal Error] :1:1: Premature end of file.
2025-08-15 23:12:44,687 [ERROR] LogOutputStream:75 - [STDERR_REDIRECT] 
2025-08-15 23:12:44,708 [ERROR] LogOutputStream:75 - [STDERR_REDIRECT] [Fatal Error] :1:1: Premature end of file.
2025-08-15 23:12:44,709 [ERROR] LogOutputStream:75 - [STDERR_REDIRECT] 
2025-08-15 23:12:44,731 [ERROR] LogOutputStream:75 - [STDERR_REDIRECT] [Fatal Error] :1:1: Premature end of file.
2025-08-15 23:12:44,731 [ERROR] LogOutputStream:75 - [STDERR_REDIRECT] 
2025-08-15 23:12:44,758 [ERROR] LogOutputStream:75 - [STDERR_REDIRECT] [Fatal Error] :1:1: Premature end of file.
2025-08-15 23:12:44,758 [ERROR] LogOutputStream:75 - [STDERR_REDIRECT] 
2025-08-15 23:12:44,784 [ERROR] LogOutputStream:75 - [STDERR_REDIRECT] [Fatal Error] :1:1: Premature end of file.
2025-08-15 23:12:44,784 [ERROR] LogOutputStream:75 - [STDERR_REDIRECT] 
2025-08-15 23:12:44,800 [ERROR] ConfigurationRetriever:142 - IOException on connection: sw-center.st.com
2025-08-15 23:12:44,801 [ERROR] ConfigurationRetriever:142 - IOException on connection: sw-center.st.com
2025-08-15 23:12:44,801 [ERROR] ConfigurationRetriever:142 - IOException on connection: sw-center.st.com
2025-08-15 23:12:44,808 [ERROR] LogOutputStream:75 - [STDERR_REDIRECT] [Fatal Error] :1:1: Premature end of file.
2025-08-15 23:12:44,808 [ERROR] LogOutputStream:75 - [STDERR_REDIRECT] 
2025-08-15 23:12:44,832 [ERROR] LogOutputStream:75 - [STDERR_REDIRECT] [Fatal Error] :1:1: Premature end of file.
2025-08-15 23:12:44,832 [ERROR] LogOutputStream:75 - [STDERR_REDIRECT] 
2025-08-15 23:12:44,860 [ERROR] LogOutputStream:75 - [STDERR_REDIRECT] [Fatal Error] :1:1: Premature end of file.
2025-08-15 23:12:44,860 [ERROR] LogOutputStream:75 - [STDERR_REDIRECT] 
2025-08-15 23:12:44,883 [ERROR] LogOutputStream:75 - [STDERR_REDIRECT] [Fatal Error] :1:1: Premature end of file.
2025-08-15 23:12:44,884 [ERROR] LogOutputStream:75 - [STDERR_REDIRECT] 
2025-08-15 23:12:44,910 [ERROR] LogOutputStream:75 - [STDERR_REDIRECT] [Fatal Error] :1:1: Premature end of file.
2025-08-15 23:12:44,910 [ERROR] LogOutputStream:75 - [STDERR_REDIRECT] 
2025-08-15 23:12:44,935 [ERROR] LogOutputStream:75 - [STDERR_REDIRECT] [Fatal Error] :1:1: Premature end of file.
2025-08-15 23:12:44,935 [ERROR] LogOutputStream:75 - [STDERR_REDIRECT] 
2025-08-15 23:12:44,963 [ERROR] LogOutputStream:75 - [STDERR_REDIRECT] [Fatal Error] :1:1: Premature end of file.
2025-08-15 23:12:44,964 [ERROR] LogOutputStream:75 - [STDERR_REDIRECT] 
2025-08-15 23:12:44,992 [ERROR] LogOutputStream:75 - [STDERR_REDIRECT] [Fatal Error] :1:1: Premature end of file.
2025-08-15 23:12:44,992 [ERROR] LogOutputStream:75 - [STDERR_REDIRECT] 
2025-08-15 23:12:45,022 [ERROR] LogOutputStream:75 - [STDERR_REDIRECT] [Fatal Error] :1:1: Premature end of file.
2025-08-15 23:12:45,022 [ERROR] LogOutputStream:75 - [STDERR_REDIRECT] 
2025-08-15 23:12:45,051 [ERROR] LogOutputStream:75 - [STDERR_REDIRECT] [Fatal Error] :1:1: Premature end of file.
2025-08-15 23:12:45,051 [ERROR] LogOutputStream:75 - [STDERR_REDIRECT] 
2025-08-15 23:12:45,077 [ERROR] LogOutputStream:75 - [STDERR_REDIRECT] [Fatal Error] :1:1: Premature end of file.
2025-08-15 23:12:45,077 [ERROR] LogOutputStream:75 - [STDERR_REDIRECT] 
2025-08-15 23:12:45,110 [ERROR] LogOutputStream:75 - [STDERR_REDIRECT] [Fatal Error] :1:1: Premature end of file.
2025-08-15 23:12:45,111 [ERROR] LogOutputStream:75 - [STDERR_REDIRECT] 
2025-08-15 23:12:45,147 [ERROR] LogOutputStream:75 - [STDERR_REDIRECT] [Fatal Error] :1:1: Premature end of file.
2025-08-15 23:12:45,148 [ERROR] LogOutputStream:75 - [STDERR_REDIRECT] 
2025-08-15 23:12:45,183 [ERROR] LogOutputStream:75 - [STDERR_REDIRECT] [Fatal Error] :1:1: Premature end of file.
2025-08-15 23:12:45,183 [ERROR] LogOutputStream:75 - [STDERR_REDIRECT] 
2025-08-15 23:12:45,220 [ERROR] LogOutputStream:75 - [STDERR_REDIRECT] [Fatal Error] :1:1: Premature end of file.
2025-08-15 23:12:45,220 [ERROR] LogOutputStream:75 - [STDERR_REDIRECT] 
2025-08-15 23:12:45,255 [ERROR] LogOutputStream:75 - [STDERR_REDIRECT] [Fatal Error] :1:1: Premature end of file.
2025-08-15 23:12:45,255 [ERROR] LogOutputStream:75 - [STDERR_REDIRECT] 
2025-08-15 23:12:45,293 [ERROR] LogOutputStream:75 - [STDERR_REDIRECT] [Fatal Error] :1:1: Premature end of file.
2025-08-15 23:12:45,293 [ERROR] LogOutputStream:75 - [STDERR_REDIRECT] 
2025-08-15 23:12:45,340 [ERROR] LogOutputStream:75 - [STDERR_REDIRECT] [Fatal Error] :1:1: Premature end of file.
2025-08-15 23:12:45,341 [ERROR] LogOutputStream:75 - [STDERR_REDIRECT] 
2025-08-15 23:12:45,379 [ERROR] LogOutputStream:75 - [STDERR_REDIRECT] [Fatal Error] :1:1: Premature end of file.
2025-08-15 23:12:45,379 [ERROR] LogOutputStream:75 - [STDERR_REDIRECT] 
2025-08-15 23:12:45,425 [ERROR] LogOutputStream:75 - [STDERR_REDIRECT] [Fatal Error] :1:1: Premature end of file.
2025-08-15 23:12:45,426 [ERROR] LogOutputStream:75 - [STDERR_REDIRECT] 
2025-08-15 23:12:45,463 [ERROR] LogOutputStream:75 - [STDERR_REDIRECT] [Fatal Error] :1:1: Premature end of file.
2025-08-15 23:12:45,464 [ERROR] LogOutputStream:75 - [STDERR_REDIRECT] 
2025-08-15 23:12:45,492 [ERROR] LogOutputStream:75 - [STDERR_REDIRECT] [Fatal Error] :1:1: Premature end of file.
2025-08-15 23:12:45,493 [ERROR] LogOutputStream:75 - [STDERR_REDIRECT] 
2025-08-15 23:12:45,528 [ERROR] LogOutputStream:75 - [STDERR_REDIRECT] [Fatal Error] :1:1: Premature end of file.
2025-08-15 23:12:45,529 [ERROR] LogOutputStream:75 - [STDERR_REDIRECT] 
2025-08-15 23:12:45,570 [ERROR] LogOutputStream:75 - [STDERR_REDIRECT] [Fatal Error] :1:1: Premature end of file.
2025-08-15 23:12:45,570 [ERROR] LogOutputStream:75 - [STDERR_REDIRECT] 
2025-08-15 23:12:45,607 [ERROR] LogOutputStream:75 - [STDERR_REDIRECT] [Fatal Error] :1:1: Premature end of file.
2025-08-15 23:12:45,607 [ERROR] LogOutputStream:75 - [STDERR_REDIRECT] 
2025-08-15 23:12:45,646 [ERROR] LogOutputStream:75 - [STDERR_REDIRECT] [Fatal Error] :1:1: Premature end of file.
2025-08-15 23:12:45,647 [ERROR] LogOutputStream:75 - [STDERR_REDIRECT] 
2025-08-15 23:12:45,691 [ERROR] LogOutputStream:75 - [STDERR_REDIRECT] [Fatal Error] :1:1: Premature end of file.
2025-08-15 23:12:45,691 [ERROR] LogOutputStream:75 - [STDERR_REDIRECT] 
2025-08-15 23:12:45,729 [ERROR] LogOutputStream:75 - [STDERR_REDIRECT] [Fatal Error] :1:1: Premature end of file.
2025-08-15 23:12:45,730 [ERROR] LogOutputStream:75 - [STDERR_REDIRECT] 
2025-08-15 23:12:45,734 [ERROR] LogOutputStream:75 - [STDERR_REDIRECT] Exception in thread "Serial Ports Filter" java.lang.NullPointerException: Cannot invoke "org.eclipse.core.resources.ResourcesPlugin.getLog()" because the return value of "org.eclipse.core.resources.ResourcesPlugin.getPlugin()" is null
2025-08-15 23:12:45,736 [ERROR] LogOutputStream:75 - [STDERR_REDIRECT] 	at com.st.stm32cube.common.logger.MCULoggerPlugin.log(MCULoggerPlugin.java:84)
2025-08-15 23:12:45,737 [ERROR] LogOutputStream:75 - [STDERR_REDIRECT] 	at com.st.stm32cube.common.logger.MCULoggerPlugin.logException(MCULoggerPlugin.java:116)
2025-08-15 23:12:45,739 [ERROR] LogOutputStream:75 - [STDERR_REDIRECT] 	at com.st.stm32cube.ide.mpu.remote.serial.internal.SerialPortProviderWindows.run(SerialPortProviderWindows.java:156)
2025-08-15 23:12:45,740 [ERROR] LogOutputStream:75 - [STDERR_REDIRECT] 	at java.base/java.util.TimerThread.mainLoop(Timer.java:566)
2025-08-15 23:12:45,741 [ERROR] LogOutputStream:75 - [STDERR_REDIRECT] 	at java.base/java.util.TimerThread.run(Timer.java:516)
2025-08-15 23:12:45,776 [ERROR] LogOutputStream:75 - [STDERR_REDIRECT] 
